사고번호,사고일시,요일,시군구,사고내용,사망자수,중상자수,경상자수,부상신고자수,사고유형,법규위반,노면상태,기상상태,도로형태,가해운전자 차종,가해운전자 성별,가해운전자 연령,가해운전자 상해정도,피해운전자 차종,피해운전자 성별,피해운전자 연령,피해운전자 상해정도
2017032300100393,2017년 3월 23일 18시,목요일,서울특별시 송파구 거여동,경상사고,0,0,1,0,차대차 - 측면충돌,안전운전불이행,포장 - 건조,맑음,교차로 - 교차로부근,자전거,남,44세,경상,승용,여,39세,상해없음
2017032300100433,2017년 3월 23일 19시,목요일,서울특별시 도봉구 방학동,중상사고,0,1,1,0,차대사람 - 횡단중,신호위반,포장 - 건조,맑음,교차로 - 교차로부근,자전거,남,14세,경상,보행자,여,55세,중상
2017032400100295,2017년 3월 24일 14시,금요일,서울특별시 성동구 성수동2가,중상사고,0,1,0,0,차대차 - 측면충돌,차로위반,포장 - 건조,맑음,단일로 - 기타,자전거,남,62세,중상,승용,여,30세,상해없음
2017032400100326,2017년 3월 24일 15시,금요일,서울특별시 송파구 오금동,부상신고사고,0,0,0,1,차대차 - 정면충돌,안전운전불이행,포장 - 건조,맑음,단일로 - 기타,자전거,남,49세,부상신고,승용,여,47세,상해없음
2017032500100423,2017년 3월 25일 19시,토요일,서울특별시 성동구 행당동,경상사고,0,0,1,0,차대차 - 추돌,안전운전불이행,포장 - 건조,맑음,교차로 - 교차로부근,자전거,남,22세,경상,승용,남,51세,상해없음
2017032500100506,2017년 3월 25일 21시,토요일,서울특별시 중구 태평로2가,중상사고,0,1,0,0,차대차 - 측면충돌,안전운전불이행,포장 - 건조,맑음,교차로 - 교차로안,자전거,남,52세,중상,승합,남,50세,상해없음
2017032600100109,2017년 3월 26일 09시,일요일,서울특별시 구로구 구로동,경상사고,0,0,1,0,차대차 - 측면충돌,안전운전불이행,포장 - 건조,맑음,교차로 - 교차로부근,자전거,여,70세,경상,승용,여,66세,상해없음
2017032600100122,2017년 3월 26일 10시,일요일,서울특별시 은평구 응암동,경상사고,0,0,1,0,차대차 - 측면충돌,안전운전불이행,포장 - 건조,맑음,교차로 - 교차로안,자전거,여,69세,경상,승용,남,26세,상해없음
2017032600100140,2017년 3월 26일 11시,일요일,서울특별시 강서구 공항동,부상신고사고,0,0,0,1,차대차 - 측면충돌,중앙선침범,포장 - 건조,맑음,교차로 - 교차로안,자전거,남,82세,부상신고,승용,여,44세,상해없음
2017032600100205,2017년 3월 26일 14시,일요일,서울특별시 영등포구 양화동,경상사고,0,0,1,0,차대차 - 측면충돌,안전운전불이행,포장 - 건조,맑음,단일로 - 기타,자전거,남,34세,상해없음,자전거,남,30세,경상
2017032600100297,2017년 3월 26일 18시,일요일,서울특별시 영등포구 문래동4가,부상신고사고,0,0,0,1,차대차 - 정면충돌,안전운전불이행,포장 - 건조,맑음,교차로 - 교차로안,자전거,남,26세,부상신고,승용,남,47세,상해없음
2017032700100127,2017년 3월 27일 09시,월요일,서울특별시 양천구 목동,중상사고,0,1,0,0,차대차 - 기타,안전거리미확보,포장 - 건조,맑음,기타 - 기타,자전거,남,79세,중상,승용,남,46세,상해없음
2017032700100287,2017년 3월 27일 15시,월요일,서울특별시 노원구 상계동,경상사고,0,0,1,0,차대차 - 측면충돌,안전거리미확보,포장 - 젖음/습기,비,교차로 - 교차로안,자전거,남,78세,경상,승용,여,40세,상해없음
2017032700100311,2017년 3월 27일 16시,월요일,서울특별시 중랑구 면목동,부상신고사고,0,0,0,1,차대차 - 측면충돌,교차로운행방법위반,포장 - 건조,맑음,교차로 - 교차로안,자전거,남,66세,부상신고,승용,남,55세,상해없음
2017032700100355,2017년 3월 27일 17시,월요일,서울특별시 동작구 상도동,부상신고사고,0,0,0,1,차대차 - 기타,안전운전불이행,포장 - 건조,맑음,단일로 - 기타,자전거,남,24세,부상신고,승합,남,31세,상해없음
2017032700100495,2017년 3월 27일 22시,월요일,서울특별시 금천구 독산동,경상사고,0,0,1,0,차대차 - 기타,안전운전불이행,포장 - 건조,맑음,단일로 - 기타,자전거,남,49세,상해없음,승합,남,57세,상해없음
2017032800100194,2017년 3월 28일 11시,화요일,서울특별시 동작구 흑석동,부상신고사고,0,0,0,1,차대사람 - 길가장자리구역통행중,안전운전불이행,포장 - 건조,맑음,단일로 - 기타,자전거,남,66세,상해없음,보행자,여,75세,부상신고
2017032800100227,2017년 3월 28일 12시,화요일,서울특별시 서초구 반포동,경상사고,0,0,1,0,차대차 - 추돌,안전운전불이행,포장 - 건조,맑음,단일로 - 기타,자전거,남,62세,상해없음,자전거,남,32세,경상
2017032800100243,2017년 3월 28일 13시,화요일,서울특별시 관악구 신림동,부상신고사고,0,0,0,1,차대차 - 측면충돌,중앙선침범,포장 - 건조,맑음,단일로 - 기타,자전거,남,31세,부상신고,화물,남,49세,상해없음
2017032800100412,2017년 3월 28일 19시,화요일,서울특별시 강북구 미아동,경상사고,0,0,1,0,차대차 - 기타,중앙선침범,포장 - 건조,흐림,단일로 - 기타,자전거,여,44세,경상,승용,여,48세,상해없음
2017032900100263,2017년 3월 29일 14시,수요일,서울특별시 광진구 구의동,부상신고사고,0,0,0,1,차대사람 - 횡단중,기타,포장 - 건조,맑음,단일로 - 기타,자전거,남,35세,상해없음,보행자,여,73세,부상신고
2017032900100288,2017년 3월 29일 15시,수요일,서울특별시 송파구 석촌동,부상신고사고,0,0,0,1,차대차 - 측면충돌,안전운전불이행,포장 - 건조,맑음,교차로 - 교차로안,자전거,여,44세,부상신고,승용,여,35세,상해없음
2017032900100486,2017년 3월 29일 21시,수요일,서울특별시 성동구 행당동,부상신고사고,0,0,0,1,차대차 - 추돌,안전운전불이행,포장 - 건조,맑음,단일로 - 기타,자전거,남,14세,상해없음,승용,남,59세,상해없음
2017032900100518,2017년 3월 29일 22시,수요일,서울특별시 중랑구 면목동,경상사고,0,0,1,0,차대차 - 정면충돌,중앙선침범,포장 - 건조,맑음,단일로 - 기타,자전거,여,25세,경상,승용,남,44세,상해없음
2017032900100521,2017년 3월 29일 22시,수요일,서울특별시 구로구 구로동,경상사고,0,0,1,0,차대차 - 기타,안전운전불이행,포장 - 건조,맑음,교차로 - 교차로안,자전거,여,15세,상해없음,승용,여,26세,경상
2017033000100119,2017년 3월 30일 08시,목요일,서울특별시 동대문구 답십리동,경상사고,0,0,1,0,차대사람 - 기타,안전운전불이행,포장 - 건조,맑음,단일로 - 기타,자전거,남,44세,상해없음,보행자,여,8세,경상
2017033000100332,2017년 3월 30일 16시,목요일,서울특별시 영등포구 양평동3가,경상사고,0,0,1,0,차대차 - 기타,안전운전불이행,포장 - 건조,맑음,단일로 - 기타,자전거,남,11세,경상,화물,남,56세,기타불명
2017033000100335,2017년 3월 30일 16시,목요일,서울특별시 동작구 상도동,부상신고사고,0,0,0,1,차대차 - 정면충돌,안전운전불이행,포장 - 건조,맑음,기타 - 기타,자전거,남,15세,부상신고,승합,남,58세,상해없음
2017033000100530,2017년 3월 30일 22시,목요일,서울특별시 강남구 일원동,경상사고,0,0,1,0,차대차 - 기타,안전운전불이행,포장 - 건조,맑음,교차로 - 교차로부근,자전거,남,17세,상해없음,자전거,남,43세,경상
2017033000100557,2017년 3월 30일 23시,목요일,서울특별시 서대문구 홍제동,중상사고,0,1,0,0,차대차 - 측면충돌,신호위반,포장 - 건조,맑음,단일로 - 기타,자전거,남,67세,중상,이륜,남,20세,상해없음
2017033100100280,2017년 3월 31일 13시,금요일,서울특별시 동대문구 답십리동,경상사고,0,0,1,0,차대차 - 측면충돌,안전운전불이행,포장 - 건조,맑음,교차로 - 교차로부근,자전거,남,76세,경상,화물,남,61세,상해없음
2017033100100328,2017년 3월 31일 15시,금요일,서울특별시 동대문구 장안동,부상신고사고,0,0,0,1,차대차 - 측면충돌,직진우회전진행방해,포장 - 젖음/습기,흐림,교차로 - 교차로안,자전거,남,16세,부상신고,승용,남,44세,상해없음
2017033100100393,2017년 3월 31일 17시,금요일,서울특별시 서대문구 홍은동,부상신고사고,0,0,0,1,차대사람 - 횡단중,신호위반,포장 - 건조,맑음,단일로 - 기타,자전거,남,30세,상해없음,보행자,여,57세,부상신고
2017040100100164,2017년 4월 1일 09시,토요일,서울특별시 성동구 성수동2가,중상사고,0,1,0,0,차대차 - 기타,안전운전불이행,포장 - 건조,맑음,교차로 - 교차로안,자전거,남,54세,중상,승용,남,51세,상해없음
2017040100100222,2017년 4월 1일 12시,토요일,서울특별시 강남구 대치동,부상신고사고,0,0,0,1,차대차 - 추돌,안전운전불이행,포장 - 건조,맑음,기타 - 기타,자전거,여,26세,부상신고,자전거,남,36세,상해없음
2017040100100310,2017년 4월 1일 15시,토요일,서울특별시 영등포구 양평동6가,경상사고,0,0,1,0,차대사람 - 길가장자리구역통행중,안전운전불이행,포장 - 건조,맑음,단일로 - 기타,자전거,남,29세,기타불명,보행자,여,59세,경상
2017040100100428,2017년 4월 1일 18시,토요일,서울특별시 양천구 목동,부상신고사고,0,0,0,1,차대차 - 측면충돌,안전운전불이행,포장 - 건조,맑음,단일로 - 기타,자전거,남,15세,부상신고,승용,남,39세,상해없음
2017040200100150,2017년 4월 2일 10시,일요일,서울특별시 마포구 상암동,경상사고,0,0,1,0,차대차 - 기타,안전운전불이행,포장 - 건조,맑음,교차로 - 교차로부근,자전거,여,28세,경상,승용,여,39세,상해없음
2017040200100191,2017년 4월 2일 12시,일요일,서울특별시 성동구 성수동2가,부상신고사고,0,0,0,1,차대차 - 측면충돌,안전운전불이행,포장 - 건조,맑음,단일로 - 기타,자전거,여,62세,부상신고,승용,남,43세,상해없음
2017040200100252,2017년 4월 2일 14시,일요일,서울특별시 용산구 이촌동,중상사고,0,1,0,0,차대차 - 정면충돌,안전운전불이행,포장 - 건조,맑음,교차로 - 교차로부근,자전거,남,69세,중상,자전거,남,57세,상해없음
2017040200100315,2017년 4월 2일 16시,일요일,서울특별시 중랑구 중화동,중상사고,0,1,0,0,차대차 - 정면충돌,차로위반,포장 - 건조,맑음,단일로 - 기타,자전거,남,67세,중상,승용,남,52세,상해없음
2017040200100316,2017년 4월 2일 16시,일요일,서울특별시 노원구 중계동,경상사고,0,0,1,0,차대차 - 기타,안전운전불이행,포장 - 건조,맑음,단일로 - 기타,자전거,남,62세,상해없음,자전거,남,77세,경상
2017040200100343,2017년 4월 2일 17시,일요일,서울특별시 금천구 독산동,경상사고,0,0,1,0,차대차 - 정면충돌,안전운전불이행,포장 - 건조,맑음,단일로 - 기타,자전거,여,31세,상해없음,자전거,남,29세,경상
2017040300100146,2017년 4월 3일 09시,월요일,서울특별시 성북구 장위동,중상사고,0,1,0,0,차대차 - 기타,안전운전불이행,포장 - 건조,맑음,교차로 - 교차로횡단보도내,자전거,여,63세,중상,승합,남,55세,상해없음
2017040300100241,2017년 4월 3일 12시,월요일,서울특별시 성북구 하월곡동,부상신고사고,0,0,0,1,차대차 - 정면충돌,안전운전불이행,포장 - 건조,맑음,교차로 - 교차로부근,자전거,남,66세,부상신고,승용,남,42세,상해없음
2017040300100471,2017년 4월 3일 19시,월요일,서울특별시 서초구 방배동,경상사고,0,0,1,0,차대차 - 기타,교차로운행방법위반,포장 - 건조,맑음,교차로 - 교차로안,자전거,남,9세,경상,승용,남,40세,상해없음
2017040300100521,2017년 4월 3일 20시,월요일,서울특별시 노원구 상계동,부상신고사고,0,0,0,1,차대사람 - 횡단중,안전운전불이행,포장 - 건조,맑음,기타 - 기타,자전거,남,13세,기타불명,보행자,여,31세,부상신고
2017040400100293,2017년 4월 4일 15시,화요일,서울특별시 동대문구 제기동,경상사고,0,0,1,0,차대사람 - 보도통행중,안전운전불이행,포장 - 건조,맑음,단일로 - 기타,자전거,남,74세,상해없음,보행자,여,74세,경상
2017040700100018,2017년 4월 7일 00시,금요일,서울특별시 금천구 시흥동,부상신고사고,0,0,0,1,차대사람 - 횡단중,안전운전불이행,포장 - 건조,맑음,교차로 - 교차로안,자전거,남,18세,상해없음,보행자,남,52세,부상신고
2017040700100372,2017년 4월 7일 16시,금요일,서울특별시 강북구 수유동,경상사고,0,0,1,0,차대차 - 측면충돌,직진우회전진행방해,포장 - 건조,맑음,교차로 - 교차로안,자전거,여,60세,경상,승용,남,57세,상해없음
2017040700100402,2017년 4월 7일 17시,금요일,서울특별시 강남구 삼성동,부상신고사고,0,0,0,1,차대차 - 기타,안전운전불이행,포장 - 건조,맑음,단일로 - 기타,자전거,남,6세,부상신고,승용,여,71세,상해없음
2017040700100625,2017년 4월 7일 23시,금요일,서울특별시 강남구 대치동,중상사고,0,1,0,0,차대차 - 정면충돌,안전운전불이행,포장 - 건조,맑음,단일로 - 기타,자전거,남,22세,상해없음,자전거,남,49세,중상
2017040800100063,2017년 4월 8일 02시,토요일,서울특별시 광진구 화양동,부상신고사고,0,0,0,1,차량단독 - 기타,안전운전불이행,포장 - 건조,맑음,단일로 - 기타,자전거,남,48세,부상신고,,,,
2017040800100146,2017년 4월 8일 08시,토요일,서울특별시 도봉구 쌍문동,경상사고,0,0,1,0,차대사람 - 길가장자리구역통행중,안전운전불이행,포장 - 건조,맑음,교차로 - 교차로부근,자전거,여,63세,상해없음,보행자,여,80세,경상
2017040800100334,2017년 4월 8일 14시,토요일,서울특별시 동작구 흑석동,경상사고,0,0,1,0,차대차 - 측면충돌,안전운전불이행,포장 - 건조,맑음,단일로 - 기타,자전거,남,52세,경상,자전거,남,42세,상해없음
2017040800100374,2017년 4월 8일 15시,토요일,서울특별시 동작구 동작동,중상사고,0,1,0,0,차대차 - 측면충돌,안전운전불이행,포장 - 건조,맑음,단일로 - 기타,자전거,남,52세,상해없음,자전거,남,74세,중상
2017040800100413,2017년 4월 8일 16시,토요일,서울특별시 동작구 노량진동,경상사고,0,0,1,1,차대차 - 측면충돌,안전운전불이행,포장 - 건조,맑음,단일로 - 기타,자전거,남,34세,상해없음,자전거,남,10세,부상신고
2017040800100448,2017년 4월 8일 17시,토요일,서울특별시 강서구 마곡동,경상사고,0,0,1,0,차대차 - 측면충돌,안전운전불이행,포장 - 건조,맑음,단일로 - 기타,자전거,남,56세,상해없음,자전거,여,52세,경상
2017040900100032,2017년 4월 9일 01시,일요일,서울특별시 강북구 번동,경상사고,0,0,1,0,차대사람 - 차도통행중,안전운전불이행,포장 - 젖음/습기,비,단일로 - 기타,자전거,여,44세,상해없음,보행자,남,21세,경상
2017040900100183,2017년 4월 9일 12시,일요일,서울특별시 강동구 명일동,부상신고사고,0,0,0,1,차대차 - 기타,신호위반,포장 - 건조,맑음,교차로 - 교차로안,자전거,남,77세,부상신고,승용,남,65세,상해없음
2017040900100207,2017년 4월 9일 13시,일요일,서울특별시 강서구 화곡동,경상사고,0,0,1,0,차대차 - 정면충돌,중앙선침범,포장 - 건조,맑음,교차로 - 교차로안,자전거,남,25세,경상,승용,남,59세,상해없음
2017040900100265,2017년 4월 9일 15시,일요일,서울특별시 양천구 신정동,경상사고,0,0,1,0,차대차 - 정면충돌,안전운전불이행,포장 - 건조,맑음,기타 - 기타,자전거,남,27세,상해없음,자전거,여,64세,경상
2017040900100310,2017년 4월 9일 17시,일요일,서울특별시 영등포구 대림동,경상사고,0,0,1,0,차대차 - 정면충돌,안전운전불이행,포장 - 건조,맑음,교차로 - 교차로부근,자전거,남,67세,상해없음,이륜,남,43세,경상
2017040900100313,2017년 4월 9일 17시,일요일,서울특별시 구로구 구로동,경상사고,0,0,1,0,차대차 - 정면충돌,안전운전불이행,포장 - 건조,맑음,단일로 - 기타,자전거,남,17세,상해없음,자전거,남,55세,경상
2017040900100338,2017년 4월 9일 18시,일요일,서울특별시 강서구 방화동,부상신고사고,0,0,0,1,차대차 - 기타,안전운전불이행,포장 - 건조,맑음,단일로 - 기타,자전거,남,30세,부상신고,승용,남,30세,상해없음
2017040900100453,2017년 4월 9일 23시,일요일,서울특별시 송파구 삼전동,부상신고사고,0,0,0,1,차대차 - 정면충돌,안전운전불이행,포장 - 건조,맑음,단일로 - 기타,자전거,여,41세,부상신고,승용,남,53세,상해없음
2017041000100086,2017년 4월 10일 07시,월요일,서울특별시 은평구 응암동,중상사고,0,1,0,0,차대사람 - 기타,안전운전불이행,포장 - 건조,맑음,교차로 - 교차로부근,자전거,남,16세,상해없음,보행자,여,86세,중상
2017041000100088,2017년 4월 10일 07시,월요일,서울특별시 송파구 잠실동,경상사고,0,0,1,0,차대차 - 측면충돌,불법유턴,포장 - 건조,맑음,교차로 - 교차로부근,자전거,여,67세,경상,승용,남,63세,상해없음
2017041000100157,2017년 4월 10일 09시,월요일,서울특별시 동대문구 용두동,중상사고,0,1,0,0,차대차 - 기타,안전운전불이행,포장 - 건조,맑음,단일로 - 기타,자전거,남,50세,중상,자전거,남,25세,상해없음
2017041000100309,2017년 4월 10일 14시,월요일,서울특별시 성동구 마장동,경상사고,0,0,1,0,차대사람 - 횡단중,보행자보호의무위반,포장 - 건조,맑음,단일로 - 기타,자전거,여,58세,상해없음,보행자,남,32세,경상
2017041000100344,2017년 4월 10일 15시,월요일,서울특별시 강북구 미아동,경상사고,0,0,1,0,차대차 - 기타,신호위반,포장 - 건조,맑음,교차로 - 교차로안,자전거,남,74세,경상,승용,남,66세,상해없음
2017041000100388,2017년 4월 10일 16시,월요일,서울특별시 송파구 가락동,부상신고사고,0,0,0,1,차대차 - 측면충돌,안전운전불이행,포장 - 건조,맑음,단일로 - 기타,자전거,남,16세,부상신고,승용,남,57세,상해없음
2017041000100472,2017년 4월 10일 18시,월요일,서울특별시 도봉구 도봉동,경상사고,0,0,1,0,차대사람 - 보도통행중,기타,포장 - 건조,맑음,단일로 - 기타,자전거,남,41세,상해없음,보행자,여,37세,경상
2017041000100567,2017년 4월 10일 21시,월요일,서울특별시 강남구 청담동,경상사고,0,0,1,0,차대사람 - 횡단중,안전운전불이행,포장 - 기타,맑음,단일로 - 기타,자전거,남,25세,상해없음,보행자,여,34세,경상
2017041100100073,2017년 4월 11일 06시,화요일,서울특별시 강북구 번동,경상사고,0,0,1,0,차대사람 - 기타,안전운전불이행,포장 - 건조,맑음,단일로 - 기타,자전거,남,44세,상해없음,보행자,여,64세,경상
2017041100100087,2017년 4월 11일 07시,화요일,서울특별시 강서구 가양동,부상신고사고,0,0,0,1,차대차 - 측면충돌,안전운전불이행,포장 - 건조,맑음,교차로 - 교차로부근,자전거,남,31세,부상신고,승용,여,43세,상해없음
2017041100100119,2017년 4월 11일 08시,화요일,서울특별시 용산구 보광동,경상사고,0,0,1,0,차대사람 - 횡단중,안전운전불이행,포장 - 건조,맑음,단일로 - 기타,자전거,남,34세,상해없음,보행자,여,28세,경상
2017041100100304,2017년 4월 11일 14시,화요일,서울특별시 송파구 잠실동,경상사고,0,0,1,0,차대차 - 정면충돌,안전운전불이행,포장 - 건조,맑음,단일로 - 기타,자전거,여,46세,경상,승용,남,62세,상해없음
2017041100100398,2017년 4월 11일 17시,화요일,서울특별시 동대문구 휘경동,경상사고,0,0,1,0,차대차 - 기타,안전운전불이행,포장 - 건조,맑음,기타 - 기타,자전거,남,70세,경상,승용,남,24세,상해없음
2017041100100530,2017년 4월 11일 20시,화요일,서울특별시 송파구 잠실동,중상사고,0,2,0,0,차대차 - 정면충돌,안전운전불이행,포장 - 건조,맑음,단일로 - 기타,자전거,남,42세,중상,자전거,남,16세,중상
2017041100100532,2017년 4월 11일 20시,화요일,서울특별시 노원구 하계동,부상신고사고,0,0,0,1,차대사람 - 기타,안전운전불이행,포장 - 건조,맑음,단일로 - 기타,자전거,남,46세,부상신고,보행자,남,60세,상해없음
2017041200100102,2017년 4월 12일 08시,수요일,서울특별시 중랑구 면목동,경상사고,0,0,1,0,차대차 - 정면충돌,중앙선침범,포장 - 건조,맑음,교차로 - 교차로부근,자전거,여,58세,경상,승용,여,48세,상해없음
2017041200100105,2017년 4월 12일 08시,수요일,서울특별시 송파구 풍납동,경상사고,0,0,1,0,차대차 - 측면충돌,기타,포장 - 건조,맑음,단일로 - 기타,자전거,남,24세,경상,원동기,기타불명,미분류,기타불명
2017041200100412,2017년 4월 12일 18시,수요일,서울특별시 광진구 중곡동,경상사고,0,0,1,0,차대차 - 측면충돌,중앙선침범,포장 - 건조,맑음,교차로 - 교차로안,자전거,남,26세,경상,승용,여,35세,상해없음
2017041300100075,2017년 4월 13일 07시,목요일,서울특별시 중랑구 상봉동,중상사고,0,1,0,0,차대차 - 정면충돌,안전운전불이행,포장 - 건조,맑음,교차로 - 교차로부근,자전거,여,55세,중상,승합,남,54세,상해없음
2017041300100076,2017년 4월 13일 07시,목요일,서울특별시 강서구 방화동,경상사고,0,0,1,0,차대차 - 정면충돌,안전운전불이행,포장 - 건조,맑음,교차로 - 교차로부근,자전거,남,17세,경상,화물,남,35세,상해없음
2017041300100248,2017년 4월 13일 13시,목요일,서울특별시 영등포구 양평동5가,경상사고,0,0,1,0,차대차 - 정면충돌,안전거리미확보,포장 - 건조,맑음,단일로 - 기타,자전거,여,55세,경상,자전거,남,26세,상해없음
2017041300100394,2017년 4월 13일 18시,목요일,서울특별시 종로구 관철동,경상사고,0,0,1,0,차대사람 - 횡단중,안전운전불이행,포장 - 건조,맑음,단일로 - 기타,자전거,남,31세,상해없음,보행자,여,67세,경상
2017041300100430,2017년 4월 13일 19시,목요일,서울특별시 성동구 송정동,경상사고,0,0,1,0,차대차 - 기타,안전운전불이행,포장 - 건조,맑음,기타 - 기타,자전거,여,23세,상해없음,자전거,남,48세,경상
2017041300100525,2017년 4월 13일 22시,목요일,서울특별시 성동구 송정동,중상사고,0,1,1,0,차대차 - 기타,안전운전불이행,포장 - 건조,맑음,단일로 - 기타,자전거,남,57세,경상,자전거,남,59세,중상
2017041300100551,2017년 4월 13일 23시,목요일,서울특별시 송파구 송파동,부상신고사고,0,0,0,1,차대차 - 정면충돌,안전운전불이행,포장 - 건조,맑음,단일로 - 기타,자전거,여,49세,부상신고,승용,남,33세,상해없음
2017041400100302,2017년 4월 14일 15시,금요일,서울특별시 서대문구 북가좌동,부상신고사고,0,0,0,1,차대차 - 측면충돌,안전운전불이행,포장 - 건조,맑음,교차로 - 교차로안,자전거,남,64세,부상신고,승용,남,58세,상해없음
2017041500100287,2017년 4월 15일 13시,토요일,서울특별시 동작구 신대방동,부상신고사고,0,0,0,1,차대사람 - 기타,안전운전불이행,포장 - 건조,맑음,기타 - 기타,자전거,남,7세,상해없음,보행자,여,73세,부상신고
2017041500100327,2017년 4월 15일 14시,토요일,서울특별시 동대문구 장안동,부상신고사고,0,0,0,1,차대차 - 측면충돌,교차로운행방법위반,포장 - 건조,맑음,교차로 - 교차로안,자전거,남,13세,부상신고,승용,남,73세,상해없음
2017041500100367,2017년 4월 15일 15시,토요일,서울특별시 성북구 하월곡동,경상사고,0,0,1,0,차대차 - 측면충돌,불법유턴,포장 - 건조,맑음,교차로 - 교차로횡단보도내,자전거,남,70세,경상,승용,남,60세,상해없음
2017041500100369,2017년 4월 15일 15시,토요일,서울특별시 서초구 양재동,경상사고,0,0,1,0,차대사람 - 기타,안전운전불이행,포장 - 기타,맑음,단일로 - 기타,자전거,남,35세,상해없음,보행자,남,6세,경상
2017041500100490,2017년 4월 15일 18시,토요일,서울특별시 송파구 잠실동,경상사고,0,0,1,1,차대사람 - 보도통행중,중앙선침범,포장 - 건조,맑음,기타 - 기타,자전거,여,38세,부상신고,보행자,남,25세,경상
2017041600100104,2017년 4월 16일 08시,일요일,서울특별시 동작구 사당동,경상사고,0,0,1,0,차대차 - 측면충돌,안전운전불이행,포장 - 건조,맑음,교차로 - 교차로안,자전거,남,22세,경상,승용,남,55세,상해없음
2017041600100119,2017년 4월 16일 09시,일요일,서울특별시 도봉구 방학동,부상신고사고,0,0,0,1,차대차 - 측면충돌,불법유턴,포장 - 건조,맑음,단일로 - 기타,자전거,남,75세,부상신고,승용,남,47세,상해없음
2017041600100163,2017년 4월 16일 11시,일요일,서울특별시 영등포구 당산동1가,경상사고,0,0,1,0,차대사람 - 기타,안전운전불이행,포장 - 건조,맑음,기타 - 기타,자전거,남,16세,상해없음,보행자,남,46세,경상
2017041600100205,2017년 4월 16일 13시,일요일,서울특별시 강서구 방화동,경상사고,0,0,1,0,차대차 - 기타,안전운전불이행,포장 - 기타,맑음,미분류 - 미분류,자전거,여,7세,경상,승용,여,28세,상해없음
2017041600100240,2017년 4월 16일 14시,일요일,서울특별시 은평구 역촌동,경상사고,0,0,1,0,차대차 - 정면충돌,안전운전불이행,포장 - 건조,맑음,단일로 - 기타,자전거,남,49세,경상,승용,남,45세,상해없음
2017041600100277,2017년 4월 16일 15시,일요일,서울특별시 강북구 번동,경상사고,0,0,1,0,차대차 - 기타,안전운전불이행,포장 - 건조,맑음,단일로 - 기타,자전거,남,9세,경상,승용,남,64세,상해없음
2017041600100280,2017년 4월 16일 15시,일요일,서울특별시 노원구 중계동,부상신고사고,0,0,0,2,차대차 - 측면충돌,안전운전불이행,포장 - 건조,맑음,기타 - 기타,자전거,남,66세,부상신고,이륜,남,53세,부상신고
2017041600100360,2017년 4월 16일 17시,일요일,서울특별시 은평구 증산동,부상신고사고,0,0,0,1,차대차 - 측면충돌,안전운전불이행,포장 - 건조,맑음,단일로 - 기타,자전거,남,46세,상해없음,자전거,남,69세,부상신고
2017041600100398,2017년 4월 16일 18시,일요일,서울특별시 송파구 잠실동,경상사고,0,0,1,0,차대차 - 기타,안전운전불이행,포장 - 건조,맑음,교차로 - 교차로부근,자전거,남,12세,경상,화물,남,55세,상해없음
2017041700100085,2017년 4월 17일 08시,월요일,서울특별시 동대문구 제기동,중상사고,0,1,0,0,차대사람 - 보도통행중,중앙선침범,포장 - 젖음/습기,비,단일로 - 기타,자전거,남,12세,상해없음,보행자,남,75세,중상
2017041700100494,2017년 4월 17일 20시,월요일,서울특별시 관악구 신림동,경상사고,0,0,1,0,차대차 - 정면충돌,신호위반,포장 - 건조,맑음,교차로 - 교차로안,자전거,남,13세,경상,승용,남,62세,상해없음
2017041700100524,2017년 4월 17일 21시,월요일,서울특별시 영등포구 양평동5가,부상신고사고,0,0,0,1,차대차 - 기타,안전운전불이행,포장 - 건조,맑음,단일로 - 기타,자전거,남,9세,부상신고,승용,남,41세,상해없음
2017041700100550,2017년 4월 17일 22시,월요일,서울특별시 송파구 방이동,경상사고,0,0,1,0,차대차 - 기타,불법유턴,포장 - 건조,맑음,교차로 - 교차로안,자전거,여,17세,경상,승합,남,39세,상해없음
2017041800100067,2017년 4월 18일 06시,화요일,서울특별시 중랑구 묵동,부상신고사고,0,0,0,1,차대차 - 정면충돌,중앙선침범,포장 - 건조,맑음,교차로 - 교차로안,자전거,여,45세,부상신고,화물,남,54세,상해없음
2017041800100484,2017년 4월 18일 19시,화요일,서울특별시 도봉구 방학동,경상사고,0,0,1,0,차대차 - 측면충돌,안전운전불이행,포장 - 젖음/습기,흐림,교차로 - 교차로부근,자전거,여,55세,경상,화물,여,45세,상해없음
2017041900100022,2017년 4월 19일 00시,수요일,서울특별시 영등포구 문래동5가,부상신고사고,0,0,0,1,차대사람 - 차도통행중,안전운전불이행,포장 - 건조,맑음,단일로 - 기타,자전거,남,44세,부상신고,보행자,남,18세,상해없음
2017041900100215,2017년 4월 19일 10시,수요일,서울특별시 노원구 상계동,경상사고,0,0,1,0,차대차 - 추돌,안전거리미확보,포장 - 건조,맑음,기타 - 기타,자전거,남,41세,상해없음,자전거,남,32세,경상
2017041900100329,2017년 4월 19일 14시,수요일,서울특별시 중랑구 묵동,경상사고,0,0,1,0,차대차 - 정면충돌,안전운전불이행,포장 - 건조,맑음,단일로 - 기타,자전거,남,46세,경상,승용,여,37세,상해없음
2017041900100594,2017년 4월 19일 21시,수요일,서울특별시 강서구 등촌동,경상사고,0,0,1,0,차대차 - 측면충돌,안전운전불이행,포장 - 건조,맑음,교차로 - 교차로횡단보도내,자전거,남,41세,경상,승용,남,53세,상해없음