사고번호,사고일시,요일,시군구,사고내용,사망자수,중상자수,경상자수,부상신고자수,사고유형,법규위반,노면상태,기상상태,도로형태,가해운전자 차종,가해운전자 성별,가해운전자 연령,가해운전자 상해정도,피해운전자 차종,피해운전자 성별,피해운전자 연령,피해운전자 상해정도
2017052900100578,2017년 5월 29일 22시,월요일,서울특별시 서초구 반포동,경상사고,0,0,1,0,차대차 - 기타,안전운전불이행,포장 - 건조,맑음,단일로 - 기타,자전거,남,14세,상해없음,승용,남,54세,상해없음
2017053000100116,2017년 5월 30일 08시,화요일,서울특별시 성동구 송정동,경상사고,0,0,1,0,차대차 - 기타,안전운전불이행,포장 - 건조,맑음,단일로 - 기타,자전거,남,48세,상해없음,자전거,여,29세,경상
2017053000100233,2017년 5월 30일 11시,화요일,서울특별시 송파구 풍납동,경상사고,0,0,1,0,차대차 - 정면충돌,안전운전불이행,포장 - 건조,맑음,단일로 - 기타,자전거,남,39세,상해없음,자전거,남,64세,경상
2017053000100339,2017년 5월 30일 15시,화요일,서울특별시 마포구 동교동,경상사고,0,0,1,0,차대차 - 측면충돌,안전운전불이행,포장 - 건조,맑음,교차로 - 교차로횡단보도내,자전거,남,25세,경상,기타불명,기타불명,미분류,기타불명
2017053000100403,2017년 5월 30일 17시,화요일,서울특별시 서초구 양재동,부상신고사고,0,0,0,1,차대차 - 기타,안전운전불이행,포장 - 건조,맑음,교차로 - 교차로부근,자전거,여,46세,부상신고,승용,남,59세,상해없음
2017053000100500,2017년 5월 30일 20시,화요일,서울특별시 영등포구 영등포동2가,경상사고,0,0,1,0,차대차 - 정면충돌,안전거리미확보,포장 - 건조,맑음,단일로 - 기타,자전거,남,35세,경상,승용,남,57세,상해없음
2017053000100504,2017년 5월 30일 20시,화요일,서울특별시 송파구 가락동,부상신고사고,0,0,0,1,차대차 - 측면충돌,안전운전불이행,포장 - 건조,맑음,교차로 - 교차로횡단보도내,자전거,남,51세,부상신고,승용,남,51세,상해없음
2017053000100566,2017년 5월 30일 22시,화요일,서울특별시 강남구 도곡동,부상신고사고,0,0,0,1,차대차 - 기타,안전운전불이행,포장 - 젖음/습기,흐림,교차로 - 교차로안,자전거,남,24세,부상신고,승용,남,47세,상해없음
2017053100100305,2017년 5월 31일 15시,수요일,서울특별시 동대문구 용두동,경상사고,0,0,1,0,차대사람 - 기타,안전운전불이행,포장 - 건조,맑음,기타 - 기타,자전거,남,52세,상해없음,보행자,여,54세,경상
2017053100100349,2017년 5월 31일 16시,수요일,서울특별시 성동구 사근동,부상신고사고,0,0,0,1,차대차 - 기타,안전운전불이행,포장 - 건조,맑음,교차로 - 교차로부근,자전거,남,38세,부상신고,기타불명,기타불명,미분류,기타불명
2017053100100456,2017년 5월 31일 19시,수요일,서울특별시 강서구 내발산동,중상사고,0,1,0,0,차대사람 - 횡단중,보행자보호의무위반,포장 - 건조,맑음,단일로 - 기타,자전거,남,15세,상해없음,보행자,여,68세,중상
2017053100100517,2017년 5월 31일 21시,수요일,서울특별시 금천구 독산동,경상사고,0,0,1,0,차대사람 - 기타,신호위반,포장 - 건조,맑음,교차로 - 교차로안,자전거,남,20세,상해없음,보행자,남,31세,경상
2017060100100526,2017년 6월 1일 20시,목요일,서울특별시 마포구 상암동,중상사고,0,1,0,0,차대차 - 측면충돌,안전운전불이행,포장 - 건조,맑음,단일로 - 기타,자전거,남,61세,상해없음,자전거,여,68세,중상
2017060100100558,2017년 6월 1일 21시,목요일,서울특별시 광진구 광장동,부상신고사고,0,0,0,1,차대차 - 측면충돌,안전운전불이행,포장 - 건조,맑음,교차로 - 교차로부근,자전거,남,15세,부상신고,승용,남,34세,상해없음
2017060100100560,2017년 6월 1일 21시,목요일,서울특별시 노원구 공릉동,중상사고,0,1,0,0,차대차 - 기타,중앙선침범,포장 - 건조,맑음,기타 - 기타,자전거,남,17세,중상,원동기,남,21세,상해없음
2017060100100561,2017년 6월 1일 21시,목요일,서울특별시 은평구 역촌동,중상사고,0,1,0,0,차대차 - 측면충돌,중앙선침범,포장 - 건조,맑음,단일로 - 기타,자전거,여,58세,상해없음,원동기,남,19세,중상
2017060100100606,2017년 6월 1일 23시,목요일,서울특별시 마포구 망원동,경상사고,0,0,1,0,차대차 - 측면충돌,직진우회전진행방해,포장 - 건조,맑음,교차로 - 교차로안,자전거,남,37세,경상,승용,남,62세,상해없음
2017060200100097,2017년 6월 2일 06시,금요일,서울특별시 영등포구 여의도동,경상사고,0,0,1,0,차대차 - 측면충돌,안전운전불이행,포장 - 건조,맑음,교차로 - 교차로부근,자전거,남,68세,경상,승용,남,76세,상해없음
2017060200100334,2017년 6월 2일 14시,금요일,서울특별시 강서구 등촌동,경상사고,0,0,1,0,차대사람 - 보도통행중,기타,포장 - 건조,맑음,단일로 - 기타,자전거,남,57세,상해없음,보행자,여,33세,경상
2017060200100400,2017년 6월 2일 16시,금요일,서울특별시 성북구 하월곡동,부상신고사고,0,0,0,1,차대차 - 정면충돌,안전운전불이행,포장 - 건조,맑음,교차로 - 교차로부근,자전거,남,13세,상해없음,승용,남,48세,부상신고
2017060200100439,2017년 6월 2일 17시,금요일,서울특별시 동작구 상도동,경상사고,0,0,1,0,차대차 - 추돌,안전운전불이행,포장 - 건조,맑음,교차로 - 교차로안,자전거,남,12세,경상,승합,남,50세,기타불명
2017060200100441,2017년 6월 2일 17시,금요일,서울특별시 송파구 풍납동,부상신고사고,0,0,0,1,차대차 - 기타,안전운전불이행,포장 - 건조,맑음,단일로 - 기타,자전거,남,14세,부상신고,승용,여,62세,상해없음
2017060200100481,2017년 6월 2일 18시,금요일,서울특별시 은평구 역촌동,경상사고,0,0,1,0,차대사람 - 차도통행중,안전운전불이행,포장 - 건조,맑음,단일로 - 기타,자전거,여,41세,상해없음,보행자,여,77세,경상
2017060200100565,2017년 6월 2일 20시,금요일,서울특별시 서대문구 연희동,중상사고,0,1,0,0,차대사람 - 보도통행중,기타,포장 - 건조,맑음,단일로 - 기타,자전거,여,25세,상해없음,보행자,남,29세,중상
2017060200100569,2017년 6월 2일 20시,금요일,서울특별시 강남구 청담동,경상사고,0,0,1,0,차대차 - 정면충돌,안전운전불이행,포장 - 건조,맑음,기타 - 기타,자전거,남,59세,상해없음,자전거,남,35세,경상
2017060300100127,2017년 6월 3일 07시,토요일,서울특별시 강서구 개화동,중상사고,0,1,0,0,차대차 - 측면충돌,안전운전불이행,포장 - 건조,맑음,단일로 - 기타,자전거,남,41세,상해없음,자전거,남,82세,중상
2017060300100198,2017년 6월 3일 10시,토요일,서울특별시 강동구 상일동,경상사고,0,0,1,0,차대사람 - 기타,안전운전불이행,포장 - 건조,맑음,단일로 - 기타,자전거,남,17세,상해없음,보행자,여,80세,경상
2017060300100415,2017년 6월 3일 16시,토요일,서울특별시 강서구 방화동,경상사고,0,0,1,0,차대차 - 기타,안전운전불이행,포장 - 건조,맑음,기타 - 기타,자전거,여,56세,경상,자전거,남,45세,상해없음
2017060300100522,2017년 6월 3일 18시,토요일,서울특별시 영등포구 여의도동,경상사고,0,0,1,0,차대사람 - 횡단중,안전운전불이행,포장 - 건조,맑음,단일로 - 기타,자전거,남,27세,상해없음,보행자,여,30세,경상
2017060300100523,2017년 6월 3일 18시,토요일,서울특별시 영등포구 당산동5가,경상사고,0,0,1,0,차량단독 - 기타,안전운전불이행,포장 - 건조,맑음,단일로 - 기타,자전거,남,13세,경상,,,,
2017060300100615,2017년 6월 3일 21시,토요일,서울특별시 송파구 방이동,부상신고사고,0,0,0,1,차대사람 - 기타,안전운전불이행,포장 - 건조,맑음,기타 - 기타,자전거,남,13세,상해없음,보행자,남,13세,부상신고
2017060400100193,2017년 6월 4일 12시,일요일,서울특별시 서대문구 북아현동,중상사고,0,1,0,0,차대차 - 측면충돌,안전운전불이행,포장 - 건조,맑음,교차로 - 교차로안,자전거,여,23세,상해없음,이륜,남,44세,중상
2017060400100194,2017년 6월 4일 12시,일요일,서울특별시 강동구 암사동,중상사고,0,1,0,0,차대차 - 기타,안전운전불이행,포장 - 건조,맑음,기타 - 기타,자전거,남,6세,상해없음,자전거,남,42세,중상
2017060400100196,2017년 6월 4일 12시,일요일,서울특별시 양천구 신정동,경상사고,0,0,1,0,차대사람 - 횡단중,신호위반,포장 - 건조,맑음,교차로 - 교차로횡단보도내,자전거,남,55세,상해없음,보행자,남,67세,경상
2017060400100198,2017년 6월 4일 12시,일요일,서울특별시 은평구 대조동,부상신고사고,0,0,0,1,차대차 - 기타,안전운전불이행,포장 - 건조,맑음,기타 - 기타,자전거,남,56세,부상신고,승용,남,32세,상해없음
2017060400100228,2017년 6월 4일 13시,일요일,서울특별시 마포구 성산동,중상사고,0,1,0,0,차대차 - 정면충돌,직진우회전진행방해,포장 - 건조,맑음,교차로 - 교차로안,자전거,남,6세,중상,승용,남,58세,상해없음
2017060400100320,2017년 6월 4일 16시,일요일,서울특별시 송파구 잠실동,경상사고,0,0,1,0,차대차 - 정면충돌,안전운전불이행,포장 - 건조,맑음,단일로 - 기타,자전거,남,10세,상해없음,자전거,남,43세,경상
2017060400100322,2017년 6월 4일 16시,일요일,서울특별시 서초구 잠원동,부상신고사고,0,0,0,1,차대차 - 기타,신호위반,포장 - 건조,맑음,교차로 - 교차로안,자전거,여,24세,부상신고,승용,남,61세,상해없음
2017060400100346,2017년 6월 4일 17시,일요일,서울특별시 마포구 성산동,경상사고,0,0,1,0,차대사람 - 보도통행중,안전운전불이행,포장 - 기타,맑음,기타 - 기타,자전거,여,27세,상해없음,보행자,여,57세,경상
2017060400100374,2017년 6월 4일 18시,일요일,서울특별시 용산구 한남동,경상사고,0,0,1,0,차대차 - 정면충돌,안전운전불이행,포장 - 건조,맑음,단일로 - 기타,자전거,남,36세,경상,승용,남,40세,상해없음
2017060400100376,2017년 6월 4일 18시,일요일,서울특별시 영등포구 여의도동,부상신고사고,0,0,0,1,차대차 - 기타,안전운전불이행,포장 - 건조,맑음,기타 - 기타,자전거,남,9세,상해없음,자전거,남,27세,부상신고
2017060400100380,2017년 6월 4일 18시,일요일,서울특별시 양천구 신정동,경상사고,0,0,1,0,차대차 - 측면충돌,안전운전불이행,포장 - 건조,맑음,교차로 - 교차로부근,자전거,남,12세,경상,승용,남,37세,상해없음
2017060400100497,2017년 6월 4일 23시,일요일,서울특별시 중랑구 면목동,경상사고,0,0,1,0,차대사람 - 길가장자리구역통행중,안전운전불이행,포장 - 건조,맑음,단일로 - 기타,자전거,남,45세,상해없음,보행자,남,8세,경상
2017060400100500,2017년 6월 4일 23시,일요일,서울특별시 성북구 하월곡동,경상사고,0,0,1,0,차대차 - 측면충돌,안전거리미확보,포장 - 건조,맑음,단일로 - 기타,자전거,남,63세,경상,승용,남,34세,상해없음
2017060500100076,2017년 6월 5일 07시,월요일,서울특별시 노원구 중계동,부상신고사고,0,0,0,2,차대차 - 측면충돌,안전운전불이행,포장 - 건조,맑음,단일로 - 기타,자전거,남,65세,부상신고,자전거,남,58세,부상신고
2017060500100100,2017년 6월 5일 08시,월요일,서울특별시 강북구 수유동,경상사고,0,0,1,0,차대차 - 측면충돌,안전운전불이행,포장 - 건조,맑음,단일로 - 기타,자전거,남,12세,경상,승용,남,56세,상해없음
2017060500100105,2017년 6월 5일 08시,월요일,서울특별시 송파구 오금동,부상신고사고,0,0,0,1,차대차 - 측면충돌,안전운전불이행,포장 - 건조,맑음,단일로 - 기타,자전거,남,13세,부상신고,승용,여,50세,상해없음
2017060500100139,2017년 6월 5일 09시,월요일,서울특별시 관악구 신림동,경상사고,0,0,1,0,차대차 - 측면충돌,중앙선침범,포장 - 건조,맑음,단일로 - 기타,자전거,여,47세,경상,승용,남,65세,상해없음
2017060500100143,2017년 6월 5일 09시,월요일,서울특별시 강남구 자곡동,경상사고,0,0,1,0,차대차 - 정면충돌,안전운전불이행,포장 - 건조,맑음,교차로 - 교차로안,자전거,남,12세,경상,승용,여,31세,상해없음
2017060500100207,2017년 6월 5일 11시,월요일,서울특별시 금천구 시흥동,경상사고,0,0,1,0,차대차 - 측면충돌,안전운전불이행,포장 - 건조,맑음,단일로 - 기타,자전거,남,48세,경상,승용,여,60세,상해없음
2017060500100295,2017년 6월 5일 14시,월요일,서울특별시 강남구 신사동,중상사고,0,1,0,0,차대차 - 정면충돌,신호위반,포장 - 건조,맑음,교차로 - 교차로안,자전거,여,25세,중상,승합,남,60세,상해없음
2017060500100360,2017년 6월 5일 16시,월요일,서울특별시 동대문구 용두동,경상사고,0,0,1,0,차대차 - 측면충돌,안전운전불이행,포장 - 건조,맑음,단일로 - 기타,자전거,남,65세,경상,이륜,남,59세,상해없음
2017060500100496,2017년 6월 5일 19시,월요일,서울특별시 영등포구 대림동,경상사고,0,0,1,0,차대차 - 정면충돌,직진우회전진행방해,포장 - 건조,맑음,교차로 - 교차로안,자전거,여,59세,경상,승용,남,56세,상해없음
2017060500100636,2017년 6월 5일 23시,월요일,서울특별시 동작구 대방동,경상사고,0,0,1,0,차대차 - 측면충돌,불법유턴,포장 - 건조,맑음,단일로 - 기타,자전거,남,29세,경상,승용,남,57세,상해없음
2017060600100118,2017년 6월 6일 09시,화요일,서울특별시 도봉구 방학동,부상신고사고,0,0,0,1,차대차 - 측면충돌,안전운전불이행,포장 - 건조,맑음,교차로 - 교차로안,자전거,남,35세,부상신고,승용,남,63세,상해없음
2017060600100305,2017년 6월 6일 16시,화요일,서울특별시 강서구 염창동,부상신고사고,0,0,0,1,차대차 - 측면충돌,안전운전불이행,포장 - 건조,맑음,기타 - 기타,자전거,남,52세,부상신고,자전거,남,52세,상해없음
2017060700100247,2017년 6월 7일 12시,수요일,서울특별시 성동구 성수동1가,부상신고사고,0,0,0,1,차대차 - 기타,중앙선침범,포장 - 건조,맑음,교차로 - 교차로안,자전거,남,66세,부상신고,승용,남,33세,상해없음
2017060800100110,2017년 6월 8일 08시,목요일,서울특별시 강동구 고덕동,경상사고,0,0,1,0,차대차 - 기타,중앙선침범,포장 - 건조,맑음,교차로 - 교차로안,자전거,남,16세,경상,승용,여,42세,상해없음
2017060800100139,2017년 6월 8일 09시,목요일,서울특별시 광진구 구의동,중상사고,0,1,0,0,차대차 - 기타,안전운전불이행,포장 - 건조,맑음,단일로 - 기타,자전거,남,63세,중상,승용,남,57세,상해없음
2017060800100143,2017년 6월 8일 09시,목요일,서울특별시 송파구 오금동,경상사고,0,0,1,0,차대차 - 측면충돌,안전운전불이행,포장 - 건조,맑음,단일로 - 기타,자전거,여,62세,경상,승용,여,38세,상해없음
2017060800100173,2017년 6월 8일 10시,목요일,서울특별시 강서구 가양동,경상사고,0,0,1,0,차대차 - 측면충돌,안전거리미확보,포장 - 건조,맑음,단일로 - 기타,자전거,남,65세,상해없음,자전거,남,79세,경상
2017060800100224,2017년 6월 8일 12시,목요일,서울특별시 성북구 장위동,경상사고,0,0,2,0,차대사람 - 횡단중,신호위반,포장 - 건조,맑음,교차로 - 교차로안,자전거,남,45세,상해없음,보행자,여,73세,경상
2017060800100386,2017년 6월 8일 17시,목요일,서울특별시 성동구 마장동,중상사고,0,1,0,0,차대사람 - 횡단중,안전운전불이행,포장 - 건조,맑음,기타 - 기타,자전거,남,48세,상해없음,보행자,여,62세,중상
2017060900100045,2017년 6월 9일 02시,금요일,서울특별시 서대문구 남가좌동,경상사고,0,0,1,1,차대사람 - 횡단중,안전운전불이행,포장 - 건조,흐림,단일로 - 기타,자전거,남,26세,부상신고,보행자,남,28세,경상
2017060900100070,2017년 6월 9일 06시,금요일,서울특별시 성동구 성수동1가,부상신고사고,0,0,0,1,차대사람 - 횡단중,안전운전불이행,포장 - 건조,맑음,기타 - 기타,자전거,남,46세,상해없음,보행자,남,71세,부상신고
2017060900100174,2017년 6월 9일 10시,금요일,서울특별시 영등포구 신길동,경상사고,0,0,1,0,차대차 - 기타,기타,포장 - 건조,맑음,기타 - 기타,자전거,여,51세,경상,승용,남,25세,상해없음
2017060900100357,2017년 6월 9일 16시,금요일,서울특별시 강동구 길동,중상사고,0,1,0,0,차대차 - 정면충돌,교차로운행방법위반,포장 - 건조,맑음,교차로 - 교차로안,자전거,여,58세,중상,화물,남,57세,상해없음
2017060900100359,2017년 6월 9일 16시,금요일,서울특별시 송파구 잠실동,경상사고,0,0,1,0,차대사람 - 기타,안전운전불이행,포장 - 건조,맑음,단일로 - 교량,자전거,남,40세,상해없음,보행자,여,67세,경상
2017060900100585,2017년 6월 9일 22시,금요일,서울특별시 성동구 옥수동,중상사고,0,1,0,0,차대차 - 측면충돌,안전운전불이행,포장 - 건조,맑음,단일로 - 기타,자전거,남,26세,상해없음,자전거,여,24세,중상
2017061000100185,2017년 6월 10일 10시,토요일,서울특별시 도봉구 도봉동,중상사고,0,1,0,0,차대차 - 측면충돌,안전운전불이행,포장 - 건조,맑음,교차로 - 교차로안,자전거,남,38세,상해없음,자전거,여,50세,중상
2017061000100213,2017년 6월 10일 11시,토요일,서울특별시 용산구 보광동,경상사고,0,0,1,0,차대차 - 기타,안전운전불이행,포장 - 기타,맑음,기타 - 기타,자전거,여,58세,상해없음,자전거,남,51세,경상
2017061000100217,2017년 6월 10일 11시,토요일,서울특별시 영등포구 여의도동,경상사고,0,0,1,0,차대사람 - 기타,안전운전불이행,포장 - 건조,맑음,단일로 - 기타,자전거,남,38세,상해없음,보행자,여,5세,경상
2017061000100219,2017년 6월 10일 11시,토요일,서울특별시 송파구 석촌동,부상신고사고,0,0,0,1,차대차 - 추돌,안전운전불이행,포장 - 건조,맑음,단일로 - 기타,자전거,남,9세,부상신고,화물,남,53세,상해없음
2017061000100294,2017년 6월 10일 13시,토요일,서울특별시 동대문구 전농동,경상사고,0,0,1,0,차대차 - 기타,안전운전불이행,포장 - 건조,맑음,단일로 - 기타,자전거,남,13세,경상,승용,남,38세,상해없음
2017061000100340,2017년 6월 10일 14시,토요일,서울특별시 서초구 잠원동,부상신고사고,0,0,0,1,차대차 - 기타,안전운전불이행,포장 - 건조,맑음,단일로 - 기타,자전거,남,39세,부상신고,자전거,남,30세,상해없음
2017061000100509,2017년 6월 10일 19시,토요일,서울특별시 성동구 용답동,경상사고,0,0,1,0,차대차 - 기타,안전거리미확보,포장 - 건조,맑음,단일로 - 기타,자전거,남,40세,경상,자전거,남,48세,상해없음
2017061000100534,2017년 6월 10일 20시,토요일,서울특별시 광진구 자양동,중상사고,0,1,0,0,차대차 - 기타,안전운전불이행,포장 - 건조,맑음,단일로 - 기타,자전거,남,61세,상해없음,자전거,여,53세,중상
2017061100100116,2017년 6월 11일 07시,일요일,서울특별시 노원구 월계동,경상사고,0,0,1,0,차대사람 - 기타,안전운전불이행,포장 - 건조,맑음,기타 - 기타,자전거,남,59세,경상,보행자,여,52세,상해없음
2017061100100153,2017년 6월 11일 09시,일요일,서울특별시 서초구 잠원동,중상사고,0,1,0,0,차대차 - 측면충돌,안전운전불이행,포장 - 건조,맑음,단일로 - 기타,자전거,남,47세,상해없음,자전거,남,42세,중상
2017061100100233,2017년 6월 11일 13시,일요일,서울특별시 동대문구 휘경동,중상사고,0,1,0,1,차대차 - 기타,안전운전불이행,포장 - 건조,맑음,단일로 - 기타,자전거,남,31세,부상신고,자전거,여,30세,중상
2017061100100399,2017년 6월 11일 18시,일요일,서울특별시 양천구 신정동,중상사고,0,1,0,0,차대차 - 측면충돌,안전운전불이행,포장 - 건조,맑음,단일로 - 기타,자전거,남,48세,상해없음,자전거,여,54세,중상
2017061200100047,2017년 6월 12일 05시,월요일,서울특별시 동대문구 답십리동,경상사고,0,0,1,0,차대차 - 추돌,안전거리미확보,포장 - 건조,맑음,단일로 - 기타,자전거,여,76세,경상,승합,남,68세,상해없음
2017061200100269,2017년 6월 12일 13시,월요일,서울특별시 서초구 반포동,중상사고,0,1,0,0,차대사람 - 보도통행중,중앙선침범,포장 - 건조,맑음,단일로 - 기타,자전거,남,62세,기타불명,보행자,여,57세,중상
2017061200100344,2017년 6월 12일 15시,월요일,서울특별시 송파구 가락동,부상신고사고,0,0,0,1,차대차 - 정면충돌,중앙선침범,포장 - 건조,맑음,단일로 - 기타,자전거,남,15세,부상신고,기타불명,기타불명,미분류,기타불명
2017061200100377,2017년 6월 12일 16시,월요일,서울특별시 광진구 광장동,중상사고,0,1,0,0,차대사람 - 기타,안전운전불이행,포장 - 건조,맑음,기타 - 기타,자전거,남,17세,상해없음,보행자,여,31세,중상
2017061200100379,2017년 6월 12일 16시,월요일,서울특별시 송파구 문정동,경상사고,0,0,1,0,차대사람 - 보도통행중,기타,포장 - 건조,맑음,기타 - 기타,자전거,남,40세,상해없음,보행자,여,30세,경상
2017061200100449,2017년 6월 12일 18시,월요일,서울특별시 강남구 청담동,중상사고,0,1,0,0,차대사람 - 길가장자리구역통행중,안전운전불이행,포장 - 기타,맑음,기타 - 기타,자전거,남,29세,상해없음,보행자,여,60세,중상
2017061200100450,2017년 6월 12일 18시,월요일,서울특별시 강서구 방화동,경상사고,0,0,1,0,차대차 - 기타,직진우회전진행방해,포장 - 건조,맑음,교차로 - 교차로안,자전거,남,8세,경상,승용,남,48세,상해없음
2017061300100087,2017년 6월 13일 08시,화요일,서울특별시 종로구 명륜2가,중상사고,0,1,0,0,차대사람 - 횡단중,보행자보호의무위반,포장 - 건조,맑음,단일로 - 기타,자전거,남,25세,상해없음,보행자,여,90세 이상,중상
2017061300100088,2017년 6월 13일 08시,화요일,서울특별시 서대문구 북가좌동,부상신고사고,0,0,0,1,차대차 - 측면충돌,교차로운행방법위반,포장 - 건조,맑음,교차로 - 교차로안,자전거,남,16세,부상신고,승합,남,58세,상해없음
2017061300100264,2017년 6월 13일 14시,화요일,서울특별시 동대문구 제기동,경상사고,0,0,1,0,차대차 - 기타,안전운전불이행,포장 - 건조,맑음,기타 - 기타,자전거,남,78세,경상,승합,남,55세,상해없음
2017061300100475,2017년 6월 13일 19시,화요일,서울특별시 강남구 삼성동,중상사고,0,2,0,0,차대차 - 정면충돌,안전운전불이행,포장 - 기타,맑음,기타 - 기타,자전거,남,34세,중상,자전거,여,40세,중상
2017061300100476,2017년 6월 13일 19시,화요일,서울특별시 강서구 화곡동,경상사고,0,0,1,0,차대사람 - 횡단중,보행자보호의무위반,포장 - 건조,맑음,교차로 - 교차로횡단보도내,자전거,남,17세,기타불명,보행자,여,54세,경상
2017061300100477,2017년 6월 13일 19시,화요일,서울특별시 강서구 등촌동,부상신고사고,0,0,0,1,차대차 - 기타,안전운전불이행,포장 - 건조,맑음,교차로 - 교차로부근,자전거,여,48세,부상신고,승용,남,36세,상해없음
2017061300100514,2017년 6월 13일 20시,화요일,서울특별시 강동구 성내동,경상사고,0,0,1,0,차대차 - 기타,기타,포장 - 건조,맑음,단일로 - 기타,자전거,남,35세,경상,승용,여,53세,상해없음
2017061400100110,2017년 6월 14일 07시,수요일,서울특별시 양천구 신정동,경상사고,0,0,1,0,차대차 - 기타,안전운전불이행,포장 - 건조,맑음,기타 - 기타,자전거,남,34세,경상,화물,남,52세,상해없음
2017061400100330,2017년 6월 14일 14시,수요일,서울특별시 양천구 신정동,부상신고사고,0,0,0,1,차대차 - 기타,안전운전불이행,포장 - 건조,맑음,단일로 - 기타,자전거,남,70세,상해없음,자전거,남,35세,부상신고
2017061400100358,2017년 6월 14일 15시,수요일,서울특별시 중랑구 신내동,중상사고,0,1,0,0,차대차 - 기타,신호위반,포장 - 건조,맑음,교차로 - 교차로안,자전거,남,13세,중상,승합,남,78세,상해없음
2017061400100400,2017년 6월 14일 16시,수요일,서울특별시 동대문구 휘경동,경상사고,0,0,1,0,차대차 - 측면충돌,안전운전불이행,포장 - 건조,맑음,교차로 - 교차로안,자전거,남,18세,경상,승용,남,54세,상해없음
2017061400100407,2017년 6월 14일 16시,수요일,서울특별시 구로구 구로동,경상사고,0,0,1,0,차대차 - 측면충돌,신호위반,포장 - 건조,맑음,교차로 - 교차로안,자전거,남,62세,경상,승용,여,40세,상해없음
2017061400100444,2017년 6월 14일 17시,수요일,서울특별시 관악구 신림동,경상사고,0,0,1,0,차대차 - 측면충돌,중앙선침범,포장 - 건조,맑음,교차로 - 교차로안,자전거,남,26세,경상,승용,남,37세,상해없음
2017061400100446,2017년 6월 14일 17시,수요일,서울특별시 관악구 신림동,경상사고,0,0,1,0,차대차 - 기타,안전운전불이행,포장 - 건조,맑음,단일로 - 기타,자전거,남,71세,경상,승합,남,63세,상해없음
2017061400100450,2017년 6월 14일 17시,수요일,서울특별시 성북구 하월곡동,부상신고사고,0,0,0,1,차대차 - 측면충돌,안전운전불이행,포장 - 건조,맑음,교차로 - 교차로안,자전거,남,60세,부상신고,승용,여,47세,상해없음
2017061400100541,2017년 6월 14일 19시,수요일,서울특별시 송파구 송파동,경상사고,0,0,1,0,차대사람 - 횡단중,안전운전불이행,포장 - 건조,맑음,단일로 - 기타,자전거,남,30세,경상,보행자,여,50세,상해없음
2017061500100196,2017년 6월 15일 10시,목요일,서울특별시 성북구 종암동,경상사고,0,0,1,0,차대차 - 측면충돌,신호위반,포장 - 건조,맑음,교차로 - 교차로안,자전거,남,75세,경상,승합,남,68세,상해없음
2017061500100339,2017년 6월 15일 14시,목요일,서울특별시 종로구 창신동,경상사고,0,0,1,0,차대사람 - 길가장자리구역통행중,안전운전불이행,포장 - 건조,맑음,단일로 - 기타,자전거,남,74세,상해없음,보행자,여,56세,경상
2017061500100371,2017년 6월 15일 15시,목요일,서울특별시 서대문구 남가좌동,중상사고,0,1,0,0,차대사람 - 횡단중,안전운전불이행,포장 - 건조,맑음,단일로 - 기타,자전거,남,15세,상해없음,보행자,남,57세,중상
2017061500100443,2017년 6월 15일 17시,목요일,서울특별시 중랑구 망우동,부상신고사고,0,0,0,1,차대차 - 측면충돌,직진우회전진행방해,포장 - 건조,맑음,교차로 - 교차로안,자전거,남,52세,부상신고,승용,남,57세,상해없음
2017061500100481,2017년 6월 15일 18시,목요일,서울특별시 강서구 가양동,경상사고,0,0,1,0,차대차 - 측면충돌,차로위반,포장 - 기타,맑음,단일로 - 기타,자전거,여,69세,경상,이륜,남,27세,상해없음
2017061500100522,2017년 6월 15일 19시,목요일,서울특별시 중랑구 망우동,부상신고사고,0,0,0,1,차대차 - 정면충돌,안전거리미확보,포장 - 건조,맑음,교차로 - 교차로횡단보도내,자전거,남,13세,부상신고,이륜,남,45세,상해없음
2017061500100523,2017년 6월 15일 19시,목요일,서울특별시 중랑구 중화동,경상사고,0,0,2,0,차대차 - 기타,안전운전불이행,포장 - 건조,맑음,단일로 - 기타,자전거,남,45세,경상,자전거,남,41세,경상
2017061500100525,2017년 6월 15일 19시,목요일,서울특별시 송파구 방이동,중상사고,0,1,0,0,차대차 - 측면충돌,안전운전불이행,포장 - 건조,맑음,교차로 - 교차로안,자전거,남,58세,중상,승용,남,45세,상해없음
2017061500100615,2017년 6월 15일 22시,목요일,서울특별시 종로구 종로5가,부상신고사고,0,0,0,1,차대차 - 측면충돌,안전운전불이행,포장 - 건조,맑음,단일로 - 기타,자전거,남,62세,부상신고,승합,남,44세,상해없음
2017061600100107,2017년 6월 16일 08시,금요일,서울특별시 동대문구 장안동,경상사고,0,0,1,0,차대사람 - 기타,안전운전불이행,포장 - 건조,맑음,단일로 - 기타,자전거,남,34세,상해없음,보행자,남,73세,경상
2017061600100207,2017년 6월 16일 11시,금요일,서울특별시 마포구 서교동,부상신고사고,0,0,0,1,차대차 - 측면충돌,안전운전불이행,포장 - 건조,맑음,단일로 - 기타,자전거,남,29세,부상신고,승용,여,40세,상해없음
2017061600100302,2017년 6월 16일 14시,금요일,서울특별시 영등포구 문래동2가,부상신고사고,0,0,0,1,차대차 - 정면충돌,안전운전불이행,포장 - 건조,맑음,단일로 - 기타,자전거,여,48세,부상신고,승용,남,28세,상해없음
2017061600100303,2017년 6월 16일 14시,금요일,서울특별시 노원구 월계동,부상신고사고,0,0,0,1,차대사람 - 길가장자리구역통행중,안전운전불이행,포장 - 건조,맑음,단일로 - 기타,자전거,남,14세,상해없음,보행자,여,69세,부상신고