사고번호,사고일시,요일,시군구,사고내용,사망자수,중상자수,경상자수,부상신고자수,사고유형,법규위반,노면상태,기상상태,도로형태,가해운전자 차종,가해운전자 성별,가해운전자 연령,가해운전자 상해정도,피해운전자 차종,피해운전자 성별,피해운전자 연령,피해운전자 상해정도
2017061600100336,2017년 6월 16일 15시,금요일,서울특별시 송파구 풍납동,경상사고,0,0,1,0,차대차 - 정면충돌,중앙선침범,포장 - 건조,맑음,교차로 - 교차로부근,자전거,남,13세,경상,승용,여,43세,상해없음
2017061600100368,2017년 6월 16일 16시,금요일,서울특별시 강동구 암사동,경상사고,0,0,1,0,차대차 - 기타,기타,포장 - 건조,맑음,교차로 - 교차로안,자전거,남,23세,경상,승용,여,37세,상해없음
2017061600100369,2017년 6월 16일 16시,금요일,서울특별시 송파구 송파동,경상사고,0,0,1,0,차대차 - 정면충돌,중앙선침범,포장 - 건조,맑음,교차로 - 교차로부근,자전거,남,67세,경상,화물,남,37세,상해없음
2017061600100415,2017년 6월 16일 17시,금요일,서울특별시 중랑구 면목동,부상신고사고,0,0,0,1,차대차 - 추돌,안전운전불이행,포장 - 건조,맑음,교차로 - 교차로부근,자전거,남,14세,부상신고,승용,남,70세,상해없음
2017061600100454,2017년 6월 16일 18시,금요일,서울특별시 영등포구 대림동,중상사고,0,1,0,0,차량단독 - 기타,안전운전불이행,포장 - 건조,맑음,단일로 - 기타,자전거,남,53세,중상,,,,
2017061600100456,2017년 6월 16일 18시,금요일,서울특별시 송파구 방이동,경상사고,0,0,1,1,차대사람 - 기타,안전운전불이행,포장 - 건조,맑음,기타 - 기타,자전거,남,39세,경상,보행자,여,16세,부상신고
2017061600100518,2017년 6월 16일 20시,금요일,서울특별시 송파구 석촌동,중상사고,0,1,0,1,차대사람 - 횡단중,안전운전불이행,포장 - 건조,맑음,단일로 - 기타,자전거,남,47세,부상신고,보행자,여,61세,중상
2017061700100044,2017년 6월 17일 01시,토요일,서울특별시 중랑구 묵동,중상사고,0,1,0,0,차대차 - 추돌,안전운전불이행,포장 - 건조,맑음,단일로 - 기타,자전거,남,53세,중상,승용,기타불명,미분류,기타불명
2017061700100129,2017년 6월 17일 08시,토요일,서울특별시 종로구 충신동,경상사고,0,0,1,0,차대사람 - 횡단중,신호위반,포장 - 건조,맑음,단일로 - 기타,자전거,남,45세,상해없음,보행자,여,47세,경상
2017061700100162,2017년 6월 17일 09시,토요일,서울특별시 송파구 삼전동,경상사고,0,0,1,0,차대사람 - 기타,안전운전불이행,포장 - 건조,맑음,기타 - 기타,자전거,여,46세,상해없음,보행자,여,41세,경상
2017061700100239,2017년 6월 17일 11시,토요일,서울특별시 중랑구 신내동,중상사고,0,1,0,0,차대차 - 기타,안전운전불이행,포장 - 건조,맑음,교차로 - 교차로안,자전거,남,23세,중상,승용,남,36세,상해없음
2017061700100240,2017년 6월 17일 11시,토요일,서울특별시 강서구 방화동,사망사고,1,0,0,0,차대차 - 측면충돌,불법유턴,포장 - 건조,맑음,단일로 - 기타,자전거,여,72세,사망,승합,여,52세,상해없음
2017061700100281,2017년 6월 17일 12시,토요일,서울특별시 강서구 마곡동,경상사고,0,0,1,0,차대차 - 기타,안전운전불이행,포장 - 기타,맑음,단일로 - 기타,자전거,남,58세,상해없음,자전거,남,58세,경상
2017061700100320,2017년 6월 17일 13시,토요일,서울특별시 중랑구 면목동,경상사고,0,0,1,0,차대차 - 측면충돌,불법유턴,포장 - 건조,맑음,교차로 - 교차로안,자전거,여,60세,경상,승합,남,49세,상해없음
2017061700100323,2017년 6월 17일 13시,토요일,서울특별시 은평구 갈현동,경상사고,0,0,1,0,차대차 - 측면충돌,신호위반,포장 - 건조,맑음,교차로 - 교차로안,자전거,남,16세,경상,승용,여,43세,상해없음
2017061800100147,2017년 6월 18일 11시,일요일,서울특별시 송파구 가락동,경상사고,0,0,1,0,차대차 - 기타,안전운전불이행,포장 - 건조,맑음,단일로 - 기타,자전거,남,12세,경상,기타불명,기타불명,미분류,기타불명
2017061800100197,2017년 6월 18일 13시,일요일,서울특별시 용산구 이촌동,경상사고,0,0,1,0,차대차 - 측면충돌,안전운전불이행,포장 - 건조,맑음,단일로 - 기타,자전거,남,79세,상해없음,자전거,여,51세,경상
2017061800100378,2017년 6월 18일 19시,일요일,서울특별시 용산구 이촌동,경상사고,0,0,1,0,차대사람 - 기타,안전운전불이행,포장 - 건조,맑음,기타 - 기타,자전거,남,26세,상해없음,보행자,남,6세,경상
2017061800100381,2017년 6월 18일 19시,일요일,서울특별시 강서구 마곡동,경상사고,0,0,1,0,차대차 - 기타,안전운전불이행,포장 - 기타,맑음,단일로 - 기타,자전거,여,44세,경상,승용,남,34세,상해없음
2017061800100426,2017년 6월 18일 21시,일요일,서울특별시 동대문구 장안동,경상사고,0,0,1,0,차대차 - 기타,안전운전불이행,포장 - 건조,맑음,단일로 - 기타,자전거,남,46세,기타불명,자전거,남,34세,경상
2017061900100129,2017년 6월 19일 08시,월요일,서울특별시 중랑구 신내동,부상신고사고,0,0,0,1,차대차 - 기타,불법유턴,포장 - 건조,맑음,교차로 - 교차로횡단보도내,자전거,남,65세,부상신고,승합,남,57세,상해없음
2017061900100245,2017년 6월 19일 11시,월요일,서울특별시 동대문구 제기동,경상사고,0,0,1,0,차대차 - 측면충돌,중앙선침범,포장 - 건조,맑음,교차로 - 교차로부근,자전거,남,73세,경상,승합,남,55세,상해없음
2017061900100420,2017년 6월 19일 16시,월요일,서울특별시 중랑구 면목동,부상신고사고,0,0,0,1,차대차 - 측면충돌,안전운전불이행,포장 - 건조,맑음,교차로 - 교차로안,자전거,남,38세,부상신고,승용,남,58세,상해없음
2017061900100465,2017년 6월 19일 17시,월요일,서울특별시 도봉구 도봉동,경상사고,0,0,1,0,차대차 - 측면충돌,기타,포장 - 건조,맑음,교차로 - 교차로횡단보도내,자전거,남,15세,경상,화물,남,65세,상해없음
2017061900100595,2017년 6월 19일 21시,월요일,서울특별시 중구 신당동,중상사고,0,1,0,0,차대사람 - 차도통행중,안전운전불이행,포장 - 건조,맑음,단일로 - 기타,자전거,남,34세,상해없음,보행자,여,66세,중상
2017062000100074,2017년 6월 20일 07시,화요일,서울특별시 용산구 한강로1가,경상사고,0,0,1,0,차대차 - 측면충돌,안전운전불이행,포장 - 건조,맑음,단일로 - 기타,자전거,남,47세,경상,승용,여,33세,상해없음
2017062000100241,2017년 6월 20일 12시,화요일,서울특별시 중랑구 망우동,부상신고사고,0,0,0,1,차대차 - 기타,안전운전불이행,포장 - 건조,맑음,단일로 - 기타,자전거,남,37세,부상신고,승용,남,77세,상해없음
2017062000100335,2017년 6월 20일 15시,화요일,서울특별시 강동구 명일동,부상신고사고,0,0,0,1,차대차 - 측면충돌,안전운전불이행,포장 - 건조,맑음,교차로 - 교차로안,자전거,여,67세,부상신고,승합,남,46세,상해없음
2017062000100449,2017년 6월 20일 18시,화요일,서울특별시 성동구 마장동,경상사고,0,0,1,0,차대차 - 측면충돌,안전운전불이행,포장 - 건조,맑음,교차로 - 교차로횡단보도내,자전거,남,63세,경상,승용,남,65세,상해없음
2017062000100450,2017년 6월 20일 18시,화요일,서울특별시 강서구 마곡동,부상신고사고,0,0,0,1,차대차 - 추돌,안전운전불이행,포장 - 건조,맑음,단일로 - 기타,자전거,남,13세,부상신고,승용,남,62세,상해없음
2017062000100491,2017년 6월 20일 19시,화요일,서울특별시 송파구 방이동,경상사고,0,0,1,0,차대차 - 측면충돌,불법유턴,포장 - 건조,맑음,교차로 - 교차로횡단보도내,자전거,여,44세,경상,승용,여,29세,상해없음
2017062000100557,2017년 6월 20일 21시,화요일,서울특별시 성동구 성수동1가,중상사고,0,1,0,0,차대차 - 기타,안전운전불이행,포장 - 건조,맑음,단일로 - 기타,자전거,남,37세,상해없음,자전거,남,47세,중상
2017062000100594,2017년 6월 20일 22시,화요일,서울특별시 영등포구 영등포동,중상사고,0,1,0,0,차대차 - 기타,안전운전불이행,포장 - 건조,맑음,단일로 - 기타,자전거,남,43세,중상,화물,남,50세,상해없음
2017062100100077,2017년 6월 21일 05시,수요일,서울특별시 송파구 삼전동,부상신고사고,0,0,0,1,차대차 - 측면충돌,중앙선침범,포장 - 건조,맑음,교차로 - 교차로안,자전거,남,51세,부상신고,승용,남,48세,상해없음
2017062100100113,2017년 6월 21일 08시,수요일,서울특별시 서대문구 북가좌동,부상신고사고,0,0,0,1,차대차 - 측면충돌,안전운전불이행,포장 - 건조,맑음,교차로 - 교차로부근,자전거,남,46세,부상신고,승용,남,52세,상해없음
2017062100100306,2017년 6월 21일 15시,수요일,서울특별시 중랑구 면목동,경상사고,0,0,1,0,차대차 - 정면충돌,신호위반,포장 - 건조,맑음,단일로 - 기타,자전거,여,25세,경상,화물,남,63세,상해없음
2017062100100422,2017년 6월 21일 18시,수요일,서울특별시 용산구 이촌동,중상사고,0,1,0,0,차대사람 - 길가장자리구역통행중,안전운전불이행,포장 - 건조,맑음,기타 - 기타,자전거,남,46세,상해없음,보행자,남,62세,중상
2017062100100425,2017년 6월 21일 18시,수요일,서울특별시 송파구 오금동,경상사고,0,0,1,0,차대차 - 측면충돌,직진우회전진행방해,포장 - 건조,맑음,교차로 - 교차로안,자전거,남,18세,경상,승용,남,35세,상해없음
2017062100100550,2017년 6월 21일 22시,수요일,서울특별시 강서구 방화동,부상신고사고,0,0,0,2,차대차 - 기타,안전운전불이행,포장 - 건조,맑음,교차로 - 교차로부근,자전거,남,8세,부상신고,자전거,남,13세,부상신고
2017062100100555,2017년 6월 21일 22시,수요일,서울특별시 도봉구 방학동,경상사고,0,0,1,0,차대차 - 측면충돌,불법유턴,포장 - 건조,맑음,기타 - 기타,자전거,여,13세,경상,승용,남,45세,상해없음
2017062200100071,2017년 6월 22일 07시,목요일,서울특별시 영등포구 대림동,부상신고사고,0,0,0,1,차대차 - 기타,중앙선침범,포장 - 건조,맑음,교차로 - 교차로안,자전거,남,17세,부상신고,승용,남,55세,상해없음
2017062200100101,2017년 6월 22일 08시,목요일,서울특별시 송파구 풍납동,경상사고,0,0,1,0,차대차 - 기타,안전운전불이행,포장 - 건조,맑음,교차로 - 교차로부근,자전거,남,12세,경상,승용,남,62세,상해없음
2017062200100143,2017년 6월 22일 09시,목요일,서울특별시 동대문구 답십리동,경상사고,0,0,1,0,차량단독 - 전도전복,안전운전불이행,포장 - 건조,맑음,단일로 - 기타,자전거,남,50세,경상,미분류,미분류,미분류,미분류
2017062200100176,2017년 6월 22일 10시,목요일,서울특별시 강남구 삼성동,경상사고,0,0,1,0,차대사람 - 보도통행중,안전운전불이행,포장 - 건조,맑음,단일로 - 기타,자전거,남,27세,상해없음,보행자,여,70세,경상
2017062200100407,2017년 6월 22일 17시,목요일,서울특별시 송파구 송파동,부상신고사고,0,0,0,2,차대차 - 측면충돌,안전운전불이행,포장 - 건조,맑음,교차로 - 교차로횡단보도내,자전거,남,16세,부상신고,이륜,남,21세,부상신고
2017062200100560,2017년 6월 22일 21시,목요일,서울특별시 용산구 보광동,경상사고,0,0,2,0,차대차 - 추돌,안전거리미확보,포장 - 건조,맑음,기타 - 기타,자전거,여,32세,경상,자전거,여,25세,경상
2017062300100080,2017년 6월 23일 05시,금요일,서울특별시 광진구 자양동,부상신고사고,0,0,0,1,차대차 - 기타,안전운전불이행,포장 - 건조,맑음,단일로 - 기타,자전거,남,53세,부상신고,승용,남,38세,상해없음
2017062300100252,2017년 6월 23일 11시,금요일,서울특별시 양천구 목동,경상사고,0,0,1,0,차대차 - 정면충돌,안전운전불이행,포장 - 건조,맑음,교차로 - 교차로안,자전거,남,70세,경상,화물,남,56세,상해없음
2017062300100305,2017년 6월 23일 13시,금요일,서울특별시 금천구 시흥동,경상사고,0,0,1,0,차대차 - 기타,안전운전불이행,포장 - 건조,맑음,교차로 - 교차로안,자전거,남,77세,경상,승용,여,59세,상해없음
2017062300100354,2017년 6월 23일 15시,금요일,서울특별시 관악구 신림동,중상사고,0,1,1,0,차대차 - 기타,교차로운행방법위반,포장 - 건조,맑음,교차로 - 교차로안,자전거,남,12세,중상,승용,남,72세,경상
2017062300100395,2017년 6월 23일 16시,금요일,서울특별시 광진구 자양동,경상사고,0,0,1,0,차대차 - 측면충돌,안전운전불이행,포장 - 건조,맑음,교차로 - 교차로부근,자전거,남,11세,경상,승용,여,30세,상해없음
2017062300100503,2017년 6월 23일 18시,금요일,서울특별시 노원구 월계동,중상사고,0,1,0,0,차대차 - 측면충돌,기타,포장 - 건조,맑음,교차로 - 교차로횡단보도내,자전거,남,62세,중상,화물,남,43세,상해없음
2017062300100551,2017년 6월 23일 19시,금요일,서울특별시 중랑구 면목동,경상사고,0,0,1,0,차대차 - 정면충돌,안전운전불이행,포장 - 건조,맑음,교차로 - 교차로부근,자전거,남,16세,상해없음,승용,여,46세,상해없음
2017062300100556,2017년 6월 23일 19시,금요일,서울특별시 양천구 신정동,경상사고,0,0,1,0,차대사람 - 횡단중,안전운전불이행,포장 - 건조,맑음,단일로 - 기타,자전거,남,39세,상해없음,보행자,남,55세,경상
2017062300100578,2017년 6월 23일 20시,금요일,서울특별시 동대문구 용두동,부상신고사고,0,0,0,1,차대차 - 측면충돌,안전운전불이행,포장 - 건조,맑음,단일로 - 기타,자전거,남,13세,부상신고,이륜,남,45세,상해없음
2017062400100216,2017년 6월 24일 11시,토요일,서울특별시 송파구 풍납동,경상사고,0,0,1,0,차대차 - 정면충돌,안전운전불이행,포장 - 건조,맑음,단일로 - 기타,자전거,남,62세,상해없음,자전거,남,44세,경상
2017062400100277,2017년 6월 24일 13시,토요일,서울특별시 강북구 미아동,경상사고,0,0,1,0,차대차 - 기타,중앙선침범,포장 - 건조,맑음,교차로 - 교차로안,자전거,남,58세,기타불명,이륜,남,35세,경상
2017062400100307,2017년 6월 24일 14시,토요일,서울특별시 송파구 삼전동,부상신고사고,0,0,0,1,차대차 - 정면충돌,안전운전불이행,포장 - 건조,흐림,교차로 - 교차로부근,자전거,남,8세,부상신고,승용,남,32세,상해없음
2017062400100312,2017년 6월 24일 14시,토요일,서울특별시 강남구 대치동,부상신고사고,0,0,0,1,차대차 - 기타,기타,포장 - 건조,맑음,기타 - 기타,자전거,남,31세,부상신고,승용,여,51세,상해없음
2017062400100440,2017년 6월 24일 18시,토요일,서울특별시 강동구 암사동,경상사고,0,0,1,0,차대차 - 정면충돌,교차로운행방법위반,포장 - 건조,맑음,교차로 - 교차로안,자전거,남,34세,경상,원동기,남,28세,상해없음
2017062400100551,2017년 6월 24일 22시,토요일,서울특별시 중랑구 묵동,부상신고사고,0,0,0,1,차대차 - 기타,안전운전불이행,포장 - 젖음/습기,비,단일로 - 기타,자전거,남,38세,부상신고,이륜,남,19세,상해없음
2017062500100202,2017년 6월 25일 13시,일요일,서울특별시 서초구 잠원동,경상사고,0,0,1,0,차대사람 - 차도통행중,안전운전불이행,포장 - 건조,맑음,단일로 - 기타,자전거,남,44세,상해없음,보행자,남,61세,경상
2017062500100321,2017년 6월 25일 18시,일요일,서울특별시 은평구 신사동,중상사고,0,2,0,0,차대사람 - 횡단중,신호위반,포장 - 건조,맑음,교차로 - 교차로부근,자전거,남,15세,중상,보행자,남,45세,중상
2017062600100054,2017년 6월 26일 05시,월요일,서울특별시 송파구 문정동,중상사고,0,1,0,0,차대차 - 정면충돌,안전운전불이행,포장 - 젖음/습기,비,교차로 - 교차로횡단보도내,자전거,남,61세,중상,승용,남,67세,상해없음
2017062600100079,2017년 6월 26일 07시,월요일,서울특별시 영등포구 대림동,부상신고사고,0,0,0,1,차대차 - 측면충돌,중앙선침범,포장 - 젖음/습기,비,단일로 - 기타,자전거,남,73세,부상신고,승용,여,49세,상해없음
2017062600100083,2017년 6월 26일 07시,월요일,서울특별시 양천구 신정동,경상사고,0,0,1,0,차대차 - 기타,안전운전불이행,포장 - 젖음/습기,비,교차로 - 교차로안,자전거,여,16세,경상,승용,여,49세,상해없음
2017062600100084,2017년 6월 26일 07시,월요일,서울특별시 강남구 대치동,경상사고,0,0,1,1,차대사람 - 기타,기타,포장 - 건조,맑음,단일로 - 기타,자전거,남,15세,부상신고,보행자,남,47세,경상
2017062600100239,2017년 6월 26일 12시,월요일,서울특별시 중랑구 신내동,경상사고,0,0,1,0,차대차 - 기타,안전운전불이행,포장 - 건조,맑음,단일로 - 기타,자전거,남,52세,경상,승용,여,34세,상해없음
2017062600100309,2017년 6월 26일 14시,월요일,서울특별시 구로구 구로동,경상사고,0,0,1,0,차대차 - 측면충돌,안전운전불이행,포장 - 건조,맑음,단일로 - 기타,자전거,남,12세,경상,승합,남,33세,상해없음
2017062600100344,2017년 6월 26일 15시,월요일,서울특별시 구로구 개봉동,경상사고,0,0,1,0,차대차 - 측면충돌,중앙선침범,포장 - 건조,맑음,교차로 - 교차로횡단보도내,자전거,남,67세,경상,승용,여,31세,상해없음
2017062600100386,2017년 6월 26일 16시,월요일,서울특별시 양천구 목동,부상신고사고,0,0,0,1,차대차 - 측면충돌,안전운전불이행,포장 - 젖음/습기,비,교차로 - 교차로부근,자전거,남,10세,부상신고,화물,남,41세,상해없음
2017062600100467,2017년 6월 26일 18시,월요일,서울특별시 서초구 잠원동,중상사고,0,1,0,0,차대사람 - 기타,안전운전불이행,포장 - 젖음/습기,맑음,단일로 - 기타,자전거,남,45세,상해없음,보행자,여,48세,중상
2017062700100082,2017년 6월 27일 06시,화요일,서울특별시 송파구 잠실동,경상사고,0,0,1,1,차대차 - 측면충돌,안전운전불이행,포장 - 건조,맑음,단일로 - 기타,자전거,남,50세,부상신고,승용,남,36세,경상
2017062700100160,2017년 6월 27일 09시,화요일,서울특별시 동대문구 회기동,경상사고,0,0,1,0,차대차 - 측면충돌,안전운전불이행,포장 - 건조,맑음,교차로 - 교차로부근,자전거,남,70세,경상,승합,남,62세,상해없음
2017062700100162,2017년 6월 27일 09시,화요일,서울특별시 강남구 논현동,경상사고,0,0,1,0,차대사람 - 차도통행중,보행자보호의무위반,포장 - 건조,맑음,단일로 - 기타,자전거,남,33세,상해없음,보행자,남,31세,경상
2017062700100225,2017년 6월 27일 11시,화요일,서울특별시 성동구 성수동1가,경상사고,0,0,1,0,차대차 - 측면충돌,안전운전불이행,포장 - 건조,맑음,단일로 - 기타,자전거,여,18세,상해없음,자전거,남,78세,경상
2017062700100283,2017년 6월 27일 13시,화요일,서울특별시 도봉구 쌍문동,경상사고,0,0,1,0,차대차 - 기타,안전거리미확보,포장 - 건조,맑음,교차로 - 교차로안,자전거,여,56세,경상,승합,남,41세,상해없음
2017062700100316,2017년 6월 27일 14시,화요일,서울특별시 송파구 석촌동,경상사고,0,0,1,0,차대차 - 측면충돌,불법유턴,포장 - 건조,맑음,교차로 - 교차로안,자전거,남,62세,경상,화물,남,46세,상해없음
2017062700100422,2017년 6월 27일 17시,화요일,서울특별시 중랑구 신내동,부상신고사고,0,0,0,1,차대차 - 기타,안전운전불이행,포장 - 건조,맑음,교차로 - 교차로안,자전거,남,13세,부상신고,승용,여,58세,상해없음
2017062700100506,2017년 6월 27일 19시,화요일,서울특별시 강서구 염창동,중상사고,0,2,0,0,차대차 - 측면충돌,안전운전불이행,포장 - 건조,맑음,단일로 - 기타,자전거,남,52세,중상,자전거,남,24세,중상
2017062700100589,2017년 6월 27일 22시,화요일,서울특별시 노원구 상계동,경상사고,0,0,1,0,차대차 - 측면충돌,신호위반,포장 - 건조,맑음,교차로 - 교차로부근,자전거,남,17세,경상,승용,여,38세,상해없음
2017062800100085,2017년 6월 28일 06시,수요일,서울특별시 은평구 녹번동,경상사고,0,0,1,0,차대차 - 측면충돌,안전운전불이행,포장 - 건조,맑음,교차로 - 교차로부근,자전거,여,16세,경상,화물,남,64세,상해없음
2017062800100101,2017년 6월 28일 07시,수요일,서울특별시 성동구 옥수동,중상사고,0,1,0,0,차대사람 - 기타,안전운전불이행,포장 - 건조,맑음,단일로 - 기타,자전거,남,60세,상해없음,보행자,여,76세,중상
2017062800100255,2017년 6월 28일 13시,수요일,서울특별시 구로구 구로동,경상사고,0,0,1,0,차대차 - 기타,기타,포장 - 건조,맑음,단일로 - 기타,자전거,남,70세,경상,승용,남,65세,상해없음
2017062800100331,2017년 6월 28일 16시,수요일,서울특별시 광진구 광장동,중상사고,0,1,0,0,차대차 - 측면충돌,안전운전불이행,포장 - 건조,맑음,교차로 - 교차로횡단보도내,자전거,남,45세,중상,승용,여,38세,상해없음
2017062800100332,2017년 6월 28일 16시,수요일,서울특별시 중랑구 면목동,중상사고,0,1,0,0,차대사람 - 횡단중,안전운전불이행,포장 - 건조,맑음,단일로 - 기타,자전거,남,11세,상해없음,보행자,여,60세,중상
2017062800100467,2017년 6월 28일 19시,수요일,서울특별시 성동구 행당동,경상사고,0,0,1,0,차대차 - 측면충돌,안전운전불이행,포장 - 건조,맑음,교차로 - 교차로부근,자전거,남,11세,경상,승용,남,45세,상해없음
2017062800100468,2017년 6월 28일 19시,수요일,서울특별시 성동구 성수동2가,경상사고,0,0,1,0,차대사람 - 횡단중,안전운전불이행,포장 - 건조,맑음,기타 - 기타,자전거,남,15세,상해없음,보행자,남,33세,경상
2017062800100552,2017년 6월 28일 22시,수요일,서울특별시 송파구 방이동,경상사고,0,0,1,0,차대차 - 측면충돌,불법유턴,포장 - 건조,맑음,교차로 - 교차로횡단보도내,자전거,여,52세,경상,승용,남,65세,상해없음
2017062900100103,2017년 6월 29일 08시,목요일,서울특별시 서대문구 연희동,경상사고,0,0,1,0,차대사람 - 기타,안전운전불이행,포장 - 건조,맑음,기타 - 기타,자전거,남,12세,상해없음,보행자,여,41세,경상
2017062900100105,2017년 6월 29일 08시,목요일,서울특별시 마포구 마포동,중상사고,0,1,0,0,차량단독 - 전도전복 - 전도,안전운전불이행,포장 - 건조,맑음,단일로 - 기타,자전거,남,29세,중상,,,,
2017062900100371,2017년 6월 29일 17시,목요일,서울특별시 송파구 잠실동,경상사고,0,0,1,0,차대차 - 정면충돌,안전운전불이행,포장 - 건조,맑음,단일로 - 기타,자전거,남,71세,경상,승용,여,47세,상해없음
2017062900100413,2017년 6월 29일 18시,목요일,서울특별시 강동구 성내동,부상신고사고,0,0,0,1,차대차 - 측면충돌,안전운전불이행,포장 - 건조,맑음,교차로 - 교차로안,자전거,남,40세,부상신고,승용,남,40세,상해없음
2017062900100454,2017년 6월 29일 19시,목요일,서울특별시 동대문구 이문동,중상사고,0,1,0,0,차대차 - 기타,안전운전불이행,포장 - 건조,맑음,단일로 - 기타,자전거,남,15세,중상,승합,남,32세,상해없음
2017062900100559,2017년 6월 29일 22시,목요일,서울특별시 종로구 부암동,중상사고,0,1,0,0,차대차 - 정면충돌,중앙선침범,포장 - 건조,맑음,단일로 - 기타,자전거,남,35세,중상,승용,남,56세,상해없음
2017062900100561,2017년 6월 29일 22시,목요일,서울특별시 동대문구 장안동,경상사고,0,0,1,0,차대차 - 측면충돌,안전운전불이행,포장 - 건조,흐림,단일로 - 기타,자전거,남,22세,상해없음,자전거,남,49세,경상
2017062900100587,2017년 6월 29일 23시,목요일,서울특별시 용산구 한남동,경상사고,0,0,1,0,차대사람 - 횡단중,안전운전불이행,포장 - 건조,맑음,단일로 - 기타,자전거,남,25세,상해없음,보행자,남,69세,경상
2017063000100093,2017년 6월 30일 06시,금요일,서울특별시 강남구 세곡동,부상신고사고,0,0,0,1,차대차 - 정면충돌,안전운전불이행,포장 - 건조,맑음,단일로 - 기타,자전거,남,64세,부상신고,건설기계,남,61세,상해없음
2017063000100107,2017년 6월 30일 07시,금요일,서울특별시 강서구 내발산동,경상사고,0,0,1,0,차대차 - 측면충돌,안전운전불이행,포장 - 건조,맑음,교차로 - 교차로횡단보도내,자전거,남,17세,경상,승용,남,45세,상해없음
2017063000100290,2017년 6월 30일 13시,금요일,서울특별시 은평구 대조동,경상사고,0,0,1,0,차대차 - 측면충돌,중앙선침범,포장 - 건조,맑음,단일로 - 기타,자전거,남,68세,경상,승용,남,51세,상해없음
2017063000100384,2017년 6월 30일 16시,금요일,서울특별시 강북구 미아동,중상사고,0,1,0,0,차대차 - 측면충돌,안전거리미확보,포장 - 건조,맑음,단일로 - 기타,자전거,남,80세,중상,승용,여,42세,상해없음
2017063000100640,2017년 6월 30일 22시,금요일,서울특별시 강동구 암사동,중상사고,0,1,0,0,차대차 - 정면충돌,안전운전불이행,포장 - 건조,맑음,단일로 - 교량,자전거,남,38세,상해없음,자전거,여,32세,중상
2017063000100672,2017년 6월 30일 23시,금요일,서울특별시 중랑구 면목동,중상사고,0,1,1,0,차대차 - 측면충돌,신호위반,포장 - 건조,맑음,교차로 - 교차로안,자전거,남,65세,경상,승용,남,67세,상해없음
2017070100100099,2017년 7월 1일 05시,토요일,서울특별시 동작구 상도동,경상사고,0,0,1,0,차대차 - 기타,안전운전불이행,포장 - 건조,맑음,단일로 - 기타,자전거,남,44세,상해없음,원동기,남,25세,경상
2017070100100127,2017년 7월 1일 07시,토요일,서울특별시 동작구 노량진동,중상사고,0,1,0,1,차대차 - 측면충돌,안전운전불이행,포장 - 건조,맑음,교차로 - 교차로안,자전거,남,44세,부상신고,자전거,여,51세,중상
2017070100100336,2017년 7월 1일 15시,토요일,서울특별시 강남구 대치동,중상사고,0,1,0,0,차대사람 - 보도통행중,기타,포장 - 건조,맑음,단일로 - 기타,자전거,남,13세,상해없음,보행자,남,79세,중상
2017070300100073,2017년 7월 3일 06시,월요일,서울특별시 강동구 천호동,중상사고,0,1,0,0,차량단독 - 전도전복,안전운전불이행,포장 - 젖음/습기,비,단일로 - 기타,자전거,여,64세,중상,미분류,미분류,미분류,미분류
2017070300100344,2017년 7월 3일 15시,월요일,서울특별시 강북구 수유동,중상사고,0,1,0,0,차대차 - 측면충돌,안전운전불이행,포장 - 건조,맑음,단일로 - 기타,자전거,남,64세,중상,승용,남,63세,상해없음
2017070400100167,2017년 7월 4일 10시,화요일,서울특별시 노원구 월계동,경상사고,0,0,1,0,차대차 - 측면충돌,불법유턴,포장 - 건조,맑음,교차로 - 교차로안,자전거,여,58세,경상,승용,남,39세,상해없음
2017070400100193,2017년 7월 4일 11시,화요일,서울특별시 금천구 시흥동,부상신고사고,0,0,0,1,차대차 - 측면충돌,안전운전불이행,포장 - 건조,맑음,교차로 - 교차로안,자전거,여,62세,부상신고,승용,남,41세,상해없음
2017070400100248,2017년 7월 4일 13시,화요일,서울특별시 관악구 신림동,경상사고,0,0,1,0,차대차 - 정면충돌,안전운전불이행,포장 - 건조,맑음,교차로 - 교차로안,자전거,남,65세,경상,승용,남,39세,상해없음
2017070400100250,2017년 7월 4일 13시,화요일,서울특별시 성북구 장위동,경상사고,0,0,1,0,차대차 - 측면충돌,안전운전불이행,포장 - 건조,맑음,교차로 - 교차로부근,자전거,남,20세,경상,승용,남,67세,상해없음
2017070400100284,2017년 7월 4일 14시,화요일,서울특별시 강북구 미아동,경상사고,0,0,1,0,차대사람 - 횡단중,신호위반,포장 - 건조,맑음,단일로 - 기타,자전거,남,13세,상해없음,보행자,여,57세,경상
2017070400100317,2017년 7월 4일 15시,화요일,서울특별시 양천구 신월동,경상사고,0,0,1,0,차대차 - 측면충돌,중앙선침범,포장 - 건조,맑음,단일로 - 기타,자전거,남,12세,경상,승용,남,43세,상해없음
2017070400100346,2017년 7월 4일 16시,화요일,서울특별시 은평구 구산동,경상사고,0,0,1,0,차대차 - 측면충돌,안전운전불이행,포장 - 건조,맑음,교차로 - 교차로안,자전거,남,81세,경상,승용,남,59세,상해없음
2017070400100374,2017년 7월 4일 17시,화요일,서울특별시 영등포구 여의도동,경상사고,0,0,1,0,차대차 - 측면충돌,안전운전불이행,포장 - 건조,맑음,단일로 - 기타,자전거,남,49세,경상,승용,남,47세,상해없음