사고번호,사고일시,요일,시군구,사고내용,사망자수,중상자수,경상자수,부상신고자수,사고유형,법규위반,노면상태,기상상태,도로형태,가해운전자 차종,가해운전자 성별,가해운전자 연령,가해운전자 상해정도,피해운전자 차종,피해운전자 성별,피해운전자 연령,피해운전자 상해정도
2017070400100379,2017년 7월 4일 17시,화요일,서울특별시 도봉구 쌍문동,경상사고,0,0,1,0,차대사람 - 길가장자리구역통행중,안전운전불이행,포장 - 건조,맑음,단일로 - 기타,자전거,남,63세,경상,보행자,여,53세,상해없음
2017070400100564,2017년 7월 4일 23시,화요일,서울특별시 송파구 송파동,중상사고,0,1,0,0,차대사람 - 기타,안전운전불이행,포장 - 기타,기타,기타 - 기타,자전거,남,26세,기타불명,보행자,남,67세,중상
2017070500100082,2017년 7월 5일 07시,수요일,서울특별시 도봉구 쌍문동,경상사고,0,0,1,0,차대사람 - 횡단중,신호위반,포장 - 건조,맑음,교차로 - 교차로횡단보도내,자전거,남,50세,상해없음,보행자,여,69세,경상
2017070500100104,2017년 7월 5일 08시,수요일,서울특별시 송파구 가락동,경상사고,0,0,1,0,차대차 - 측면충돌,안전운전불이행,포장 - 건조,맑음,교차로 - 교차로횡단보도내,자전거,여,23세,경상,기타불명,기타불명,미분류,기타불명
2017070500100153,2017년 7월 5일 09시,수요일,서울특별시 성북구 장위동,경상사고,0,0,1,0,차대사람 - 보도통행중,기타,포장 - 건조,맑음,기타 - 기타,자전거,남,29세,상해없음,보행자,여,69세,경상
2017070500100534,2017년 7월 5일 21시,수요일,서울특별시 노원구 상계동,중상사고,0,1,0,0,차량단독 - 전도전복 - 전도,안전운전불이행,포장 - 건조,맑음,단일로 - 기타,자전거,남,55세,중상,,,,
2017070600100099,2017년 7월 6일 07시,목요일,서울특별시 성동구 용답동,부상신고사고,0,0,0,1,차대차 - 기타,안전운전불이행,포장 - 건조,맑음,교차로 - 교차로안,자전거,남,80세,부상신고,승용,남,33세,상해없음
2017070600100181,2017년 7월 6일 10시,목요일,서울특별시 성동구 성수동1가,경상사고,0,0,1,0,차대차 - 측면충돌,중앙선침범,포장 - 건조,맑음,교차로 - 교차로부근,자전거,남,63세,경상,승용,여,37세,상해없음
2017070600100501,2017년 7월 6일 21시,목요일,서울특별시 동대문구 장안동,경상사고,0,0,1,0,차대사람 - 보도통행중,기타,포장 - 젖음/습기,흐림,기타 - 기타,자전거,남,52세,상해없음,보행자,남,46세,경상
2017070700100109,2017년 7월 7일 08시,금요일,서울특별시 은평구 증산동,중상사고,0,1,0,0,차대사람 - 횡단중,기타,포장 - 건조,맑음,교차로 - 교차로부근,자전거,남,11세,상해없음,보행자,여,43세,중상
2017070700100115,2017년 7월 7일 08시,금요일,서울특별시 송파구 풍납동,경상사고,0,0,1,0,차대차 - 측면충돌,안전운전불이행,포장 - 건조,맑음,단일로 - 기타,자전거,남,12세,경상,승용,남,48세,상해없음
2017070700100263,2017년 7월 7일 13시,금요일,서울특별시 동대문구 전농동,부상신고사고,0,0,0,1,차대차 - 측면충돌,안전운전불이행,포장 - 건조,흐림,교차로 - 교차로부근,자전거,남,65세,부상신고,승용,남,28세,상해없음
2017070700100311,2017년 7월 7일 15시,금요일,서울특별시 송파구 장지동,경상사고,0,0,1,0,차대차 - 정면충돌,안전운전불이행,포장 - 건조,맑음,단일로 - 기타,자전거,남,9세,경상,승합,남,67세,상해없음
2017070700100525,2017년 7월 7일 20시,금요일,서울특별시 중랑구 중화동,경상사고,0,0,1,0,차대차 - 정면충돌,안전운전불이행,포장 - 젖음/습기,비,교차로 - 교차로횡단보도내,자전거,남,62세,경상,승용,남,40세,상해없음
2017070900100013,2017년 7월 9일 00시,일요일,서울특별시 송파구 석촌동,경상사고,0,0,1,0,차량단독 - 전도전복,안전운전불이행,포장 - 건조,흐림,단일로 - 기타,자전거,남,42세,경상,미분류,미분류,미분류,미분류
2017070900100126,2017년 7월 9일 10시,일요일,서울특별시 금천구 시흥동,부상신고사고,0,0,0,1,차대차 - 측면충돌,안전운전불이행,포장 - 건조,맑음,교차로 - 교차로부근,자전거,남,50세,부상신고,승용,남,47세,상해없음
2017070900100403,2017년 7월 9일 21시,일요일,서울특별시 강서구 화곡동,중상사고,0,1,0,0,차대차 - 측면충돌,중앙선침범,포장 - 젖음/습기,비,교차로 - 교차로안,자전거,남,49세,중상,승용,여,28세,상해없음
2017071000100142,2017년 7월 10일 09시,월요일,서울특별시 중랑구 면목동,부상신고사고,0,0,0,1,차대차 - 정면충돌,차로위반,포장 - 건조,맑음,단일로 - 기타,자전거,남,75세,부상신고,승용,여,23세,상해없음
2017071000100260,2017년 7월 10일 13시,월요일,서울특별시 강서구 마곡동,경상사고,0,0,1,0,차대차 - 측면충돌,안전운전불이행,포장 - 기타,비,교차로 - 교차로횡단보도내,자전거,여,56세,경상,승용,남,58세,상해없음
2017071100100091,2017년 7월 11일 07시,화요일,서울특별시 중랑구 신내동,중상사고,0,1,0,0,차대차 - 정면충돌,안전운전불이행,포장 - 건조,맑음,기타 - 기타,자전거,여,52세,중상,자전거,남,55세,상해없음
2017071100100092,2017년 7월 11일 07시,화요일,서울특별시 중랑구 면목동,부상신고사고,0,0,0,1,차대차 - 기타,불법유턴,포장 - 건조,맑음,단일로 - 기타,자전거,남,13세,부상신고,승용,남,54세,상해없음
2017071100100237,2017년 7월 11일 12시,화요일,서울특별시 영등포구 당산동6가,중상사고,0,1,0,0,차대차 - 기타,안전운전불이행,포장 - 건조,맑음,단일로 - 기타,자전거,여,58세,중상,승합,남,56세,상해없음
2017071100100354,2017년 7월 11일 16시,화요일,서울특별시 동대문구 용두동,경상사고,0,0,1,0,차대차 - 기타,안전운전불이행,포장 - 건조,맑음,교차로 - 교차로안,자전거,여,76세,경상,화물,남,51세,상해없음
2017071100100395,2017년 7월 11일 17시,화요일,서울특별시 송파구 장지동,경상사고,0,0,1,0,차대차 - 정면충돌,안전운전불이행,포장 - 건조,맑음,단일로 - 기타,자전거,남,10세,경상,승용,남,42세,상해없음
2017071100100516,2017년 7월 11일 20시,화요일,서울특별시 송파구 잠실동,중상사고,0,1,0,0,차대사람 - 기타,안전운전불이행,포장 - 건조,맑음,단일로 - 교량,자전거,남,24세,상해없음,보행자,여,66세,중상
2017071100100605,2017년 7월 11일 23시,화요일,서울특별시 광진구 자양동,중상사고,0,1,0,0,차대차 - 정면충돌,안전운전불이행,포장 - 건조,맑음,단일로 - 기타,자전거,남,17세,중상,자전거,남,32세,상해없음
2017071100100609,2017년 7월 11일 23시,화요일,서울특별시 중랑구 면목동,중상사고,0,1,0,0,차대사람 - 기타,안전운전불이행,포장 - 건조,맑음,단일로 - 기타,자전거,남,15세,상해없음,보행자,남,71세,중상
2017071100100611,2017년 7월 11일 23시,화요일,서울특별시 강서구 외발산동,경상사고,0,0,1,0,차량단독 - 기타,안전운전불이행,포장 - 젖음/습기,비,기타 - 기타,자전거,남,34세,경상,,,,
2017071200100069,2017년 7월 12일 06시,수요일,서울특별시 송파구 가락동,중상사고,0,1,0,0,차대차 - 측면충돌,안전운전불이행,포장 - 건조,맑음,교차로 - 교차로부근,자전거,여,62세,중상,화물,남,28세,상해없음
2017071200100149,2017년 7월 12일 09시,수요일,서울특별시 강북구 수유동,중상사고,0,1,3,0,차대차 - 기타,중앙선침범,포장 - 건조,맑음,교차로 - 교차로부근,자전거,남,84세,상해없음,승합,남,51세,상해없음
2017071200100178,2017년 7월 12일 10시,수요일,서울특별시 중랑구 중화동,경상사고,0,0,1,0,차대차 - 정면충돌,안전운전불이행,포장 - 건조,맑음,기타 - 기타,자전거,남,53세,상해없음,자전거,남,67세,경상
2017071200100312,2017년 7월 12일 15시,수요일,서울특별시 관악구 신림동,중상사고,0,1,0,0,차대사람 - 차도통행중,안전운전불이행,포장 - 건조,맑음,단일로 - 기타,자전거,남,12세,상해없음,보행자,여,37세,중상
2017071200100431,2017년 7월 12일 18시,수요일,서울특별시 동대문구 청량리동,경상사고,0,0,1,0,차대차 - 기타,기타,포장 - 건조,맑음,교차로 - 교차로횡단보도내,자전거,남,60세,경상,화물,남,45세,상해없음
2017071200100587,2017년 7월 12일 22시,수요일,서울특별시 도봉구 쌍문동,중상사고,0,1,0,0,차량단독 - 전도전복,안전운전불이행,포장 - 건조,흐림,단일로 - 기타,자전거,남,51세,중상,미분류,미분류,미분류,미분류
2017071200100617,2017년 7월 12일 23시,수요일,서울특별시 송파구 가락동,부상신고사고,0,0,0,1,차대차 - 정면충돌,신호위반,포장 - 건조,맑음,교차로 - 교차로안,자전거,남,29세,부상신고,승용,남,57세,상해없음
2017071300100024,2017년 7월 13일 00시,목요일,서울특별시 강서구 가양동,중상사고,0,1,0,0,차대차 - 추돌,안전운전불이행,포장 - 건조,맑음,단일로 - 기타,자전거,남,33세,상해없음,자전거,남,65세,중상
2017071300100061,2017년 7월 13일 06시,목요일,서울특별시 용산구 동빙고동,중상사고,0,1,1,0,차대차 - 추돌,안전운전불이행,포장 - 건조,맑음,단일로 - 기타,자전거,남,56세,경상,자전거,남,74세,중상
2017071300100078,2017년 7월 13일 07시,목요일,서울특별시 강서구 내발산동,경상사고,0,0,1,0,차대사람 - 기타,안전운전불이행,포장 - 건조,맑음,단일로 - 기타,자전거,남,16세,상해없음,보행자,남,33세,경상
2017071300100166,2017년 7월 13일 10시,목요일,서울특별시 동대문구 이문동,경상사고,0,0,1,0,차대차 - 측면충돌,안전운전불이행,포장 - 건조,맑음,교차로 - 교차로부근,자전거,여,51세,경상,승용,남,51세,상해없음
2017071300100326,2017년 7월 13일 15시,목요일,서울특별시 성동구 성수동2가,사망사고,1,0,0,0,차대차 - 측면충돌,안전운전불이행,포장 - 건조,맑음,교차로 - 교차로안,자전거,여,70세,사망,승용,남,68세,상해없음
2017071300100328,2017년 7월 13일 15시,목요일,서울특별시 강동구 명일동,중상사고,0,1,2,0,차대차 - 측면충돌,중앙선침범,포장 - 건조,맑음,단일로 - 기타,자전거,남,18세,경상,승합,남,56세,상해없음
2017071300100350,2017년 7월 13일 16시,목요일,서울특별시 동대문구 이문동,경상사고,0,0,2,0,차대사람 - 기타,안전운전불이행,포장 - 건조,맑음,기타 - 기타,자전거,남,41세,경상,보행자,여,65세,경상
2017071300100379,2017년 7월 13일 17시,목요일,서울특별시 강동구 고덕동,중상사고,0,1,0,0,차량단독 - 전도전복 - 전도,안전운전불이행,포장 - 건조,맑음,단일로 - 기타,자전거,남,74세,중상,,,,
2017071300100384,2017년 7월 13일 17시,목요일,서울특별시 도봉구 쌍문동,경상사고,0,0,1,0,차대차 - 측면충돌,중앙선침범,포장 - 건조,맑음,교차로 - 교차로안,자전거,남,10세,경상,승용,남,50세,상해없음
2017071300100451,2017년 7월 13일 19시,목요일,서울특별시 광진구 구의동,중상사고,0,1,0,0,차대사람 - 횡단중,신호위반,포장 - 건조,맑음,단일로 - 기타,자전거,남,60세,상해없음,보행자,여,65세,중상
2017071300100454,2017년 7월 13일 19시,목요일,서울특별시 강남구 청담동,경상사고,0,0,1,0,차대차 - 기타,안전운전불이행,포장 - 건조,맑음,단일로 - 기타,자전거,남,47세,상해없음,자전거,남,75세,경상
2017071300100512,2017년 7월 13일 21시,목요일,서울특별시 송파구 잠실동,중상사고,0,1,0,0,차대차 - 측면충돌,안전운전불이행,포장 - 건조,맑음,단일로 - 기타,자전거,남,49세,상해없음,자전거,여,47세,중상
2017071400100078,2017년 7월 14일 06시,금요일,서울특별시 관악구 봉천동,경상사고,0,0,1,0,차대차 - 기타,안전거리미확보,포장 - 건조,맑음,단일로 - 기타,자전거,남,68세,경상,승용,남,58세,상해없음
2017071400100330,2017년 7월 14일 15시,금요일,서울특별시 도봉구 도봉동,중상사고,0,1,0,0,차대차 - 측면충돌,안전운전불이행,포장 - 건조,맑음,기타 - 기타,자전거,남,13세,중상,승용,여,46세,상해없음
2017071400100363,2017년 7월 14일 16시,금요일,서울특별시 양천구 목동,경상사고,0,0,1,0,차대차 - 기타,안전운전불이행,포장 - 건조,맑음,단일로 - 기타,자전거,남,11세,경상,승합,여,50세,상해없음
2017071400100511,2017년 7월 14일 20시,금요일,서울특별시 도봉구 창동,경상사고,0,0,1,0,차대사람 - 횡단중,안전운전불이행,포장 - 건조,맑음,교차로 - 교차로안,자전거,남,10세,상해없음,보행자,여,63세,경상
2017071400100583,2017년 7월 14일 22시,금요일,서울특별시 중랑구 중화동,경상사고,0,0,1,1,차대사람 - 기타,안전운전불이행,포장 - 건조,맑음,단일로 - 기타,자전거,남,49세,부상신고,보행자,남,22세,경상
2017071500100039,2017년 7월 15일 01시,토요일,서울특별시 강동구 길동,부상신고사고,0,0,0,1,차대사람 - 기타,안전운전불이행,포장 - 건조,맑음,교차로 - 교차로안,자전거,남,20세,상해없음,보행자,남,43세,부상신고
2017071500100104,2017년 7월 15일 05시,토요일,서울특별시 동대문구 답십리동,중상사고,0,1,0,0,차대차 - 측면충돌,신호위반,포장 - 젖음/습기,맑음,교차로 - 교차로안,자전거,남,70세,중상,승합,남,47세,상해없음
2017071500100245,2017년 7월 15일 12시,토요일,서울특별시 송파구 석촌동,경상사고,0,0,1,0,차대차 - 정면충돌,안전운전불이행,포장 - 건조,흐림,단일로 - 기타,자전거,남,14세,경상,승용,남,41세,상해없음
2017071600100036,2017년 7월 16일 01시,일요일,서울특별시 송파구 석촌동,경상사고,0,0,1,0,차량단독 - 전도전복,안전운전불이행,포장 - 건조,맑음,교차로 - 교차로부근,자전거,남,44세,경상,미분류,미분류,미분류,미분류
2017071600100112,2017년 7월 16일 07시,일요일,서울특별시 강서구 가양동,중상사고,0,1,0,0,차대차 - 측면충돌,안전운전불이행,포장 - 건조,맑음,단일로 - 기타,자전거,남,29세,중상,자전거,여,28세,상해없음
2017071600100113,2017년 7월 16일 07시,일요일,서울특별시 서초구 반포동,부상신고사고,0,0,0,1,차대차 - 측면충돌,안전운전불이행,포장 - 젖음/습기,흐림,단일로 - 기타,자전거,남,66세,부상신고,승용,남,62세,상해없음
2017071600100175,2017년 7월 16일 11시,일요일,서울특별시 동대문구 휘경동,경상사고,0,0,1,0,차대차 - 기타,안전운전불이행,포장 - 건조,맑음,단일로 - 기타,자전거,여,10세,경상,승용,남,39세,상해없음
2017071600100252,2017년 7월 16일 14시,일요일,서울특별시 용산구 주성동,중상사고,0,1,0,0,차대차 - 측면충돌,안전운전불이행,포장 - 건조,맑음,단일로 - 기타,자전거,남,50세,상해없음,자전거,여,19세,중상
2017071600100419,2017년 7월 16일 20시,일요일,서울특별시 영등포구 양평동5가,중상사고,0,1,0,0,차대사람 - 길가장자리구역통행중,안전운전불이행,포장 - 건조,맑음,단일로 - 기타,자전거,남,69세,상해없음,보행자,여,57세,중상
2017071600100482,2017년 7월 16일 22시,일요일,서울특별시 동대문구 청량리동,경상사고,0,0,1,0,차대사람 - 기타,안전운전불이행,포장 - 건조,맑음,단일로 - 기타,자전거,남,28세,경상,보행자,여,60세,기타불명
2017071600100506,2017년 7월 16일 23시,일요일,서울특별시 용산구 이태원동,부상신고사고,0,0,0,1,차대차 - 기타,안전운전불이행,포장 - 건조,맑음,단일로 - 기타,자전거,남,16세,부상신고,승용,남,39세,상해없음
2017071700100067,2017년 7월 17일 06시,월요일,서울특별시 광진구 중곡동,경상사고,0,0,1,0,차대차 - 측면충돌,안전운전불이행,포장 - 건조,맑음,교차로 - 교차로안,자전거,여,45세,경상,승용,남,59세,상해없음
2017071700100256,2017년 7월 17일 12시,월요일,서울특별시 동대문구 장안동,부상신고사고,0,0,0,1,차대차 - 측면충돌,안전거리미확보,포장 - 건조,맑음,단일로 - 기타,자전거,남,74세,부상신고,원동기,남,67세,상해없음
2017071700100380,2017년 7월 17일 16시,월요일,서울특별시 영등포구 양평동5가,부상신고사고,0,0,0,1,차대차 - 정면충돌,안전운전불이행,포장 - 건조,맑음,교차로 - 교차로안,자전거,남,76세,부상신고,승용,남,25세,상해없음
2017071700100381,2017년 7월 17일 16시,월요일,서울특별시 영등포구 신길동,경상사고,0,0,1,0,차대차 - 측면충돌,신호위반,포장 - 건조,맑음,단일로 - 기타,자전거,남,17세,경상,승합,남,58세,상해없음
2017071700100415,2017년 7월 17일 17시,월요일,서울특별시 관악구 신림동,부상신고사고,0,0,0,1,차대차 - 측면충돌,안전운전불이행,포장 - 건조,맑음,교차로 - 교차로안,자전거,여,54세,부상신고,승용,남,54세,상해없음
2017071700100586,2017년 7월 17일 22시,월요일,서울특별시 양천구 신월동,중상사고,0,1,0,0,차대사람 - 횡단중,신호위반,포장 - 건조,맑음,교차로 - 교차로안,자전거,여,63세,상해없음,보행자,여,63세,중상
2017071800100104,2017년 7월 18일 08시,화요일,서울특별시 송파구 신천동,부상신고사고,0,0,0,1,차량단독 - 기타,안전운전불이행,포장 - 건조,맑음,교차로 - 교차로횡단보도내,자전거,여,54세,부상신고,,,,
2017071800100135,2017년 7월 18일 09시,화요일,서울특별시 영등포구 대림동,경상사고,0,0,1,0,차대차 - 측면충돌,안전운전불이행,포장 - 건조,흐림,단일로 - 기타,자전거,여,58세,경상,승용,남,52세,상해없음
2017071800100295,2017년 7월 18일 15시,화요일,서울특별시 송파구 방이동,경상사고,0,0,1,0,차대차 - 기타,안전운전불이행,포장 - 건조,맑음,교차로 - 교차로부근,자전거,여,57세,경상,승용,남,46세,상해없음
2017071800100332,2017년 7월 18일 16시,화요일,서울특별시 동작구 대방동,경상사고,0,0,1,0,차대차 - 측면충돌,기타,포장 - 건조,맑음,교차로 - 교차로부근,자전거,남,14세,상해없음,이륜,남,35세,경상
2017071800100439,2017년 7월 18일 19시,화요일,서울특별시 동대문구 청량리동,중상사고,0,1,0,0,차대사람 - 길가장자리구역통행중,안전운전불이행,포장 - 젖음/습기,흐림,단일로 - 기타,자전거,남,21세,상해없음,보행자,여,72세,중상
2017071800100498,2017년 7월 18일 21시,화요일,서울특별시 도봉구 도봉동,부상신고사고,0,0,0,1,차대사람 - 기타,안전운전불이행,포장 - 건조,맑음,단일로 - 기타,자전거,남,27세,부상신고,보행자,남,11세,상해없음
2017071900100111,2017년 7월 19일 08시,수요일,서울특별시 강북구 미아동,경상사고,0,0,1,0,차대차 - 추돌,안전운전불이행,포장 - 건조,맑음,단일로 - 기타,자전거,남,13세,상해없음,자전거,남,81세,경상
2017071900100112,2017년 7월 19일 08시,수요일,서울특별시 금천구 독산동,경상사고,0,0,1,0,차대차 - 측면충돌,기타,포장 - 건조,맑음,교차로 - 교차로부근,자전거,여,49세,경상,이륜,남,49세,상해없음
2017071900100114,2017년 7월 19일 08시,수요일,서울특별시 송파구 문정동,경상사고,0,0,1,0,차대차 - 측면충돌,안전운전불이행,포장 - 건조,맑음,단일로 - 기타,자전거,남,90세 이상,경상,승용,남,40세,상해없음
2017071900100531,2017년 7월 19일 20시,수요일,서울특별시 성북구 장위동,경상사고,0,0,1,0,차대차 - 정면충돌,안전운전불이행,포장 - 건조,맑음,단일로 - 기타,자전거,남,47세,경상,승용,남,54세,상해없음
2017071900100559,2017년 7월 19일 21시,수요일,서울특별시 성북구 정릉동,경상사고,0,0,1,0,차대차 - 추돌,안전운전불이행,포장 - 건조,맑음,단일로 - 기타,자전거,남,36세,상해없음,자전거,남,35세,경상
2017071900100562,2017년 7월 19일 21시,수요일,서울특별시 동작구 신대방동,중상사고,0,1,0,0,차대사람 - 기타,안전운전불이행,포장 - 건조,맑음,기타 - 기타,자전거,남,22세,상해없음,보행자,여,70세,중상
2017071900100563,2017년 7월 19일 21시,수요일,서울특별시 관악구 신림동,부상신고사고,0,0,0,1,차대차 - 정면충돌,안전운전불이행,포장 - 건조,맑음,단일로 - 기타,자전거,여,58세,부상신고,승합,남,27세,상해없음
2017071900100565,2017년 7월 19일 21시,수요일,서울특별시 강서구 방화동,경상사고,0,0,1,0,차대사람 - 차도통행중,안전운전불이행,포장 - 건조,맑음,기타 - 기타,자전거,남,21세,상해없음,보행자,여,76세,경상
2017071900100592,2017년 7월 19일 22시,수요일,서울특별시 중랑구 망우동,중상사고,0,1,0,0,차대사람 - 횡단중,안전운전불이행,포장 - 건조,맑음,단일로 - 기타,자전거,남,65세,상해없음,보행자,여,57세,중상
2017072000100098,2017년 7월 20일 07시,목요일,서울특별시 중랑구 중화동,중상사고,0,1,0,0,차대차 - 정면충돌,안전운전불이행,포장 - 건조,맑음,교차로 - 교차로부근,자전거,여,55세,중상,승용,여,39세,상해없음
2017072000100124,2017년 7월 20일 08시,목요일,서울특별시 중랑구 중화동,부상신고사고,0,0,0,1,차대차 - 기타,안전운전불이행,포장 - 건조,맑음,교차로 - 교차로부근,자전거,여,49세,부상신고,화물,남,47세,상해없음
2017072000100190,2017년 7월 20일 10시,목요일,서울특별시 성동구 성수동2가,경상사고,0,0,1,0,차대차 - 측면충돌,중앙선침범,포장 - 건조,맑음,단일로 - 기타,자전거,남,56세,경상,승용,남,40세,기타불명
2017072000100288,2017년 7월 20일 13시,목요일,서울특별시 강북구 수유동,경상사고,0,0,1,0,차대차 - 측면충돌,교차로운행방법위반,포장 - 건조,맑음,교차로 - 교차로안,자전거,여,59세,경상,이륜,남,22세,상해없음
2017072000100485,2017년 7월 20일 19시,목요일,서울특별시 동대문구 답십리동,부상신고사고,0,0,0,1,차대차 - 기타,안전운전불이행,포장 - 건조,맑음,단일로 - 기타,자전거,남,78세,부상신고,승합,남,64세,상해없음
2017072000100546,2017년 7월 20일 21시,목요일,서울특별시 송파구 거여동,경상사고,0,0,1,0,차대차 - 측면충돌,안전운전불이행,포장 - 건조,맑음,단일로 - 기타,자전거,남,53세,경상,이륜,남,55세,상해없음
2017072100100079,2017년 7월 21일 07시,금요일,서울특별시 송파구 거여동,부상신고사고,0,0,0,1,차대차 - 정면충돌,안전운전불이행,포장 - 건조,맑음,교차로 - 교차로안,자전거,남,15세,부상신고,화물,남,61세,상해없음
2017072100100240,2017년 7월 21일 12시,금요일,서울특별시 노원구 상계동,경상사고,0,0,1,0,차대차 - 기타,안전운전불이행,포장 - 건조,맑음,단일로 - 기타,자전거,남,74세,경상,승용,여,48세,상해없음
2017072100100608,2017년 7월 21일 22시,금요일,서울특별시 강서구 가양동,경상사고,0,0,1,0,차대차 - 기타,안전운전불이행,포장 - 건조,맑음,기타 - 기타,자전거,남,58세,경상,승용,여,44세,상해없음
2017072200100250,2017년 7월 22일 12시,토요일,서울특별시 강서구 염창동,중상사고,0,1,1,0,차대차 - 측면충돌,교차로운행방법위반,포장 - 건조,맑음,교차로 - 교차로안,자전거,남,13세,중상,자전거,남,17세,경상
2017072200100347,2017년 7월 22일 14시,토요일,서울특별시 성북구 상월곡동,경상사고,0,0,1,0,차대차 - 기타,중앙선침범,포장 - 건조,맑음,단일로 - 기타,자전거,남,12세,경상,승용,남,29세,상해없음
2017072200100421,2017년 7월 22일 16시,토요일,서울특별시 송파구 문정동,경상사고,0,0,1,0,차대차 - 기타,안전운전불이행,포장 - 건조,맑음,교차로 - 교차로안,자전거,남,12세,경상,승용,여,53세,기타불명
2017072200100456,2017년 7월 22일 17시,토요일,서울특별시 노원구 상계동,경상사고,0,0,1,0,차대차 - 측면충돌,안전운전불이행,포장 - 건조,맑음,단일로 - 기타,자전거,남,47세,상해없음,개인형이동수단(PM),남,35세,경상
2017072300100285,2017년 7월 23일 16시,일요일,서울특별시 은평구 갈현동,경상사고,0,0,1,0,차대차 - 기타,안전운전불이행,포장 - 건조,맑음,교차로 - 교차로부근,자전거,남,11세,경상,승용,남,61세,상해없음
2017072300100365,2017년 7월 23일 19시,일요일,서울특별시 마포구 합정동,중상사고,0,1,0,0,차대차 - 기타,안전운전불이행,포장 - 건조,맑음,단일로 - 기타,자전거,남,59세,상해없음,자전거,남,65세,중상
2017072300100396,2017년 7월 23일 20시,일요일,서울특별시 은평구 응암동,부상신고사고,0,0,0,1,차대차 - 측면충돌,안전운전불이행,포장 - 건조,맑음,교차로 - 교차로안,자전거,남,16세,부상신고,원동기,남,43세,상해없음
2017072300100424,2017년 7월 23일 21시,일요일,서울특별시 송파구 송파동,부상신고사고,0,0,0,1,차대사람 - 길가장자리구역통행중,안전운전불이행,포장 - 건조,맑음,단일로 - 기타,자전거,남,13세,상해없음,보행자,여,64세,부상신고
2017072400100066,2017년 7월 24일 04시,월요일,서울특별시 성북구 장위동,중상사고,0,1,0,0,차대차 - 기타,신호위반,포장 - 건조,맑음,교차로 - 교차로안,자전거,남,70세,중상,승용,남,60세,상해없음
2017072400100092,2017년 7월 24일 07시,월요일,서울특별시 송파구 가락동,부상신고사고,0,0,0,1,차대차 - 측면충돌,안전운전불이행,포장 - 건조,맑음,교차로 - 교차로횡단보도내,자전거,남,50세,부상신고,승용,남,34세,상해없음
2017072400100150,2017년 7월 24일 09시,월요일,서울특별시 송파구 문정동,부상신고사고,0,0,0,1,차대차 - 측면충돌,직진우회전진행방해,포장 - 건조,맑음,교차로 - 교차로안,자전거,남,52세,부상신고,승용,여,58세,상해없음
2017072400100365,2017년 7월 24일 16시,월요일,서울특별시 은평구 신사동,부상신고사고,0,0,0,1,차대차 - 측면충돌,신호위반,포장 - 젖음/습기,흐림,단일로 - 기타,자전거,남,11세,부상신고,화물,남,58세,상해없음
2017072400100474,2017년 7월 24일 19시,월요일,서울특별시 관악구 신림동,경상사고,0,0,1,0,차대차 - 기타,중앙선침범,포장 - 건조,맑음,기타 - 기타,자전거,남,50세,경상,승용,남,58세,상해없음
2017072400100522,2017년 7월 24일 21시,월요일,서울특별시 강동구 천호동,경상사고,0,0,1,0,차대차 - 기타,안전운전불이행,포장 - 건조,맑음,교차로 - 교차로안,자전거,남,54세,경상,승용,남,59세,상해없음
2017072400100523,2017년 7월 24일 21시,월요일,서울특별시 송파구 풍납동,경상사고,0,0,1,0,차대사람 - 횡단중,중앙선침범,포장 - 건조,흐림,단일로 - 기타,자전거,남,25세,상해없음,보행자,남,72세,경상
2017072500100312,2017년 7월 25일 14시,화요일,서울특별시 강남구 개포동,부상신고사고,0,0,0,1,차대차 - 측면충돌,안전운전불이행,포장 - 건조,맑음,교차로 - 교차로안,자전거,남,10세,부상신고,이륜,남,18세,상해없음
2017072500100430,2017년 7월 25일 17시,화요일,서울특별시 동대문구 장안동,경상사고,0,0,1,0,차대차 - 측면충돌,안전운전불이행,포장 - 건조,맑음,교차로 - 교차로안,자전거,여,48세,경상,승용,남,54세,상해없음
2017072500100540,2017년 7월 25일 20시,화요일,서울특별시 강남구 개포동,중상사고,0,1,0,0,차대사람 - 보도통행중,안전운전불이행,포장 - 건조,맑음,기타 - 기타,자전거,남,29세,상해없음,보행자,여,45세,중상
2017072500100569,2017년 7월 25일 21시,화요일,서울특별시 강서구 염창동,사망사고,1,0,0,0,차대사람 - 기타,안전운전불이행,포장 - 건조,맑음,단일로 - 기타,자전거,남,48세,상해없음,보행자,여,71세,사망
2017072500100597,2017년 7월 25일 22시,화요일,서울특별시 마포구 망원동,경상사고,0,0,1,0,차대사람 - 기타,기타,포장 - 건조,맑음,기타 - 기타,자전거,여,54세,상해없음,보행자,여,44세,경상
2017072600100096,2017년 7월 26일 07시,수요일,서울특별시 동대문구 장안동,중상사고,0,1,0,0,차대차 - 측면충돌,안전운전불이행,포장 - 건조,맑음,교차로 - 교차로안,자전거,남,54세,중상,승용,여,47세,상해없음
2017072600100100,2017년 7월 26일 07시,수요일,서울특별시 서초구 양재동,경상사고,0,0,1,0,차대차 - 기타,안전운전불이행,포장 - 건조,맑음,교차로 - 교차로부근,자전거,남,74세,경상,승용,남,53세,상해없음
2017072600100161,2017년 7월 26일 09시,수요일,서울특별시 송파구 잠실동,부상신고사고,0,0,0,1,차대차 - 정면충돌,중앙선침범,포장 - 건조,맑음,단일로 - 기타,자전거,남,74세,부상신고,승용,여,40세,상해없음
2017072600100194,2017년 7월 26일 10시,수요일,서울특별시 중랑구 망우동,부상신고사고,0,0,0,1,차대차 - 정면충돌,직진우회전진행방해,포장 - 건조,맑음,교차로 - 교차로안,자전거,남,12세,부상신고,승용,여,59세,상해없음