사고번호,사고일시,요일,시군구,사고내용,사망자수,중상자수,경상자수,부상신고자수,사고유형,법규위반,노면상태,기상상태,도로형태,가해운전자 차종,가해운전자 성별,가해운전자 연령,가해운전자 상해정도,피해운전자 차종,피해운전자 성별,피해운전자 연령,피해운전자 상해정도
2018032700100184,2018년 3월 27일 11시,화요일,서울특별시 영등포구 대림동,경상사고,0,0,1,0,차대차 - 측면충돌,직진우회전진행방해,포장 - 건조,맑음,교차로 - 교차로안,자전거,여,49세,경상,승용,여,58세,상해없음
2018032700100499,2018년 3월 27일 22시,화요일,서울특별시 동작구 대방동,부상신고사고,0,0,0,1,차대차 - 측면충돌,신호위반,포장 - 건조,맑음,교차로 - 교차로안,자전거,남,24세,부상신고,승용,남,54세,상해없음
2018032800100209,2018년 3월 28일 12시,수요일,서울특별시 중랑구 면목동,경상사고,0,0,1,0,차대차 - 측면충돌,불법유턴,포장 - 건조,맑음,교차로 - 교차로안,자전거,여,66세,경상,승용,여,32세,상해없음
2018032900100388,2018년 3월 29일 17시,목요일,서울특별시 중랑구 중화동,부상신고사고,0,0,0,1,차대차 - 기타,안전운전불이행,포장 - 건조,맑음,단일로 - 기타,자전거,남,71세,부상신고,승합,남,42세,상해없음
2018032900100425,2018년 3월 29일 18시,목요일,서울특별시 용산구 한강로1가,경상사고,0,0,1,1,차대차 - 측면충돌,불법유턴,포장 - 건조,맑음,교차로 - 교차로횡단보도내,자전거,남,48세,부상신고,이륜,남,33세,경상
2018032900100538,2018년 3월 29일 21시,목요일,서울특별시 종로구 적선동,경상사고,0,0,1,0,차대사람 - 보도통행중,보행자보호의무위반,포장 - 건조,맑음,교차로 - 교차로횡단보도내,자전거,남,54세,상해없음,보행자,여,59세,경상
2018033000100071,2018년 3월 30일 06시,금요일,서울특별시 송파구 방이동,경상사고,0,0,1,0,차대차 - 측면충돌,불법유턴,포장 - 건조,맑음,교차로 - 교차로횡단보도내,자전거,남,19세,경상,기타불명,기타불명,미분류,기타불명
2018033000100104,2018년 3월 30일 08시,금요일,서울특별시 송파구 잠실동,부상신고사고,0,0,0,1,차대차 - 측면충돌,불법유턴,포장 - 건조,맑음,교차로 - 교차로안,자전거,남,17세,부상신고,승용,남,68세,상해없음
2018033000100405,2018년 3월 30일 17시,금요일,서울특별시 광진구 중곡동,경상사고,0,0,1,0,차대사람 - 보도통행중,기타,포장 - 건조,맑음,단일로 - 기타,자전거,남,69세,상해없음,보행자,남,45세,경상
2018033000100547,2018년 3월 30일 20시,금요일,서울특별시 양천구 목동,중상사고,0,1,0,0,차대차 - 기타,안전운전불이행,포장 - 건조,맑음,단일로 - 기타,자전거,남,60세,기타불명,자전거,남,34세,중상
2018033100100054,2018년 3월 31일 03시,토요일,서울특별시 강남구 도곡동,부상신고사고,0,0,0,1,차대차 - 기타,안전운전불이행,포장 - 건조,맑음,교차로 - 교차로안,자전거,여,50세,부상신고,승용,남,30세,상해없음
2018033100100152,2018년 3월 31일 10시,토요일,서울특별시 은평구 녹번동,경상사고,0,0,1,0,차대차 - 측면충돌,안전운전불이행,포장 - 건조,맑음,단일로 - 기타,자전거,남,85세,경상,승용,남,55세,상해없음
2018033100100178,2018년 3월 31일 11시,토요일,서울특별시 영등포구 양화동,경상사고,0,0,1,0,차대차 - 측면충돌,안전운전불이행,포장 - 건조,맑음,기타 - 기타,자전거,남,63세,상해없음,자전거,여,58세,경상
2018033100100288,2018년 3월 31일 14시,토요일,서울특별시 노원구 상계동,부상신고사고,0,0,0,1,차대차 - 측면충돌,기타,포장 - 건조,맑음,단일로 - 기타,자전거,남,53세,부상신고,승용,여,53세,상해없음
2018033100100322,2018년 3월 31일 15시,토요일,서울특별시 용산구 이촌동,경상사고,0,0,2,0,차대사람 - 횡단중,안전운전불이행,포장 - 건조,맑음,단일로 - 기타,자전거,남,23세,경상,보행자,여,57세,경상
2018033100100323,2018년 3월 31일 15시,토요일,서울특별시 마포구 현석동,경상사고,0,0,1,0,차대차 - 기타,안전운전불이행,포장 - 건조,맑음,단일로 - 기타,자전거,남,7세,상해없음,자전거,여,52세,경상
2018033100100398,2018년 3월 31일 17시,토요일,서울특별시 중랑구 면목동,부상신고사고,0,0,0,1,차대차 - 측면충돌,중앙선침범,포장 - 건조,맑음,교차로 - 교차로안,자전거,남,9세,부상신고,승용,남,44세,상해없음
2018040100100078,2018년 4월 1일 05시,일요일,서울특별시 강북구 번동,경상사고,0,0,1,0,차대차 - 측면충돌,안전운전불이행,포장 - 건조,맑음,교차로 - 교차로안,자전거,여,57세,경상,승합,남,66세,상해없음
2018040100100098,2018년 4월 1일 07시,일요일,서울특별시 서대문구 홍은동,경상사고,0,0,1,0,차대사람 - 횡단중,안전운전불이행,포장 - 건조,맑음,단일로 - 기타,자전거,남,36세,상해없음,보행자,여,62세,경상
2018040100100157,2018년 4월 1일 11시,일요일,서울특별시 용산구 이태원동,경상사고,0,0,1,0,차대차 - 측면충돌,불법유턴,포장 - 건조,맑음,단일로 - 기타,자전거,남,26세,경상,승용,남,55세,상해없음
2018040100100256,2018년 4월 1일 15시,일요일,서울특별시 동작구 사당동,중상사고,0,1,0,0,차대사람 - 기타,안전운전불이행,포장 - 건조,맑음,단일로 - 기타,자전거,여,47세,상해없음,보행자,여,80세,중상
2018040100100257,2018년 4월 1일 15시,일요일,서울특별시 중랑구 면목동,경상사고,0,0,1,0,차대차 - 측면충돌,안전운전불이행,포장 - 건조,맑음,단일로 - 기타,자전거,남,21세,상해없음,자전거,여,45세,경상
2018040100100360,2018년 4월 1일 19시,일요일,서울특별시 송파구 거여동,경상사고,0,0,1,0,차량단독 - 전도전복 - 전도,안전운전불이행,포장 - 건조,맑음,단일로 - 기타,자전거,남,87세,경상,미분류,미분류,미분류,미분류
2018040200100206,2018년 4월 2일 11시,월요일,서울특별시 양천구 목동,경상사고,0,0,1,0,차대차 - 측면충돌,안전운전불이행,포장 - 건조,맑음,기타 - 기타,자전거,남,64세,경상,승용,여,58세,상해없음
2018040200100259,2018년 4월 2일 13시,월요일,서울특별시 은평구 구산동,부상신고사고,0,0,0,1,차대차 - 기타,안전운전불이행,포장 - 건조,맑음,교차로 - 교차로부근,자전거,남,24세,부상신고,기타불명,기타불명,미분류,기타불명
2018040300100070,2018년 4월 3일 07시,화요일,서울특별시 은평구 갈현동,경상사고,0,0,1,0,차대차 - 측면충돌,신호위반,포장 - 건조,맑음,교차로 - 교차로안,자전거,남,18세,경상,승용,남,48세,상해없음
2018040300100261,2018년 4월 3일 13시,화요일,서울특별시 광진구 능동,중상사고,0,1,0,0,차대차 - 측면충돌,안전운전불이행,포장 - 건조,맑음,교차로 - 교차로부근,자전거,남,63세,중상,화물,남,68세,상해없음
2018040300100303,2018년 4월 3일 14시,화요일,서울특별시 동대문구 장안동,부상신고사고,0,0,0,1,차대차 - 측면충돌,중앙선침범,포장 - 건조,맑음,교차로 - 교차로안,자전거,여,62세,부상신고,승용,여,33세,상해없음
2018040300100342,2018년 4월 3일 15시,화요일,서울특별시 용산구 서빙고동,경상사고,0,0,2,0,차대차 - 기타,안전거리미확보,포장 - 건조,맑음,단일로 - 기타,자전거,여,75세,경상,자전거,남,60세,경상
2018040300100348,2018년 4월 3일 15시,화요일,서울특별시 강남구 대치동,경상사고,0,0,1,0,차대차 - 기타,안전운전불이행,포장 - 건조,맑음,단일로 - 기타,자전거,여,70세,경상,화물,남,43세,상해없음
2018040300100414,2018년 4월 3일 17시,화요일,서울특별시 송파구 방이동,경상사고,0,0,1,0,차대사람 - 기타,안전운전불이행,포장 - 건조,흐림,단일로 - 기타,자전거,남,67세,상해없음,보행자,남,4세,경상
2018040300100450,2018년 4월 3일 18시,화요일,서울특별시 서대문구 연희동,부상신고사고,0,0,0,1,차대차 - 측면충돌,안전운전불이행,포장 - 건조,맑음,단일로 - 기타,자전거,남,10세,부상신고,화물,남,58세,상해없음
2018040300100453,2018년 4월 3일 18시,화요일,서울특별시 관악구 봉천동,경상사고,0,0,1,0,차대차 - 측면충돌,교차로운행방법위반,포장 - 건조,맑음,교차로 - 교차로안,자전거,여,64세,경상,승용,남,28세,상해없음
2018040300100483,2018년 4월 3일 19시,화요일,서울특별시 금천구 시흥동,부상신고사고,0,0,0,1,차량단독 - 공작물충돌,안전운전불이행,포장 - 건조,맑음,단일로 - 기타,자전거,남,13세,부상신고,,,,
2018040300100484,2018년 4월 3일 19시,화요일,서울특별시 금천구 시흥동,경상사고,0,0,1,0,차량단독 - 공작물충돌,안전운전불이행,포장 - 건조,맑음,단일로 - 기타,자전거,남,58세,경상,,,,
2018040300100622,2018년 4월 3일 23시,화요일,서울특별시 성동구 성수동2가,중상사고,0,1,0,0,차대차 - 기타,안전운전불이행,포장 - 건조,흐림,단일로 - 기타,자전거,남,44세,중상,승용,남,57세,상해없음
2018040400100195,2018년 4월 4일 10시,수요일,서울특별시 서대문구 연희동,경상사고,0,0,1,0,차대차 - 기타,기타,포장 - 건조,맑음,기타 - 기타,자전거,여,36세,경상,승용,여,59세,상해없음
2018040400100198,2018년 4월 4일 10시,수요일,서울특별시 동작구 사당동,경상사고,0,0,1,0,차대차 - 측면충돌,불법유턴,포장 - 건조,맑음,교차로 - 교차로횡단보도내,자전거,남,50세,경상,승용,남,27세,상해없음
2018040400100247,2018년 4월 4일 12시,수요일,서울특별시 서대문구 북가좌동,중상사고,0,1,0,0,차대차 - 측면충돌,기타,포장 - 건조,맑음,교차로 - 교차로횡단보도내,자전거,남,74세,중상,승용,남,56세,상해없음
2018040400100361,2018년 4월 4일 16시,수요일,서울특별시 성북구 동선동1가,경상사고,0,0,1,0,차대사람 - 기타,안전운전불이행,포장 - 건조,흐림,단일로 - 기타,자전거,여,52세,상해없음,보행자,남,7세,경상
2018040400100362,2018년 4월 4일 16시,수요일,서울특별시 영등포구 당산동6가,경상사고,0,0,1,0,차대차 - 측면충돌,안전운전불이행,포장 - 건조,맑음,단일로 - 기타,자전거,남,9세,경상,승용,남,32세,상해없음
2018040500100090,2018년 4월 5일 08시,목요일,서울특별시 송파구 잠실동,경상사고,0,0,1,0,차대차 - 측면충돌,안전운전불이행,포장 - 젖음/습기,비,단일로 - 기타,자전거,여,14세,경상,승용,여,30세,상해없음
2018040500100138,2018년 4월 5일 09시,목요일,서울특별시 중랑구 면목동,경상사고,0,0,1,0,차대차 - 기타,안전운전불이행,포장 - 건조,맑음,단일로 - 기타,자전거,남,54세,경상,화물,남,53세,상해없음
2018040600100179,2018년 4월 6일 09시,금요일,서울특별시 강동구 암사동,중상사고,0,1,0,0,차대차 - 측면충돌,안전운전불이행,포장 - 건조,맑음,교차로 - 교차로안,자전거,여,57세,중상,승용,남,40세,상해없음
2018040600100341,2018년 4월 6일 15시,금요일,서울특별시 관악구 신림동,경상사고,0,0,1,0,차대차 - 측면충돌,안전운전불이행,포장 - 건조,맑음,교차로 - 교차로횡단보도내,자전거,남,11세,경상,화물,남,37세,상해없음
2018040700100088,2018년 4월 7일 05시,토요일,서울특별시 도봉구 쌍문동,중상사고,0,1,0,0,차량단독 - 기타,안전운전불이행,포장 - 건조,맑음,단일로 - 기타,자전거,남,73세,중상,,,,
2018040700100345,2018년 4월 7일 15시,토요일,서울특별시 동대문구 용두동,부상신고사고,0,0,0,1,차대차 - 기타,안전운전불이행,포장 - 건조,맑음,단일로 - 기타,자전거,남,14세,부상신고,화물,남,34세,상해없음
2018040700100348,2018년 4월 7일 15시,토요일,서울특별시 강동구 암사동,부상신고사고,0,0,0,1,차대차 - 측면충돌,안전운전불이행,포장 - 건조,맑음,교차로 - 교차로부근,자전거,남,7세,부상신고,화물,남,61세,상해없음
2018040700100627,2018년 4월 7일 22시,토요일,서울특별시 양천구 신정동,경상사고,0,0,1,1,차대차 - 측면충돌,안전운전불이행,포장 - 건조,맑음,교차로 - 교차로안,자전거,남,17세,부상신고,원동기,남,21세,경상
2018040800100133,2018년 4월 8일 10시,일요일,서울특별시 강남구 역삼동,부상신고사고,0,0,0,1,차대차 - 측면충돌,안전운전불이행,포장 - 기타,맑음,단일로 - 기타,자전거,남,38세,부상신고,승용,남,63세,상해없음
2018040800100227,2018년 4월 8일 14시,일요일,서울특별시 영등포구 여의도동,경상사고,0,0,2,0,차대사람 - 횡단중,안전운전불이행,포장 - 건조,흐림,단일로 - 기타,자전거,남,18세,상해없음,보행자,여,17세,경상
2018040800100230,2018년 4월 8일 14시,일요일,서울특별시 도봉구 창동,부상신고사고,0,0,0,1,차대차 - 측면충돌,교차로운행방법위반,포장 - 건조,흐림,교차로 - 교차로안,자전거,남,74세,부상신고,승용,남,66세,상해없음
2018040900100354,2018년 4월 9일 15시,월요일,서울특별시 노원구 하계동,경상사고,0,0,1,0,차대차 - 측면충돌,안전운전불이행,포장 - 건조,맑음,단일로 - 기타,자전거,여,25세,상해없음,자전거,남,72세,경상
2018040900100476,2018년 4월 9일 18시,월요일,서울특별시 동작구 본동,경상사고,0,0,1,0,차대차 - 기타,불법유턴,포장 - 건조,맑음,단일로 - 기타,자전거,남,31세,경상,화물,남,35세,상해없음
2018041000100074,2018년 4월 10일 07시,화요일,서울특별시 서대문구 북가좌동,중상사고,0,1,0,0,차대차 - 측면충돌,신호위반,포장 - 건조,맑음,단일로 - 기타,자전거,남,68세,중상,자전거,남,32세,상해없음
2018041000100268,2018년 4월 10일 13시,화요일,서울특별시 동대문구 제기동,경상사고,0,0,1,0,차대차 - 기타,신호위반,포장 - 건조,맑음,교차로 - 교차로안,자전거,남,85세,경상,화물,남,50세,상해없음
2018041000100356,2018년 4월 10일 16시,화요일,서울특별시 송파구 풍납동,경상사고,0,0,1,0,차대차 - 측면충돌,직진우회전진행방해,포장 - 건조,맑음,교차로 - 교차로안,자전거,남,10세,경상,승용,여,35세,상해없음
2018041000100392,2018년 4월 10일 17시,화요일,서울특별시 동대문구 이문동,중상사고,0,2,0,0,차대차 - 기타,중앙선침범,포장 - 건조,맑음,단일로 - 기타,자전거,남,83세,중상,원동기,남,33세,중상
2018041000100444,2018년 4월 10일 18시,화요일,서울특별시 성동구 성수동2가,중상사고,0,1,0,0,차대차 - 기타,안전운전불이행,포장 - 건조,흐림,단일로 - 기타,자전거,여,56세,상해없음,원동기,남,21세,중상
2018041100100176,2018년 4월 11일 10시,수요일,서울특별시 영등포구 양평동1가,경상사고,0,0,1,0,차대차 - 기타,안전운전불이행,포장 - 건조,맑음,기타 - 기타,자전거,남,78세,경상,승용,남,43세,상해없음
2018041200100072,2018년 4월 12일 07시,목요일,서울특별시 영등포구 대림동,중상사고,0,1,0,0,차대차 - 기타,안전운전불이행,포장 - 건조,맑음,단일로 - 기타,자전거,남,79세,중상,승용,남,77세,상해없음
2018041200100167,2018년 4월 12일 10시,목요일,서울특별시 광진구 자양동,중상사고,0,1,0,0,차대차 - 측면충돌,안전운전불이행,포장 - 건조,맑음,단일로 - 기타,자전거,남,37세,중상,승용,남,49세,상해없음
2018041200100237,2018년 4월 12일 12시,목요일,서울특별시 용산구 이촌동,경상사고,0,0,1,0,차대차 - 기타,안전운전불이행,포장 - 건조,맑음,단일로 - 교량,자전거,남,45세,경상,화물,남,52세,상해없음
2018041200100455,2018년 4월 12일 18시,목요일,서울특별시 도봉구 방학동,부상신고사고,0,0,0,1,차대차 - 측면충돌,안전운전불이행,포장 - 기타,맑음,교차로 - 교차로안,자전거,남,17세,부상신고,승합,남,56세,상해없음
2018041200100539,2018년 4월 12일 20시,목요일,서울특별시 동대문구 제기동,중상사고,0,1,0,0,차대사람 - 기타,안전운전불이행,포장 - 건조,맑음,단일로 - 기타,자전거,남,58세,상해없음,보행자,여,71세,중상
2018041300100102,2018년 4월 13일 08시,금요일,서울특별시 영등포구 신길동,경상사고,0,0,1,0,차대차 - 측면충돌,안전운전불이행,포장 - 건조,맑음,단일로 - 기타,자전거,남,24세,경상,승용,남,63세,상해없음
2018041300100299,2018년 4월 13일 14시,금요일,서울특별시 서대문구 북아현동,경상사고,0,0,1,0,차대차 - 측면충돌,신호위반,포장 - 건조,맑음,교차로 - 교차로안,자전거,남,13세,경상,승용,남,26세,상해없음
2018041300100410,2018년 4월 13일 17시,금요일,서울특별시 영등포구 영등포동7가,경상사고,0,0,1,0,차대차 - 측면충돌,안전거리미확보,포장 - 건조,맑음,단일로 - 기타,자전거,남,12세,경상,승용,여,64세,상해없음
2018041300100414,2018년 4월 13일 17시,금요일,서울특별시 송파구 가락동,경상사고,0,0,1,0,차대차 - 측면충돌,안전운전불이행,포장 - 건조,맑음,교차로 - 교차로부근,자전거,남,15세,경상,승용,여,65세,상해없음
2018041300100487,2018년 4월 13일 19시,금요일,서울특별시 중구 을지로2가,경상사고,0,0,1,0,차대차 - 추돌,안전운전불이행,포장 - 건조,맑음,단일로 - 기타,자전거,여,26세,경상,승용,여,34세,상해없음
2018041400100420,2018년 4월 14일 17시,토요일,서울특별시 영등포구 신길동,부상신고사고,0,0,0,1,차대차 - 기타,안전운전불이행,포장 - 건조,맑음,단일로 - 기타,자전거,남,53세,상해없음,원동기,남,18세,부상신고
2018041400100491,2018년 4월 14일 20시,토요일,서울특별시 강동구 천호동,부상신고사고,0,0,0,1,차대사람 - 기타,기타,포장 - 건조,맑음,단일로 - 기타,자전거,남,57세,상해없음,보행자,남,50세,부상신고
2018041500100077,2018년 4월 15일 07시,일요일,서울특별시 동대문구 휘경동,부상신고사고,0,0,0,1,차대차 - 기타,안전운전불이행,포장 - 건조,맑음,단일로 - 기타,자전거,여,32세,부상신고,이륜,남,33세,상해없음
2018041500100085,2018년 4월 15일 08시,일요일,서울특별시 서대문구 홍은동,부상신고사고,0,0,0,1,차대차 - 측면충돌,안전운전불이행,포장 - 건조,맑음,단일로 - 기타,자전거,남,43세,부상신고,승용,남,56세,상해없음
2018041500100220,2018년 4월 15일 14시,일요일,서울특별시 광진구 구의동,경상사고,0,0,1,0,차대차 - 측면충돌,안전거리미확보,포장 - 건조,맑음,단일로 - 기타,자전거,남,23세,경상,승용,남,60세,상해없음
2018041500100293,2018년 4월 15일 16시,일요일,서울특별시 송파구 잠실동,경상사고,0,0,1,0,차대차 - 측면충돌,안전운전불이행,포장 - 건조,맑음,단일로 - 기타,자전거,남,39세,상해없음,자전거,남,38세,경상
2018041500100386,2018년 4월 15일 19시,일요일,서울특별시 마포구 망원동,경상사고,0,0,1,0,차대사람 - 기타,안전운전불이행,포장 - 건조,맑음,교차로 - 교차로안,자전거,남,12세,상해없음,보행자,여,69세,경상
2018041600100058,2018년 4월 16일 07시,월요일,서울특별시 송파구 잠실동,부상신고사고,0,0,0,1,차대차 - 측면충돌,안전운전불이행,포장 - 건조,맑음,기타 - 기타,자전거,여,24세,부상신고,승용,남,46세,상해없음
2018041600100067,2018년 4월 16일 07시,월요일,서울특별시 노원구 상계동,부상신고사고,0,0,0,1,차대차 - 기타,불법유턴,포장 - 건조,맑음,교차로 - 교차로횡단보도내,자전거,남,51세,부상신고,승용,여,51세,상해없음
2018041600100213,2018년 4월 16일 11시,월요일,서울특별시 도봉구 방학동,부상신고사고,0,0,0,1,차대차 - 측면충돌,안전운전불이행,포장 - 건조,맑음,단일로 - 기타,자전거,남,52세,부상신고,승용,남,68세,상해없음
2018041600100215,2018년 4월 16일 11시,월요일,서울특별시 강남구 일원동,중상사고,0,1,0,0,차대차 - 기타,안전운전불이행,포장 - 건조,맑음,기타 - 기타,자전거,남,52세,상해없음,자전거,여,30세,중상
2018041600100268,2018년 4월 16일 13시,월요일,서울특별시 영등포구 영등포동8가,경상사고,0,0,1,0,차대차 - 측면충돌,안전운전불이행,포장 - 건조,맑음,교차로 - 교차로안,자전거,여,57세,경상,승용,남,25세,상해없음
2018041600100451,2018년 4월 16일 18시,월요일,서울특별시 노원구 중계동,부상신고사고,0,0,0,1,차대사람 - 기타,안전운전불이행,포장 - 건조,맑음,기타 - 기타,자전거,남,7세,상해없음,보행자,여,47세,부상신고
2018041600100520,2018년 4월 16일 20시,월요일,서울특별시 도봉구 방학동,부상신고사고,0,0,0,1,차대차 - 측면충돌,안전운전불이행,포장 - 건조,맑음,교차로 - 교차로안,자전거,여,17세,부상신고,승용,남,67세,상해없음
2018041700100133,2018년 4월 17일 09시,화요일,서울특별시 송파구 석촌동,경상사고,0,0,1,0,차대사람 - 보도통행중,기타,포장 - 건조,맑음,단일로 - 기타,자전거,남,55세,상해없음,보행자,여,38세,경상
2018041700100405,2018년 4월 17일 17시,화요일,서울특별시 광진구 구의동,부상신고사고,0,0,0,1,차대차 - 측면충돌,안전운전불이행,포장 - 건조,맑음,교차로 - 교차로횡단보도내,자전거,남,57세,부상신고,승용,남,26세,상해없음
2018041800100109,2018년 4월 18일 08시,수요일,서울특별시 강서구 화곡동,중상사고,0,1,0,0,차대사람 - 횡단중,안전운전불이행,포장 - 건조,맑음,교차로 - 교차로안,자전거,남,23세,상해없음,보행자,여,34세,중상
2018041800100189,2018년 4월 18일 10시,수요일,서울특별시 강북구 수유동,경상사고,0,0,1,0,차대차 - 기타,안전운전불이행,포장 - 건조,맑음,단일로 - 기타,자전거,남,22세,상해없음,승합,남,55세,상해없음
2018041800100361,2018년 4월 18일 16시,수요일,서울특별시 영등포구 양평동4가,경상사고,0,0,1,0,차대차 - 기타,안전운전불이행,포장 - 건조,맑음,기타 - 기타,자전거,남,26세,경상,자전거,남,38세,상해없음
2018041800100451,2018년 4월 18일 18시,수요일,서울특별시 영등포구 여의도동,경상사고,0,0,1,0,차대차 - 정면충돌,안전운전불이행,포장 - 건조,맑음,단일로 - 기타,자전거,남,13세,경상,자전거,남,22세,상해없음
2018041800100452,2018년 4월 18일 18시,수요일,서울특별시 영등포구 양평동1가,경상사고,0,0,1,0,차대차 - 정면충돌,안전운전불이행,포장 - 건조,맑음,교차로 - 교차로부근,자전거,남,13세,경상,승용,남,48세,상해없음
2018041900100111,2018년 4월 19일 08시,목요일,서울특별시 양천구 신정동,경상사고,0,0,1,0,차대차 - 기타,안전운전불이행,포장 - 건조,맑음,단일로 - 기타,자전거,남,14세,경상,승용,남,60세,상해없음
2018041900100250,2018년 4월 19일 13시,목요일,서울특별시 성북구 보문동4가,경상사고,0,0,1,0,차대사람 - 횡단중,보행자보호의무위반,포장 - 건조,맑음,단일로 - 기타,자전거,여,57세,상해없음,보행자,여,60세,경상
2018041900100251,2018년 4월 19일 13시,목요일,서울특별시 영등포구 도림동,중상사고,0,1,0,0,차대사람 - 기타,안전운전불이행,포장 - 건조,맑음,기타 - 기타,자전거,여,64세,기타불명,보행자,여,83세,중상
2018041900100404,2018년 4월 19일 17시,목요일,서울특별시 동작구 신대방동,부상신고사고,0,0,0,1,차대차 - 기타,안전운전불이행,포장 - 건조,맑음,단일로 - 기타,자전거,여,55세,부상신고,승용,남,60세,상해없음
2018041900100408,2018년 4월 19일 17시,목요일,서울특별시 노원구 중계동,부상신고사고,0,0,0,1,차대차 - 기타,안전운전불이행,포장 - 건조,맑음,교차로 - 교차로부근,자전거,남,14세,부상신고,승용,남,59세,상해없음
2018041900100447,2018년 4월 19일 18시,목요일,서울특별시 영등포구 영등포동7가,부상신고사고,0,0,0,1,차대차 - 측면충돌,신호위반,포장 - 건조,맑음,교차로 - 교차로안,자전거,남,29세,부상신고,승합,남,40세,상해없음
2018042000100130,2018년 4월 20일 09시,금요일,서울특별시 강동구 성내동,부상신고사고,0,0,0,1,차대차 - 측면충돌,안전운전불이행,포장 - 건조,맑음,교차로 - 교차로부근,자전거,남,22세,부상신고,승용,남,31세,상해없음
2018042000100259,2018년 4월 20일 13시,금요일,서울특별시 서초구 양재동,부상신고사고,0,0,0,1,차대차 - 기타,안전운전불이행,포장 - 건조,맑음,단일로 - 기타,자전거,남,89세,부상신고,승용,여,22세,상해없음
2018042000100356,2018년 4월 20일 16시,금요일,서울특별시 동대문구 이문동,경상사고,0,0,1,0,차대사람 - 기타,안전운전불이행,포장 - 건조,맑음,단일로 - 기타,자전거,남,10세,상해없음,보행자,여,83세,경상
2018042000100406,2018년 4월 20일 17시,금요일,서울특별시 성동구 하왕십리동,경상사고,0,0,1,0,차대차 - 기타,안전운전불이행,포장 - 건조,맑음,교차로 - 교차로부근,자전거,남,19세,경상,화물,남,43세,상해없음
2018042000100513,2018년 4월 20일 19시,금요일,서울특별시 영등포구 여의도동,경상사고,0,0,1,0,차대차 - 추돌,안전운전불이행,포장 - 건조,맑음,단일로 - 기타,자전거,남,42세,상해없음,자전거,남,26세,경상
2018042000100661,2018년 4월 20일 23시,금요일,서울특별시 강남구 대치동,중상사고,0,1,1,0,차대차 - 기타,안전운전불이행,포장 - 건조,맑음,단일로 - 기타,자전거,남,26세,경상,자전거,남,39세,중상
2018042100100003,2018년 4월 21일 00시,토요일,서울특별시 관악구 신림동,경상사고,0,0,1,0,차대차 - 측면충돌,직진우회전진행방해,포장 - 건조,맑음,교차로 - 교차로안,자전거,남,27세,경상,승용,남,60세,상해없음
2018042100100207,2018년 4월 21일 11시,토요일,서울특별시 동작구 신대방동,경상사고,0,0,1,0,차대차 - 측면충돌,안전운전불이행,포장 - 건조,맑음,교차로 - 교차로안,자전거,남,13세,경상,승용,남,58세,상해없음
2018042100100211,2018년 4월 21일 11시,토요일,서울특별시 강서구 공항동,부상신고사고,0,0,0,1,차대차 - 기타,안전운전불이행,포장 - 건조,맑음,단일로 - 기타,자전거,남,11세,부상신고,승용,남,61세,상해없음
2018042100100284,2018년 4월 21일 13시,토요일,서울특별시 용산구 서빙고동,중상사고,0,1,0,0,차대차 - 측면충돌,불법유턴,포장 - 건조,맑음,교차로 - 교차로안,자전거,여,26세,상해없음,자전거,남,26세,중상
2018042100100558,2018년 4월 21일 19시,토요일,서울특별시 송파구 신천동,경상사고,0,0,1,0,차대사람 - 보도통행중,기타,포장 - 건조,맑음,단일로 - 기타,자전거,남,16세,상해없음,보행자,여,65세,경상
2018042100100621,2018년 4월 21일 21시,토요일,서울특별시 마포구 망원동,부상신고사고,0,0,0,1,차대사람 - 차도통행중,안전운전불이행,포장 - 건조,맑음,단일로 - 기타,자전거,남,26세,상해없음,보행자,남,52세,부상신고
2018042100100660,2018년 4월 21일 22시,토요일,서울특별시 송파구 장지동,부상신고사고,0,0,0,1,차대사람 - 차도통행중,안전운전불이행,포장 - 건조,맑음,단일로 - 기타,자전거,남,34세,부상신고,보행자,여,42세,상해없음
2018042200100084,2018년 4월 22일 08시,일요일,서울특별시 은평구 역촌동,중상사고,0,1,0,0,차대차 - 측면충돌,직진우회전진행방해,포장 - 건조,흐림,교차로 - 교차로안,자전거,남,56세,중상,승용,여,51세,상해없음
2018042300100418,2018년 4월 23일 18시,월요일,서울특별시 성동구 성수동1가,경상사고,0,0,1,0,차량단독 - 기타,안전운전불이행,포장 - 젖음/습기,맑음,단일로 - 기타,자전거,남,59세,경상,,,,
2018042400100525,2018년 4월 24일 20시,화요일,서울특별시 성북구 석관동,경상사고,0,0,1,0,차대차 - 측면충돌,안전운전불이행,포장 - 건조,맑음,교차로 - 교차로안,자전거,남,32세,경상,승용,여,60세,상해없음
2018042400100594,2018년 4월 24일 22시,화요일,서울특별시 양천구 목동,부상신고사고,0,0,0,1,차대차 - 기타,안전운전불이행,포장 - 건조,맑음,교차로 - 교차로안,자전거,남,22세,부상신고,화물,남,52세,상해없음
2018042500100165,2018년 4월 25일 10시,수요일,서울특별시 광진구 구의동,경상사고,0,0,1,0,차대차 - 기타,불법유턴,포장 - 건조,맑음,교차로 - 교차로횡단보도내,자전거,여,31세,경상,승용,남,49세,상해없음
2018042500100295,2018년 4월 25일 14시,수요일,서울특별시 양천구 목동,경상사고,0,0,1,0,차대차 - 측면충돌,안전운전불이행,포장 - 건조,맑음,단일로 - 기타,자전거,남,66세,상해없음,자전거,남,74세,경상