사고번호,사고일시,요일,시군구,사고내용,사망자수,중상자수,경상자수,부상신고자수,사고유형,법규위반,노면상태,기상상태,도로형태,가해운전자 차종,가해운전자 성별,가해운전자 연령,가해운전자 상해정도,피해운전자 차종,피해운전자 성별,피해운전자 연령,피해운전자 상해정도
2018042500100329,2018년 4월 25일 15시,수요일,서울특별시 영등포구 양평동6가,경상사고,0,0,1,0,차대차 - 기타,안전운전불이행,포장 - 건조,맑음,기타 - 기타,자전거,남,68세,경상,화물,남,53세,상해없음
2018042500100372,2018년 4월 25일 16시,수요일,서울특별시 노원구 상계동,중상사고,0,1,0,0,차대사람 - 횡단중,신호위반,포장 - 건조,맑음,교차로 - 교차로안,자전거,남,19세,상해없음,보행자,여,76세,중상
2018042500100451,2018년 4월 25일 18시,수요일,서울특별시 도봉구 도봉동,부상신고사고,0,0,0,1,차대차 - 측면충돌,안전운전불이행,포장 - 건조,맑음,교차로 - 교차로횡단보도내,자전거,남,22세,부상신고,화물,남,60세,상해없음
2018042500100489,2018년 4월 25일 19시,수요일,서울특별시 은평구 수색동,중상사고,0,1,0,0,차대차 - 정면충돌,중앙선침범,포장 - 건조,맑음,단일로 - 기타,자전거,남,64세,중상,승용,남,66세,상해없음
2018042600100029,2018년 4월 26일 03시,목요일,서울특별시 동대문구 제기동,경상사고,0,0,1,0,차대사람 - 기타,안전운전불이행,포장 - 건조,맑음,단일로 - 기타,자전거,남,22세,기타불명,보행자,남,56세,경상
2018042600100161,2018년 4월 26일 10시,목요일,서울특별시 광진구 중곡동,경상사고,0,0,1,0,차대차 - 기타,안전운전불이행,포장 - 건조,맑음,단일로 - 기타,자전거,남,85세,경상,승합,남,42세,상해없음
2018042600100225,2018년 4월 26일 12시,목요일,서울특별시 강동구 둔촌동,경상사고,0,0,1,0,차대차 - 측면충돌,안전운전불이행,포장 - 건조,맑음,단일로 - 기타,자전거,여,62세,경상,승용,남,58세,상해없음
2018042600100247,2018년 4월 26일 13시,목요일,서울특별시 동작구 상도동,부상신고사고,0,0,0,1,차대차 - 측면충돌,불법유턴,포장 - 건조,맑음,교차로 - 교차로부근,자전거,남,13세,부상신고,승용,여,34세,상해없음
2018042600100314,2018년 4월 26일 15시,목요일,서울특별시 송파구 오금동,경상사고,0,0,1,0,차대사람 - 기타,안전운전불이행,포장 - 건조,맑음,단일로 - 기타,자전거,남,57세,경상,보행자,남,55세,상해없음
2018042600100484,2018년 4월 26일 20시,목요일,서울특별시 금천구 독산동,경상사고,0,0,1,0,차대차 - 측면충돌,중앙선침범,포장 - 건조,맑음,교차로 - 교차로안,자전거,남,44세,경상,승용,남,49세,상해없음
2018042700100093,2018년 4월 27일 08시,금요일,서울특별시 영등포구 여의도동,경상사고,0,0,1,0,차대차 - 기타,기타,포장 - 건조,맑음,기타 - 기타,자전거,여,53세,경상,승용,남,74세,상해없음
2018042700100197,2018년 4월 27일 11시,금요일,서울특별시 서대문구 홍제동,부상신고사고,0,0,0,1,차대차 - 측면충돌,안전운전불이행,포장 - 건조,맑음,교차로 - 교차로부근,자전거,여,25세,부상신고,승용,남,59세,상해없음
2018042700100244,2018년 4월 27일 13시,금요일,서울특별시 강서구 방화동,경상사고,0,0,1,0,차대차 - 측면충돌,안전운전불이행,포장 - 건조,맑음,단일로 - 기타,자전거,여,52세,경상,원동기,남,48세,상해없음
2018042700100632,2018년 4월 27일 23시,금요일,서울특별시 은평구 응암동,중상사고,0,1,0,0,차대차 - 측면충돌,안전거리미확보,포장 - 건조,맑음,교차로 - 교차로안,자전거,남,38세,중상,승용,남,63세,상해없음
2018042800100044,2018년 4월 28일 02시,토요일,서울특별시 금천구 가산동,부상신고사고,0,0,0,1,차대차 - 기타,안전거리미확보,포장 - 건조,맑음,단일로 - 기타,자전거,남,28세,부상신고,승용,남,57세,상해없음
2018042800100115,2018년 4월 28일 07시,토요일,서울특별시 영등포구 신길동,부상신고사고,0,0,0,1,차대차 - 측면충돌,안전운전불이행,포장 - 건조,맑음,단일로 - 기타,자전거,남,59세,부상신고,승용,남,71세,상해없음
2018042800100363,2018년 4월 28일 14시,토요일,서울특별시 중랑구 상봉동,중상사고,0,1,0,0,차대사람 - 기타,기타,비포장 - 건조,맑음,기타 - 기타,자전거,여,39세,상해없음,보행자,여,30세,중상
2018042800100393,2018년 4월 28일 15시,토요일,서울특별시 광진구 자양동,부상신고사고,0,0,0,1,차대차 - 기타,안전운전불이행,포장 - 건조,맑음,기타 - 기타,자전거,여,47세,부상신고,자전거,여,45세,상해없음
2018042800100395,2018년 4월 28일 15시,토요일,서울특별시 송파구 잠실동,부상신고사고,0,0,0,1,차대차 - 측면충돌,안전운전불이행,포장 - 건조,맑음,교차로 - 교차로횡단보도내,자전거,여,64세,부상신고,승용,여,52세,상해없음
2018042800100396,2018년 4월 28일 15시,토요일,서울특별시 송파구 잠실동,부상신고사고,0,0,0,1,차대사람 - 차도통행중,안전운전불이행,포장 - 건조,맑음,단일로 - 기타,자전거,남,13세,기타불명,보행자,여,54세,부상신고
2018042800100434,2018년 4월 28일 16시,토요일,서울특별시 강서구 염창동,중상사고,0,1,0,0,차대차 - 기타,안전운전불이행,포장 - 건조,맑음,단일로 - 기타,자전거,남,58세,상해없음,자전거,남,46세,중상
2018042800100656,2018년 4월 28일 23시,토요일,서울특별시 노원구 월계동,중상사고,0,1,0,0,차대차 - 정면충돌,안전운전불이행,포장 - 건조,맑음,단일로 - 기타,자전거,여,13세,중상,승용,남,68세,상해없음
2018042900100222,2018년 4월 29일 13시,일요일,서울특별시 금천구 시흥동,중상사고,0,1,0,0,차대사람 - 기타,중앙선침범,포장 - 건조,맑음,단일로 - 기타,자전거,남,13세,상해없음,보행자,여,75세,중상
2018042900100223,2018년 4월 29일 13시,일요일,서울특별시 동작구 흑석동,중상사고,0,1,0,0,차대차 - 측면충돌,안전운전불이행,포장 - 건조,맑음,기타 - 기타,자전거,여,12세,상해없음,자전거,남,71세,중상
2018042900100286,2018년 4월 29일 15시,일요일,서울특별시 영등포구 여의도동,경상사고,0,0,1,1,차대사람 - 기타,안전운전불이행,포장 - 건조,맑음,단일로 - 기타,자전거,남,67세,경상,보행자,남,5세,부상신고
2018042900100287,2018년 4월 29일 15시,일요일,서울특별시 성북구 정릉동,중상사고,0,1,0,0,차대차 - 기타,안전운전불이행,포장 - 기타,맑음,단일로 - 기타,자전거,남,32세,상해없음,자전거,남,82세,중상
2018042900100331,2018년 4월 29일 16시,일요일,서울특별시 서초구 잠원동,부상신고사고,0,0,0,1,차대차 - 측면충돌,안전운전불이행,포장 - 건조,맑음,기타 - 기타,자전거,남,43세,부상신고,자전거,남,69세,상해없음
2018042900100503,2018년 4월 29일 21시,일요일,서울특별시 강동구 암사동,경상사고,0,0,1,0,차대사람 - 기타,기타,포장 - 건조,맑음,단일로 - 기타,자전거,남,57세,경상,보행자,남,18세,상해없음
2018043000100028,2018년 4월 30일 03시,월요일,서울특별시 구로구 개봉동,경상사고,0,0,1,0,차대차 - 측면충돌,안전운전불이행,포장 - 젖음/습기,비,교차로 - 교차로안,자전거,남,48세,경상,승용,남,64세,상해없음
2018043000100276,2018년 4월 30일 13시,월요일,서울특별시 강동구 성내동,중상사고,0,1,0,0,차대차 - 측면충돌,안전운전불이행,포장 - 건조,맑음,교차로 - 교차로횡단보도내,자전거,여,55세,중상,승용,남,36세,상해없음
2018050100100105,2018년 5월 1일 08시,화요일,서울특별시 용산구 이촌동,중상사고,0,1,0,1,차대차 - 기타,안전운전불이행,포장 - 건조,맑음,단일로 - 기타,자전거,남,34세,부상신고,자전거,남,35세,중상
2018050100100109,2018년 5월 1일 08시,화요일,서울특별시 강남구 일원동,중상사고,0,1,0,0,차대차 - 기타,안전운전불이행,포장 - 건조,맑음,기타 - 기타,자전거,남,35세,상해없음,기타불명,남,46세,중상
2018050100100156,2018년 5월 1일 10시,화요일,서울특별시 영등포구 당산동,경상사고,0,0,1,0,차대차 - 기타,안전운전불이행,포장 - 건조,맑음,기타 - 기타,자전거,여,59세,경상,자전거,남,81세,상해없음
2018050100100229,2018년 5월 1일 13시,화요일,서울특별시 중구 남산동2가,부상신고사고,0,0,0,1,차대차 - 기타,신호위반,포장 - 건조,맑음,교차로 - 교차로안,자전거,남,31세,부상신고,승합,남,67세,상해없음
2018050100100269,2018년 5월 1일 14시,화요일,서울특별시 동대문구 제기동,부상신고사고,0,0,0,1,차대차 - 기타,안전운전불이행,포장 - 건조,기타,교차로 - 교차로안,자전거,남,49세,부상신고,승용,남,57세,상해없음
2018050100100270,2018년 5월 1일 14시,화요일,서울특별시 송파구 신천동,중상사고,0,1,0,0,차대차 - 측면충돌,안전운전불이행,포장 - 건조,흐림,기타 - 기타,자전거,남,31세,기타불명,자전거,여,35세,중상
2018050200100033,2018년 5월 2일 03시,수요일,서울특별시 성북구 보문동1가,경상사고,0,0,1,0,차대차 - 측면충돌,불법유턴,포장 - 건조,흐림,단일로 - 기타,자전거,여,62세,경상,승용,남,26세,상해없음
2018050200100109,2018년 5월 2일 08시,수요일,서울특별시 강서구 화곡동,부상신고사고,0,0,0,1,차대차 - 측면충돌,안전운전불이행,포장 - 젖음/습기,비,교차로 - 교차로횡단보도내,자전거,남,75세,부상신고,승용,남,52세,상해없음
2018050200100421,2018년 5월 2일 17시,수요일,서울특별시 중구 봉래동1가,중상사고,0,1,0,0,차대차 - 측면충돌,안전운전불이행,포장 - 건조,맑음,교차로 - 교차로부근,자전거,여,30세,중상,승합,남,52세,상해없음
2018050200100422,2018년 5월 2일 17시,수요일,서울특별시 동대문구 신설동,경상사고,0,0,3,0,차대차 - 정면충돌,중앙선침범,포장 - 젖음/습기,비,단일로 - 기타,자전거,남,62세,상해없음,승용,남,55세,상해없음
2018050300100277,2018년 5월 3일 13시,목요일,서울특별시 성북구 장위동,중상사고,0,1,0,0,차대차 - 측면충돌,안전운전불이행,포장 - 건조,맑음,단일로 - 기타,자전거,여,69세,중상,승용,남,45세,상해없음
2018050300100341,2018년 5월 3일 15시,목요일,서울특별시 관악구 신림동,중상사고,0,1,0,0,차대사람 - 보도통행중,기타,포장 - 건조,맑음,기타 - 기타,자전거,여,62세,상해없음,보행자,여,73세,중상
2018050300100383,2018년 5월 3일 16시,목요일,서울특별시 영등포구 대림동,부상신고사고,0,0,0,1,차대차 - 측면충돌,직진우회전진행방해,포장 - 젖음/습기,흐림,교차로 - 교차로안,자전거,남,13세,부상신고,승용,남,72세,상해없음
2018050400100074,2018년 5월 4일 07시,금요일,서울특별시 은평구 응암동,부상신고사고,0,0,0,1,차대차 - 측면충돌,안전운전불이행,포장 - 건조,맑음,교차로 - 교차로안,자전거,남,60세,부상신고,승용,남,44세,상해없음
2018050400100106,2018년 5월 4일 08시,금요일,서울특별시 강남구 대치동,경상사고,0,0,1,0,차대차 - 기타,안전운전불이행,포장 - 건조,맑음,단일로 - 기타,자전거,남,60세,상해없음,자전거,남,38세,경상
2018050400100351,2018년 5월 4일 15시,금요일,서울특별시 양천구 목동,중상사고,0,1,0,0,차대사람 - 기타,기타,포장 - 건조,맑음,기타 - 기타,자전거,남,13세,기타불명,보행자,여,79세,중상
2018050400100389,2018년 5월 4일 16시,금요일,서울특별시 관악구 신림동,경상사고,0,0,1,0,차대차 - 기타,안전운전불이행,포장 - 건조,맑음,교차로 - 교차로부근,자전거,여,47세,경상,이륜,남,51세,상해없음
2018050400100391,2018년 5월 4일 16시,금요일,서울특별시 노원구 공릉동,경상사고,0,0,1,0,차대사람 - 기타,안전운전불이행,포장 - 건조,맑음,단일로 - 기타,자전거,남,82세,상해없음,보행자,여,39세,경상
2018050400100538,2018년 5월 4일 19시,금요일,서울특별시 송파구 방이동,중상사고,0,1,0,0,차대차 - 기타,안전운전불이행,포장 - 건조,맑음,기타 - 기타,자전거,남,22세,상해없음,자전거,여,56세,중상
2018050400100686,2018년 5월 4일 23시,금요일,서울특별시 성북구 안암동5가,경상사고,0,0,1,0,차대차 - 정면충돌,안전운전불이행,포장 - 건조,맑음,단일로 - 기타,자전거,남,26세,상해없음,이륜,남,39세,경상
2018050400100689,2018년 5월 4일 23시,금요일,서울특별시 강서구 화곡동,경상사고,0,0,1,0,차대차 - 기타,안전운전불이행,포장 - 건조,맑음,단일로 - 기타,자전거,남,37세,경상,승용,남,43세,상해없음
2018050500100004,2018년 5월 5일 00시,토요일,서울특별시 강남구 압구정동,경상사고,0,0,1,0,차대차 - 추돌,안전운전불이행,포장 - 건조,맑음,단일로 - 기타,자전거,남,36세,상해없음,자전거,여,34세,경상
2018050500100120,2018년 5월 5일 07시,토요일,서울특별시 서초구 반포동,부상신고사고,0,0,0,1,차대차 - 기타,안전운전불이행,포장 - 건조,맑음,기타 - 기타,자전거,남,12세,상해없음,자전거,남,51세,부상신고
2018050500100138,2018년 5월 5일 08시,토요일,서울특별시 성동구 응봉동,경상사고,0,0,1,1,차대사람 - 기타,안전운전불이행,포장 - 건조,맑음,기타 - 기타,자전거,남,72세,경상,보행자,남,24세,부상신고
2018050500100389,2018년 5월 5일 16시,토요일,서울특별시 강서구 염창동,중상사고,0,1,0,0,차대사람 - 기타,안전운전불이행,포장 - 건조,맑음,단일로 - 기타,자전거,남,37세,상해없음,보행자,여,81세,중상
2018050500100428,2018년 5월 5일 17시,토요일,서울특별시 도봉구 도봉동,경상사고,0,0,1,0,차대차 - 측면충돌,신호위반,포장 - 건조,맑음,교차로 - 교차로안,자전거,남,64세,경상,승용,남,61세,상해없음
2018050500100479,2018년 5월 5일 18시,토요일,서울특별시 강남구 압구정동,중상사고,0,1,0,0,차대차 - 기타,안전운전불이행,포장 - 건조,맑음,단일로 - 기타,자전거,남,67세,상해없음,자전거,여,21세,중상
2018050600100028,2018년 5월 6일 01시,일요일,서울특별시 송파구 잠실동,부상신고사고,0,0,0,1,차량단독 - 기타,안전운전불이행,포장 - 젖음/습기,비,단일로 - 기타,자전거,남,38세,부상신고,,,,
2018050600100030,2018년 5월 6일 01시,일요일,서울특별시 노원구 월계동,중상사고,0,1,0,0,차대사람 - 기타,안전운전불이행,포장 - 건조,흐림,기타 - 기타,자전거,남,21세,상해없음,보행자,남,24세,중상
2018050700100133,2018년 5월 7일 10시,월요일,서울특별시 관악구 신림동,경상사고,0,0,1,0,차대사람 - 기타,보행자보호의무위반,포장 - 건조,맑음,교차로 - 교차로횡단보도내,자전거,여,67세,상해없음,보행자,여,24세,경상
2018050700100157,2018년 5월 7일 11시,월요일,서울특별시 노원구 상계동,경상사고,0,0,1,0,차대차 - 정면충돌,안전운전불이행,포장 - 건조,맑음,단일로 - 기타,자전거,여,22세,상해없음,승용,남,50세,경상
2018050700100218,2018년 5월 7일 13시,월요일,서울특별시 강남구 수서동,중상사고,0,1,0,0,차대차 - 측면충돌,안전운전불이행,포장 - 건조,맑음,단일로 - 기타,자전거,여,48세,상해없음,자전거,남,31세,중상
2018050700100448,2018년 5월 7일 20시,월요일,서울특별시 금천구 시흥동,경상사고,0,0,1,0,차대차 - 기타,안전운전불이행,포장 - 건조,맑음,교차로 - 교차로부근,자전거,남,63세,경상,승용,여,54세,상해없음
2018050700100450,2018년 5월 7일 20시,월요일,서울특별시 송파구 석촌동,부상신고사고,0,0,0,1,차량단독 - 기타,안전운전불이행,포장 - 건조,맑음,교차로 - 교차로부근,자전거,남,52세,부상신고,,,,
2018050800100022,2018년 5월 8일 01시,화요일,서울특별시 강동구 천호동,경상사고,0,0,2,0,차대차 - 기타,안전운전불이행,포장 - 건조,맑음,교차로 - 교차로안,자전거,남,57세,경상,자전거,남,54세,경상
2018050800100054,2018년 5월 8일 06시,화요일,서울특별시 강남구 개포동,경상사고,0,0,1,0,차대차 - 기타,안전운전불이행,포장 - 건조,맑음,교차로 - 교차로부근,자전거,남,43세,기타불명,자전거,남,9세,경상
2018050800100067,2018년 5월 8일 07시,화요일,서울특별시 송파구 풍납동,중상사고,0,1,0,0,차대사람 - 기타,안전운전불이행,포장 - 건조,맑음,단일로 - 기타,자전거,남,15세,상해없음,보행자,여,46세,중상
2018050800100162,2018년 5월 8일 10시,화요일,서울특별시 광진구 화양동,경상사고,0,0,1,0,차대차 - 기타,안전운전불이행,포장 - 건조,맑음,교차로 - 교차로안,자전거,남,61세,경상,승용,남,75세,상해없음
2018050800100497,2018년 5월 8일 19시,화요일,서울특별시 영등포구 대림동,경상사고,0,0,1,0,차대차 - 측면충돌,신호위반,포장 - 건조,맑음,단일로 - 기타,자전거,남,41세,상해없음,자전거,여,47세,경상
2018050900100093,2018년 5월 9일 08시,수요일,서울특별시 도봉구 창동,부상신고사고,0,0,0,1,차대차 - 기타,안전운전불이행,포장 - 건조,맑음,단일로 - 기타,자전거,남,18세,부상신고,승용,남,67세,상해없음
2018050900100332,2018년 5월 9일 15시,수요일,서울특별시 영등포구 대림동,부상신고사고,0,0,0,1,차대차 - 기타,안전운전불이행,포장 - 건조,맑음,단일로 - 기타,자전거,남,63세,부상신고,승합,남,59세,상해없음
2018050900100416,2018년 5월 9일 17시,수요일,서울특별시 도봉구 도봉동,사망사고,1,0,0,0,차대차 - 기타,안전운전불이행,포장 - 건조,맑음,교차로 - 교차로부근,자전거,남,57세,사망,승용,여,44세,상해없음
2018050900100461,2018년 5월 9일 18시,수요일,서울특별시 종로구 종로6가,경상사고,0,0,1,0,차대차 - 추돌,안전거리미확보,포장 - 건조,맑음,단일로 - 기타,자전거,남,50세,상해없음,이륜,남,25세,경상
2018050900100462,2018년 5월 9일 18시,수요일,서울특별시 강북구 미아동,경상사고,0,0,1,0,차대사람 - 횡단중,보행자보호의무위반,포장 - 건조,맑음,단일로 - 기타,자전거,남,43세,상해없음,보행자,여,53세,경상
2018050900100557,2018년 5월 9일 21시,수요일,서울특별시 강서구 가양동,경상사고,0,0,1,0,차대차 - 측면충돌,기타,포장 - 건조,맑음,단일로 - 기타,자전거,남,42세,경상,승용,여,45세,상해없음
2018051000100011,2018년 5월 10일 00시,목요일,서울특별시 강남구 개포동,부상신고사고,0,0,0,2,차대사람 - 기타,안전운전불이행,포장 - 건조,맑음,단일로 - 기타,자전거,남,35세,부상신고,보행자,여,41세,부상신고
2018051000100076,2018년 5월 10일 07시,목요일,서울특별시 송파구 잠실동,중상사고,0,1,0,0,차대사람 - 보도통행중,안전운전불이행,포장 - 건조,맑음,단일로 - 기타,자전거,기타불명,미분류,기타불명,보행자,여,41세,중상
2018051000100102,2018년 5월 10일 08시,목요일,서울특별시 중랑구 상봉동,부상신고사고,0,0,0,1,차대차 - 측면충돌,안전운전불이행,포장 - 건조,맑음,교차로 - 교차로안,자전거,여,46세,부상신고,승용,남,63세,상해없음
2018051000100163,2018년 5월 10일 09시,목요일,서울특별시 동대문구 이문동,경상사고,0,0,1,1,차대차 - 기타,안전거리미확보,포장 - 건조,맑음,단일로 - 기타,자전거,여,19세,부상신고,이륜,남,51세,경상
2018051000100286,2018년 5월 10일 13시,목요일,서울특별시 도봉구 방학동,부상신고사고,0,0,0,1,차대차 - 측면충돌,안전운전불이행,포장 - 건조,맑음,교차로 - 교차로부근,자전거,남,77세,부상신고,화물,남,58세,상해없음
2018051000100348,2018년 5월 10일 15시,목요일,서울특별시 중랑구 면목동,부상신고사고,0,0,0,1,차대차 - 측면충돌,안전운전불이행,포장 - 건조,맑음,교차로 - 교차로안,자전거,남,84세,부상신고,화물,남,73세,상해없음
2018051000100379,2018년 5월 10일 16시,목요일,서울특별시 노원구 상계동,부상신고사고,0,0,0,1,차대차 - 기타,중앙선침범,포장 - 건조,맑음,단일로 - 기타,자전거,남,45세,부상신고,승합,남,56세,상해없음
2018051000100526,2018년 5월 10일 19시,목요일,서울특별시 동작구 대방동,부상신고사고,0,0,0,1,차대차 - 추돌,안전운전불이행,포장 - 건조,맑음,단일로 - 기타,자전거,남,35세,부상신고,승용,남,63세,상해없음
2018051100100130,2018년 5월 11일 09시,금요일,서울특별시 송파구 송파동,경상사고,0,0,1,0,차대차 - 기타,안전운전불이행,포장 - 건조,맑음,교차로 - 교차로부근,자전거,여,46세,경상,승용,여,38세,상해없음
2018051100100338,2018년 5월 11일 15시,금요일,서울특별시 동대문구 장안동,중상사고,0,1,1,0,차대차 - 측면충돌,안전운전불이행,포장 - 건조,맑음,단일로 - 기타,자전거,남,33세,상해없음,자전거,남,42세,중상
2018051100100381,2018년 5월 11일 16시,금요일,서울특별시 구로구 구로동,중상사고,0,1,0,0,차대차 - 측면충돌,기타,포장 - 건조,맑음,기타 - 기타,자전거,여,18세,중상,승용,남,37세,상해없음
2018051100100547,2018년 5월 11일 20시,금요일,서울특별시 동작구 사당동,부상신고사고,0,0,0,1,차량단독 - 기타,안전운전불이행,포장 - 건조,맑음,단일로 - 기타,자전거,남,45세,부상신고,,,,
2018051100100590,2018년 5월 11일 21시,금요일,서울특별시 광진구 구의동,중상사고,0,1,0,0,차대차 - 정면충돌,안전운전불이행,포장 - 건조,흐림,단일로 - 기타,자전거,남,29세,중상,자전거,남,35세,상해없음
2018051100100617,2018년 5월 11일 22시,금요일,서울특별시 동대문구 답십리동,부상신고사고,0,0,0,1,차대차 - 측면충돌,안전운전불이행,포장 - 건조,맑음,단일로 - 기타,자전거,남,24세,부상신고,기타불명,기타불명,미분류,기타불명
2018051300100200,2018년 5월 13일 13시,일요일,서울특별시 구로구 신도림동,경상사고,0,0,1,0,차대사람 - 기타,안전운전불이행,포장 - 건조,맑음,기타 - 기타,자전거,여,12세,상해없음,보행자,남,60세,경상
2018051300100231,2018년 5월 13일 14시,일요일,서울특별시 송파구 방이동,경상사고,0,0,1,0,차대차 - 정면충돌,안전운전불이행,포장 - 건조,맑음,단일로 - 기타,자전거,남,16세,경상,승용,남,36세,상해없음
2018051300100261,2018년 5월 13일 15시,일요일,서울특별시 서대문구 봉원동,경상사고,0,0,1,0,차대차 - 측면충돌,안전운전불이행,포장 - 건조,맑음,교차로 - 교차로안,자전거,남,13세,경상,승용,여,58세,상해없음
2018051300100300,2018년 5월 13일 16시,일요일,서울특별시 광진구 중곡동,중상사고,0,1,0,0,차대차 - 측면충돌,안전운전불이행,포장 - 건조,맑음,기타 - 기타,자전거,남,41세,상해없음,자전거,남,12세,중상
2018051300100376,2018년 5월 13일 18시,일요일,서울특별시 성동구 사근동,부상신고사고,0,0,0,1,차대사람 - 기타,안전운전불이행,포장 - 건조,맑음,단일로 - 기타,자전거,남,30세,상해없음,보행자,남,57세,부상신고
2018051300100476,2018년 5월 13일 21시,일요일,서울특별시 성동구 송정동,부상신고사고,0,0,0,1,차대차 - 기타,안전운전불이행,포장 - 건조,맑음,단일로 - 기타,자전거,남,49세,부상신고,원동기,남,38세,상해없음
2018051400100089,2018년 5월 14일 08시,월요일,서울특별시 송파구 방이동,경상사고,0,0,1,0,차대차 - 측면충돌,안전운전불이행,포장 - 건조,맑음,교차로 - 교차로부근,자전거,남,45세,경상,승용,남,78세,상해없음
2018051400100354,2018년 5월 14일 16시,월요일,서울특별시 중랑구 중화동,부상신고사고,0,0,0,1,차대차 - 측면충돌,신호위반,포장 - 건조,맑음,교차로 - 교차로안,자전거,남,13세,부상신고,승용,남,21세,상해없음
2018051500100034,2018년 5월 15일 04시,화요일,서울특별시 강동구 길동,경상사고,0,0,1,0,차대차 - 측면충돌,직진우회전진행방해,포장 - 건조,맑음,교차로 - 교차로안,자전거,남,27세,경상,승용,남,68세,상해없음
2018051500100046,2018년 5월 15일 06시,화요일,서울특별시 광진구 구의동,경상사고,0,0,1,0,차대차 - 정면충돌,안전운전불이행,포장 - 건조,맑음,교차로 - 교차로부근,자전거,여,51세,경상,승용,남,37세,상해없음
2018051500100095,2018년 5월 15일 08시,화요일,서울특별시 도봉구 쌍문동,부상신고사고,0,0,0,1,차대차 - 기타,안전운전불이행,포장 - 기타,맑음,단일로 - 기타,자전거,여,48세,상해없음,이륜,남,50세,부상신고
2018051500100459,2018년 5월 15일 19시,화요일,서울특별시 강동구 길동,경상사고,0,0,1,0,차대사람 - 기타,안전운전불이행,포장 - 건조,맑음,단일로 - 기타,자전거,기타불명,미분류,기타불명,보행자,여,52세,경상
2018051500100489,2018년 5월 15일 20시,화요일,서울특별시 마포구 아현동,사망사고,1,0,0,0,차대차 - 측면충돌,안전운전불이행,포장 - 건조,맑음,단일로 - 기타,자전거,남,33세,사망,승용,남,41세,상해없음
2018051600100044,2018년 5월 16일 06시,수요일,서울특별시 구로구 개봉동,중상사고,0,1,0,0,차대사람 - 기타,안전운전불이행,포장 - 젖음/습기,맑음,기타 - 기타,자전거,남,31세,상해없음,보행자,여,64세,중상
2018051600100293,2018년 5월 16일 16시,수요일,서울특별시 동대문구 제기동,부상신고사고,0,0,0,1,차대차 - 기타,안전운전불이행,포장 - 건조,흐림,교차로 - 교차로안,자전거,남,10세,부상신고,화물,남,49세,상해없음
2018051700100575,2018년 5월 17일 22시,목요일,서울특별시 송파구 문정동,부상신고사고,0,0,0,1,차대사람 - 보도통행중,안전운전불이행,포장 - 젖음/습기,비,단일로 - 기타,자전거,남,29세,상해없음,보행자,여,62세,부상신고
2018051800100353,2018년 5월 18일 15시,금요일,서울특별시 노원구 중계동,경상사고,0,0,1,0,차대차 - 측면충돌,불법유턴,포장 - 건조,맑음,교차로 - 교차로부근,자전거,남,18세,경상,승용,남,73세,상해없음
2018051800100454,2018년 5월 18일 18시,금요일,서울특별시 서대문구 대현동,경상사고,0,0,1,0,차대사람 - 보도통행중,기타,포장 - 건조,맑음,단일로 - 기타,자전거,여,25세,상해없음,보행자,여,56세,경상
2018051900100195,2018년 5월 19일 10시,토요일,서울특별시 영등포구 영등포동3가,경상사고,0,0,1,0,차대차 - 측면충돌,중앙선침범,포장 - 건조,맑음,단일로 - 기타,자전거,남,74세,경상,승용,남,59세,상해없음
2018051900100200,2018년 5월 19일 10시,토요일,서울특별시 노원구 하계동,중상사고,0,1,0,0,차대차 - 측면충돌,안전운전불이행,포장 - 건조,맑음,기타 - 기타,자전거,남,75세,상해없음,자전거,남,56세,상해없음
2018051900100425,2018년 5월 19일 15시,토요일,서울특별시 관악구 신림동,부상신고사고,0,0,0,1,차대차 - 기타,중앙선침범,포장 - 건조,맑음,단일로 - 기타,자전거,남,74세,부상신고,승용,남,37세,상해없음
2018051900100682,2018년 5월 19일 22시,토요일,서울특별시 영등포구 도림동,경상사고,0,0,1,0,차대차 - 측면충돌,신호위반,포장 - 건조,맑음,교차로 - 교차로횡단보도내,자전거,여,52세,경상,승용,남,73세,상해없음
2018052000100120,2018년 5월 20일 09시,일요일,서울특별시 송파구 잠실동,경상사고,0,0,2,0,차대차 - 추돌,안전거리미확보,포장 - 건조,맑음,단일로 - 기타,자전거,남,54세,경상,자전거,여,24세,경상
2018052000100137,2018년 5월 20일 10시,일요일,서울특별시 성동구 금호동4가,중상사고,0,1,0,1,차대차 - 기타,안전운전불이행,포장 - 건조,맑음,기타 - 기타,자전거,기타불명,미분류,기타불명,자전거,남,58세,중상
2018052000100188,2018년 5월 20일 12시,일요일,서울특별시 송파구 풍납동,부상신고사고,0,0,0,1,차대차 - 측면충돌,중앙선침범,포장 - 건조,맑음,교차로 - 교차로안,자전거,남,63세,부상신고,승용,남,58세,상해없음
2018052000100333,2018년 5월 20일 17시,일요일,서울특별시 성동구 마장동,경상사고,0,0,1,0,차대사람 - 기타,안전운전불이행,포장 - 건조,맑음,단일로 - 기타,자전거,남,22세,상해없음,보행자,남,45세,경상
2018052000100357,2018년 5월 20일 18시,일요일,서울특별시 영등포구 여의도동,경상사고,0,0,1,0,차대사람 - 기타,안전운전불이행,포장 - 건조,맑음,기타 - 기타,자전거,여,18세,상해없음,보행자,여,64세,경상
2018052100100085,2018년 5월 21일 08시,월요일,서울특별시 영등포구 양평동1가,경상사고,0,0,1,0,차대차 - 측면충돌,신호위반,포장 - 건조,맑음,교차로 - 교차로안,자전거,남,14세,경상,승용,남,62세,상해없음