사고번호,사고일시,요일,시군구,사고내용,사망자수,중상자수,경상자수,부상신고자수,사고유형,법규위반,노면상태,기상상태,도로형태,가해운전자 차종,가해운전자 성별,가해운전자 연령,가해운전자 상해정도,피해운전자 차종,피해운전자 성별,피해운전자 연령,피해운전자 상해정도
2018062500100100,2018년 6월 25일 08시,월요일,서울특별시 양천구 신정동,경상사고,0,0,1,0,차대차 - 측면충돌,교차로운행방법위반,포장 - 건조,맑음,교차로 - 교차로안,자전거,남,84세,경상,승용,남,64세,상해없음
2018062500100342,2018년 6월 25일 14시,월요일,서울특별시 송파구 가락동,경상사고,0,0,1,0,차대차 - 측면충돌,안전운전불이행,포장 - 건조,맑음,교차로 - 교차로횡단보도내,자전거,여,23세,경상,승용,여,54세,상해없음
2018062500100438,2018년 6월 25일 16시,월요일,서울특별시 송파구 신천동,중상사고,0,1,0,0,차대사람 - 기타,기타,포장 - 건조,맑음,기타 - 기타,자전거,여,58세,상해없음,보행자,여,33세,중상
2018062500100563,2018년 6월 25일 19시,월요일,서울특별시 서대문구 북가좌동,중상사고,0,2,0,0,차대사람 - 횡단중,신호위반,포장 - 건조,맑음,교차로 - 교차로횡단보도내,자전거,남,15세,상해없음,보행자,여,73세,중상
2018062500100566,2018년 6월 25일 19시,월요일,서울특별시 도봉구 도봉동,중상사고,0,1,0,0,차대차 - 기타,교차로운행방법위반,포장 - 건조,맑음,교차로 - 교차로부근,자전거,남,20세,상해없음,자전거,남,35세,중상
2018062500100627,2018년 6월 25일 21시,월요일,서울특별시 광진구 구의동,경상사고,0,0,1,0,차대사람 - 횡단중,안전운전불이행,포장 - 건조,맑음,단일로 - 기타,자전거,남,38세,상해없음,보행자,여,29세,경상
2018062500100629,2018년 6월 25일 21시,월요일,서울특별시 동작구 신대방동,경상사고,0,0,1,0,차대사람 - 기타,안전운전불이행,포장 - 건조,맑음,단일로 - 기타,자전거,여,32세,경상,보행자,여,5세,상해없음
2018062600100056,2018년 6월 26일 05시,화요일,서울특별시 은평구 갈현동,경상사고,0,0,1,0,차대사람 - 차도통행중,안전운전불이행,포장 - 젖음/습기,비,단일로 - 기타,자전거,남,27세,기타불명,보행자,여,54세,경상
2018062700100160,2018년 6월 27일 10시,수요일,서울특별시 용산구 한남동,경상사고,0,0,1,0,차대차 - 기타,안전운전불이행,포장 - 건조,맑음,기타 - 기타,자전거,남,74세,상해없음,자전거,여,26세,경상
2018062700100313,2018년 6월 27일 16시,수요일,서울특별시 강서구 화곡동,부상신고사고,0,0,0,1,차대차 - 기타,불법유턴,포장 - 건조,맑음,단일로 - 기타,자전거,남,51세,부상신고,이륜,남,35세,상해없음
2018062700100344,2018년 6월 27일 17시,수요일,서울특별시 금천구 시흥동,경상사고,0,0,1,0,차대차 - 기타,안전운전불이행,포장 - 건조,맑음,기타 - 기타,자전거,여,49세,경상,자전거,남,75세,상해없음
2018062700100495,2018년 6월 27일 21시,수요일,서울특별시 강남구 논현동,중상사고,0,1,0,0,차대차 - 측면충돌,신호위반,포장 - 건조,맑음,교차로 - 교차로안,자전거,남,22세,상해없음,이륜,남,37세,중상
2018062800100152,2018년 6월 28일 09시,목요일,서울특별시 마포구 성산동,중상사고,0,1,0,0,차대사람 - 횡단중,보행자보호의무위반,포장 - 건조,맑음,교차로 - 교차로횡단보도내,자전거,남,86세,상해없음,보행자,여,72세,중상
2018062800100211,2018년 6월 28일 11시,목요일,서울특별시 강남구 삼성동,경상사고,0,0,1,0,차대차 - 기타,안전운전불이행,포장 - 건조,맑음,교차로 - 교차로부근,자전거,남,26세,경상,승용,남,26세,상해없음
2018062800100283,2018년 6월 28일 14시,목요일,서울특별시 마포구 성산동,경상사고,0,0,1,0,차대차 - 기타,안전거리미확보,포장 - 건조,맑음,단일로 - 기타,자전거,남,87세,경상,승용,남,55세,상해없음
2018062800100333,2018년 6월 28일 16시,목요일,서울특별시 성동구 용답동,중상사고,0,1,1,0,차대차 - 측면충돌,직진우회전진행방해,포장 - 기타,맑음,교차로 - 교차로안,자전거,남,20세,경상,자전거,여,64세,중상
2018062800100338,2018년 6월 28일 16시,목요일,서울특별시 도봉구 도봉동,중상사고,0,1,0,0,차대차 - 기타,안전운전불이행,포장 - 기타,맑음,교차로 - 교차로안,자전거,남,75세,상해없음,자전거,여,55세,중상
2018062800100369,2018년 6월 28일 17시,목요일,서울특별시 중구 황학동,중상사고,0,1,0,0,차대차 - 측면충돌,안전운전불이행,포장 - 건조,맑음,단일로 - 기타,자전거,여,47세,중상,승합,남,60세,상해없음
2018062800100419,2018년 6월 28일 18시,목요일,서울특별시 강동구 천호동,경상사고,0,0,1,0,차대차 - 측면충돌,교차로운행방법위반,포장 - 젖음/습기,비,교차로 - 교차로안,자전거,여,73세,경상,승용,남,63세,상해없음
2018062900100285,2018년 6월 29일 14시,금요일,서울특별시 성동구 용답동,부상신고사고,0,0,0,1,차대차 - 측면충돌,신호위반,포장 - 건조,맑음,교차로 - 교차로안,자전거,여,52세,부상신고,승합,남,59세,기타불명
2018062900100319,2018년 6월 29일 15시,금요일,서울특별시 구로구 개봉동,경상사고,0,0,1,0,차대차 - 추돌,안전운전불이행,포장 - 건조,맑음,교차로 - 교차로부근,자전거,남,78세,경상,승합,여,58세,상해없음
2018062900100322,2018년 6월 29일 15시,금요일,서울특별시 은평구 역촌동,경상사고,0,0,1,0,차대사람 - 기타,안전운전불이행,포장 - 건조,맑음,단일로 - 기타,자전거,남,12세,상해없음,보행자,남,7세,경상
2018062900100363,2018년 6월 29일 16시,금요일,서울특별시 강남구 압구정동,경상사고,0,0,2,0,차대차 - 기타,안전운전불이행,포장 - 건조,맑음,단일로 - 기타,자전거,남,21세,경상,자전거,남,19세,경상
2018062900100364,2018년 6월 29일 16시,금요일,서울특별시 송파구 풍납동,중상사고,0,1,1,0,차대사람 - 길가장자리구역통행중,안전운전불이행,포장 - 건조,맑음,단일로 - 기타,자전거,남,59세,중상,보행자,남,50세,경상
2018062900100403,2018년 6월 29일 17시,금요일,서울특별시 노원구 상계동,경상사고,0,0,1,0,차대차 - 기타,안전운전불이행,포장 - 건조,맑음,단일로 - 기타,자전거,여,56세,경상,승용,여,67세,상해없음
2018062900100451,2018년 6월 29일 18시,금요일,서울특별시 송파구 풍납동,중상사고,0,1,0,0,차대차 - 측면충돌,직진우회전진행방해,포장 - 건조,맑음,교차로 - 교차로안,자전거,남,54세,상해없음,자전거,남,84세,중상
2018062900100596,2018년 6월 29일 22시,금요일,서울특별시 서대문구 홍은동,부상신고사고,0,0,0,1,차대차 - 측면충돌,안전운전불이행,포장 - 건조,맑음,단일로 - 기타,자전거,남,73세,부상신고,화물,남,57세,상해없음
2018063000100094,2018년 6월 30일 07시,토요일,서울특별시 동대문구 전농동,부상신고사고,0,0,0,1,차대차 - 측면충돌,안전운전불이행,포장 - 건조,맑음,단일로 - 기타,자전거,여,50세,부상신고,승합,남,50세,상해없음
2018063000100127,2018년 6월 30일 09시,토요일,서울특별시 강동구 암사동,중상사고,0,1,1,0,차대차 - 기타,안전운전불이행,포장 - 건조,맑음,기타 - 기타,자전거,남,62세,상해없음,자전거,남,46세,경상
2018063000100143,2018년 6월 30일 10시,토요일,서울특별시 중랑구 면목동,경상사고,0,0,1,0,차대차 - 기타,신호위반,포장 - 건조,맑음,교차로 - 교차로부근,자전거,여,64세,경상,승용,남,35세,상해없음
2018063000100208,2018년 6월 30일 12시,토요일,서울특별시 송파구 석촌동,부상신고사고,0,0,0,1,차대차 - 측면충돌,불법유턴,포장 - 건조,흐림,교차로 - 교차로부근,자전거,남,29세,부상신고,승용,남,58세,상해없음
2018070200100249,2018년 7월 2일 13시,월요일,서울특별시 강동구 천호동,경상사고,0,0,1,0,차대차 - 측면충돌,안전운전불이행,포장 - 젖음/습기,비,교차로 - 교차로안,자전거,여,38세,상해없음,이륜,남,23세,경상
2018070200100437,2018년 7월 2일 18시,월요일,서울특별시 영등포구 양평동1가,경상사고,0,0,1,0,차대사람 - 횡단중,안전운전불이행,포장 - 젖음/습기,비,단일로 - 기타,자전거,남,16세,상해없음,보행자,여,76세,경상
2018070300100040,2018년 7월 3일 03시,화요일,서울특별시 노원구 공릉동,경상사고,0,0,1,0,차대차 - 기타,중앙선침범,포장 - 젖음/습기,비,교차로 - 교차로횡단보도내,자전거,남,61세,경상,승용,남,58세,상해없음
2018070300100091,2018년 7월 3일 08시,화요일,서울특별시 은평구 응암동,중상사고,0,1,0,0,차대사람 - 기타,안전운전불이행,포장 - 건조,맑음,단일로 - 기타,자전거,남,13세,상해없음,보행자,남,77세,중상
2018070300100267,2018년 7월 3일 14시,화요일,서울특별시 용산구 서빙고동,부상신고사고,0,0,0,1,차대차 - 기타,안전운전불이행,포장 - 건조,맑음,단일로 - 기타,자전거,남,73세,부상신고,자전거,남,55세,상해없음
2018070300100340,2018년 7월 3일 16시,화요일,서울특별시 노원구 중계동,중상사고,0,1,0,0,차대차 - 측면충돌,안전운전불이행,포장 - 건조,맑음,단일로 - 기타,자전거,남,83세,상해없음,자전거,남,27세,중상
2018070300100376,2018년 7월 3일 17시,화요일,서울특별시 구로구 구로동,경상사고,0,0,1,0,차대차 - 기타,기타,포장 - 건조,흐림,단일로 - 기타,자전거,남,45세,상해없음,자전거,여,25세,경상
2018070300100417,2018년 7월 3일 18시,화요일,서울특별시 도봉구 방학동,부상신고사고,0,0,0,1,차대사람 - 기타,안전운전불이행,포장 - 젖음/습기,비,단일로 - 기타,자전거,남,56세,상해없음,보행자,남,12세,부상신고
2018070300100509,2018년 7월 3일 21시,화요일,서울특별시 강서구 화곡동,경상사고,0,0,1,0,차대차 - 측면충돌,안전운전불이행,포장 - 건조,맑음,교차로 - 교차로부근,자전거,남,53세,경상,승용,남,43세,상해없음
2018070300100512,2018년 7월 3일 21시,화요일,서울특별시 노원구 공릉동,부상신고사고,0,0,0,1,차대차 - 측면충돌,안전운전불이행,포장 - 건조,맑음,교차로 - 교차로안,자전거,여,24세,부상신고,승용,남,26세,상해없음
2018070400100081,2018년 7월 4일 08시,수요일,서울특별시 송파구 잠실동,경상사고,0,0,1,0,차대차 - 측면충돌,안전운전불이행,포장 - 건조,맑음,기타 - 기타,자전거,남,14세,상해없음,자전거,남,69세,경상
2018070400100124,2018년 7월 4일 09시,수요일,서울특별시 송파구 잠실동,경상사고,0,0,1,0,차대차 - 측면충돌,기타,포장 - 건조,맑음,단일로 - 기타,자전거,남,19세,상해없음,자전거,남,71세,경상
2018070400100338,2018년 7월 4일 16시,수요일,서울특별시 마포구 성산동,중상사고,0,1,0,0,차대차 - 측면충돌,불법유턴,포장 - 건조,맑음,교차로 - 교차로부근,자전거,남,20세,중상,승용,남,60세,상해없음
2018070500100163,2018년 7월 5일 10시,목요일,서울특별시 서대문구 홍제동,부상신고사고,0,0,0,1,차대차 - 측면충돌,안전운전불이행,포장 - 건조,맑음,교차로 - 교차로부근,자전거,남,73세,부상신고,화물,남,26세,상해없음
2018070500100165,2018년 7월 5일 10시,목요일,서울특별시 강서구 등촌동,경상사고,0,0,1,0,차대차 - 측면충돌,불법유턴,포장 - 건조,맑음,교차로 - 교차로안,자전거,남,15세,경상,승용,남,57세,상해없음
2018070500100228,2018년 7월 5일 12시,목요일,서울특별시 노원구 중계동,중상사고,0,1,0,0,차대차 - 측면충돌,안전운전불이행,포장 - 건조,맑음,교차로 - 교차로안,자전거,여,71세,중상,화물,남,44세,상해없음
2018070500100437,2018년 7월 5일 18시,목요일,서울특별시 중랑구 면목동,경상사고,0,0,1,0,차대사람 - 길가장자리구역통행중,안전운전불이행,포장 - 젖음/습기,비,단일로 - 기타,자전거,남,45세,상해없음,보행자,여,61세,경상
2018070500100538,2018년 7월 5일 21시,목요일,서울특별시 동작구 본동,경상사고,0,0,1,1,차대차 - 정면충돌,안전운전불이행,포장 - 건조,맑음,단일로 - 기타,자전거,여,19세,부상신고,자전거,남,18세,경상
2018070500100603,2018년 7월 5일 23시,목요일,서울특별시 마포구 공덕동,경상사고,0,0,1,0,차대차 - 기타,안전운전불이행,포장 - 건조,맑음,단일로 - 기타,자전거,남,50세,상해없음,이륜,남,28세,경상
2018070600100089,2018년 7월 6일 08시,금요일,서울특별시 양천구 목동,부상신고사고,0,0,0,1,차대차 - 기타,안전운전불이행,포장 - 건조,맑음,기타 - 기타,자전거,남,37세,부상신고,승용,남,53세,상해없음
2018070600100181,2018년 7월 6일 11시,금요일,서울특별시 송파구 송파동,경상사고,0,0,1,0,차대차 - 정면충돌,중앙선침범,포장 - 건조,맑음,단일로 - 기타,자전거,여,47세,경상,승용,남,56세,상해없음
2018070600100302,2018년 7월 6일 15시,금요일,서울특별시 용산구 이촌동,경상사고,0,0,1,0,차대차 - 기타,안전거리미확보,포장 - 건조,맑음,교차로 - 교차로부근,자전거,남,48세,상해없음,자전거,남,69세,경상
2018070600100338,2018년 7월 6일 16시,금요일,서울특별시 광진구 화양동,경상사고,0,0,1,0,차대차 - 측면충돌,안전운전불이행,포장 - 건조,맑음,단일로 - 기타,자전거,여,72세,경상,승용,남,50세,상해없음
2018070600100433,2018년 7월 6일 18시,금요일,서울특별시 동작구 대방동,경상사고,0,0,1,0,차대차 - 기타,중앙선침범,비포장 - 기타,맑음,교차로 - 교차로부근,자전거,남,26세,경상,승용,남,56세,상해없음
2018070600100474,2018년 7월 6일 19시,금요일,서울특별시 영등포구 양평동,경상사고,0,0,1,0,차대차 - 측면충돌,안전운전불이행,포장 - 건조,맑음,교차로 - 교차로안,자전거,남,50세,경상,자전거,남,51세,상해없음
2018070600100514,2018년 7월 6일 20시,금요일,서울특별시 강서구 화곡동,경상사고,0,0,1,0,차대사람 - 보도통행중,기타,포장 - 건조,맑음,단일로 - 기타,자전거,여,53세,상해없음,보행자,남,57세,경상
2018070600100565,2018년 7월 6일 22시,금요일,서울특별시 노원구 월계동,부상신고사고,0,0,0,1,차대사람 - 보도통행중,안전운전불이행,포장 - 건조,맑음,단일로 - 지하차도(도로)내,자전거,남,20세,상해없음,보행자,여,52세,부상신고
2018070600100590,2018년 7월 6일 23시,금요일,서울특별시 동작구 사당동,부상신고사고,0,0,0,1,차대차 - 기타,안전운전불이행,포장 - 건조,맑음,교차로 - 교차로안,자전거,남,47세,부상신고,승용,여,48세,상해없음
2018070700100149,2018년 7월 7일 09시,토요일,서울특별시 서대문구 연희동,경상사고,0,0,1,0,차대사람 - 차도통행중,안전운전불이행,포장 - 건조,맑음,단일로 - 기타,자전거,남,37세,상해없음,보행자,여,74세,경상
2018070700100396,2018년 7월 7일 16시,토요일,서울특별시 송파구 잠실동,경상사고,0,0,1,1,차대차 - 정면충돌,안전운전불이행,포장 - 건조,맑음,단일로 - 기타,자전거,남,55세,경상,자전거,남,63세,부상신고
2018070700100428,2018년 7월 7일 17시,토요일,서울특별시 양천구 신월동,부상신고사고,0,0,0,1,차대차 - 기타,안전운전불이행,포장 - 건조,맑음,교차로 - 교차로안,자전거,남,69세,부상신고,승용,남,37세,상해없음
2018070800100001,2018년 7월 8일 00시,일요일,서울특별시 송파구 석촌동,부상신고사고,0,0,0,1,차량단독 - 기타,안전운전불이행,포장 - 건조,맑음,기타 - 기타,자전거,남,56세,부상신고,,,,
2018070800100054,2018년 7월 8일 06시,일요일,서울특별시 영등포구 영등포동,경상사고,0,0,1,0,차대차 - 측면충돌,안전운전불이행,포장 - 건조,맑음,교차로 - 교차로부근,자전거,남,26세,경상,승합,남,56세,상해없음
2018070800100076,2018년 7월 8일 08시,일요일,서울특별시 송파구 잠실동,경상사고,0,0,1,0,차대차 - 측면충돌,안전운전불이행,포장 - 건조,맑음,기타 - 기타,자전거,남,67세,상해없음,자전거,남,49세,경상
2018070800100112,2018년 7월 8일 11시,일요일,서울특별시 강서구 화곡동,중상사고,0,1,0,0,차대차 - 기타,직진우회전진행방해,포장 - 건조,맑음,교차로 - 교차로안,자전거,여,52세,중상,승용,남,70세,상해없음
2018070800100165,2018년 7월 8일 13시,일요일,서울특별시 영등포구 양화동,경상사고,0,0,1,0,차대차 - 측면충돌,안전운전불이행,포장 - 건조,맑음,단일로 - 기타,자전거,남,44세,경상,자전거,남,14세,기타불명
2018070800100292,2018년 7월 8일 17시,일요일,서울특별시 중랑구 면목동,경상사고,0,0,1,0,차대차 - 기타,안전운전불이행,포장 - 건조,맑음,단일로 - 기타,자전거,남,6세,상해없음,자전거,남,63세,경상
2018070800100385,2018년 7월 8일 20시,일요일,서울특별시 서대문구 홍은동,부상신고사고,0,0,0,2,차대차 - 정면충돌,교차로운행방법위반,포장 - 건조,맑음,교차로 - 교차로안,자전거,남,14세,부상신고,이륜,남,37세,부상신고
2018070800100424,2018년 7월 8일 22시,일요일,서울특별시 용산구 보광동,중상사고,0,1,0,0,차대차 - 기타,안전운전불이행,포장 - 건조,맑음,단일로 - 기타,자전거,남,25세,상해없음,자전거,남,47세,중상
2018070800100426,2018년 7월 8일 22시,일요일,서울특별시 영등포구 여의도동,중상사고,0,1,0,0,차대차 - 기타,안전운전불이행,포장 - 건조,맑음,단일로 - 기타,자전거,남,13세,상해없음,자전거,남,42세,중상
2018070800100427,2018년 7월 8일 22시,일요일,서울특별시 구로구 신도림동,중상사고,0,1,0,0,차대차 - 기타,안전운전불이행,포장 - 건조,맑음,단일로 - 기타,자전거,기타불명,미분류,기타불명,자전거,남,62세,중상
2018070900100105,2018년 7월 9일 09시,월요일,서울특별시 은평구 역촌동,중상사고,0,1,0,0,차대차 - 기타,불법유턴,포장 - 젖음/습기,맑음,교차로 - 교차로안,자전거,여,66세,중상,승용,남,66세,상해없음
2018070900100439,2018년 7월 9일 20시,월요일,서울특별시 금천구 독산동,중상사고,0,1,0,0,차대차 - 측면충돌,중앙선침범,포장 - 젖음/습기,비,단일로 - 기타,자전거,남,72세,중상,승용,남,63세,상해없음
2018070900100502,2018년 7월 9일 22시,월요일,서울특별시 송파구 송파동,부상신고사고,0,0,0,1,차대차 - 측면충돌,안전운전불이행,포장 - 젖음/습기,비,단일로 - 기타,자전거,여,59세,상해없음,원동기,남,27세,부상신고
2018071000100137,2018년 7월 10일 09시,화요일,서울특별시 영등포구 당산동5가,경상사고,0,0,1,0,차대차 - 측면충돌,안전운전불이행,포장 - 건조,맑음,단일로 - 기타,자전거,남,59세,경상,승용,남,64세,상해없음
2018071000100347,2018년 7월 10일 16시,화요일,서울특별시 송파구 문정동,경상사고,0,0,1,0,차대차 - 측면충돌,안전운전불이행,포장 - 건조,맑음,단일로 - 기타,자전거,남,63세,경상,화물,여,57세,상해없음
2018071100100068,2018년 7월 11일 07시,수요일,서울특별시 동대문구 답십리동,부상신고사고,0,0,0,1,차량단독 - 기타,안전운전불이행,포장 - 건조,기타,기타 - 기타,자전거,남,75세,부상신고,,,,
2018071100100341,2018년 7월 11일 15시,수요일,서울특별시 중랑구 면목동,중상사고,0,1,0,0,차대차 - 기타,안전운전불이행,포장 - 건조,맑음,교차로 - 교차로부근,자전거,남,73세,중상,승용,남,63세,상해없음
2018071100100439,2018년 7월 11일 18시,수요일,서울특별시 영등포구 대림동,경상사고,0,0,1,0,차대차 - 정면충돌,중앙선침범,포장 - 건조,맑음,교차로 - 교차로부근,자전거,남,66세,경상,승용,남,25세,상해없음
2018071100100440,2018년 7월 11일 18시,수요일,서울특별시 성동구 성수동1가,중상사고,0,1,0,0,차대차 - 기타,안전운전불이행,포장 - 기타,맑음,단일로 - 기타,자전거,남,40세,중상,승합,남,59세,상해없음
2018071100100561,2018년 7월 11일 21시,수요일,서울특별시 영등포구 양평동6가,경상사고,0,0,2,0,차대차 - 기타,중앙선침범,포장 - 건조,맑음,기타 - 기타,자전거,남,63세,경상,자전거,남,51세,경상
2018071200100006,2018년 7월 12일 00시,목요일,서울특별시 영등포구 신길동,경상사고,0,0,1,0,차대차 - 측면충돌,불법유턴,포장 - 건조,맑음,단일로 - 기타,자전거,남,58세,경상,승용,남,53세,상해없음
2018071200100079,2018년 7월 12일 07시,목요일,서울특별시 송파구 방이동,경상사고,0,0,1,0,차대차 - 측면충돌,중앙선침범,포장 - 건조,맑음,단일로 - 기타,자전거,남,15세,경상,화물,남,52세,상해없음
2018071200100174,2018년 7월 12일 10시,목요일,서울특별시 영등포구 문래동3가,경상사고,0,0,1,0,차대차 - 측면충돌,안전운전불이행,포장 - 건조,맑음,교차로 - 교차로부근,자전거,남,70세,경상,승용,남,23세,상해없음
2018071200100291,2018년 7월 12일 14시,목요일,서울특별시 광진구 구의동,중상사고,0,1,0,0,차대사람 - 횡단중,안전운전불이행,포장 - 건조,맑음,기타 - 기타,자전거,남,14세,상해없음,보행자,여,48세,중상
2018071200100331,2018년 7월 12일 15시,목요일,서울특별시 중랑구 중화동,부상신고사고,0,0,0,1,차대차 - 측면충돌,안전거리미확보,포장 - 건조,맑음,단일로 - 기타,자전거,남,58세,부상신고,승용,남,34세,상해없음
2018071200100484,2018년 7월 12일 19시,목요일,서울특별시 동작구 신대방동,경상사고,0,0,1,1,차대사람 - 길가장자리구역통행중,안전운전불이행,포장 - 건조,맑음,단일로 - 지하차도(도로)내,자전거,남,11세,부상신고,보행자,여,29세,경상
2018071200100566,2018년 7월 12일 22시,목요일,서울특별시 은평구 응암동,중상사고,0,1,0,0,차대차 - 측면충돌,안전운전불이행,포장 - 건조,맑음,단일로 - 기타,자전거,여,58세,상해없음,자전거,남,26세,중상
2018071200100569,2018년 7월 12일 22시,목요일,서울특별시 마포구 대흥동,경상사고,0,0,1,0,차대사람 - 기타,안전운전불이행,포장 - 건조,맑음,단일로 - 기타,자전거,남,24세,상해없음,보행자,여,44세,경상
2018071300100297,2018년 7월 13일 14시,금요일,서울특별시 은평구 대조동,사망사고,1,0,0,0,차대차 - 기타,불법유턴,포장 - 건조,맑음,교차로 - 교차로횡단보도내,자전거,남,90세 이상,사망,승용,여,76세,상해없음
2018071300100349,2018년 7월 13일 16시,금요일,서울특별시 강남구 청담동,경상사고,0,0,2,0,차대차 - 정면충돌,안전운전불이행,포장 - 기타,맑음,단일로 - 기타,자전거,여,30세,경상,자전거,남,71세,경상
2018071300100505,2018년 7월 13일 19시,금요일,서울특별시 영등포구 여의도동,경상사고,0,0,1,1,차대차 - 측면충돌,안전운전불이행,포장 - 건조,맑음,교차로 - 교차로안,자전거,여,21세,부상신고,자전거,남,49세,상해없음
2018071300100586,2018년 7월 13일 21시,금요일,서울특별시 강남구 대치동,부상신고사고,0,0,0,1,차대차 - 측면충돌,안전운전불이행,포장 - 건조,맑음,교차로 - 교차로안,자전거,남,15세,부상신고,승용,남,65세,상해없음
2018071400100088,2018년 7월 14일 07시,토요일,서울특별시 금천구 독산동,부상신고사고,0,0,0,1,차대차 - 측면충돌,안전운전불이행,포장 - 건조,맑음,단일로 - 기타,자전거,남,53세,부상신고,승용,남,29세,상해없음
2018071400100299,2018년 7월 14일 14시,토요일,서울특별시 동대문구 용두동,경상사고,0,0,1,0,차대차 - 측면충돌,안전운전불이행,포장 - 건조,맑음,단일로 - 기타,자전거,남,66세,경상,화물,남,48세,상해없음
2018071400100343,2018년 7월 14일 15시,토요일,서울특별시 동대문구 청량리동,부상신고사고,0,0,0,1,차대차 - 측면충돌,안전운전불이행,포장 - 건조,맑음,단일로 - 기타,자전거,여,68세,부상신고,이륜,남,49세,상해없음
2018071400100539,2018년 7월 14일 20시,토요일,서울특별시 동대문구 제기동,경상사고,0,0,1,0,차대차 - 기타,안전운전불이행,포장 - 건조,맑음,교차로 - 교차로부근,자전거,남,74세,경상,승합,남,33세,상해없음
2018071400100611,2018년 7월 14일 22시,토요일,서울특별시 동대문구 장안동,경상사고,0,0,1,0,차대차 - 기타,중앙선침범,포장 - 건조,맑음,교차로 - 교차로부근,자전거,남,18세,경상,이륜,남,50세,상해없음
2018071400100612,2018년 7월 14일 22시,토요일,서울특별시 영등포구 여의도동,부상신고사고,0,0,0,1,차대사람 - 횡단중,안전운전불이행,포장 - 건조,맑음,단일로 - 기타,자전거,남,13세,상해없음,보행자,남,59세,부상신고
2018071500100088,2018년 7월 15일 08시,일요일,서울특별시 영등포구 양평동6가,경상사고,0,0,1,1,차대차 - 측면충돌,안전운전불이행,포장 - 건조,맑음,교차로 - 교차로안,자전거,남,35세,부상신고,자전거,여,42세,경상
2018071500100195,2018년 7월 15일 13시,일요일,서울특별시 송파구 거여동,경상사고,0,0,2,0,차대차 - 측면충돌,안전운전불이행,포장 - 건조,맑음,단일로 - 기타,자전거,여,38세,경상,이륜,남,19세,경상
2018071500100391,2018년 7월 15일 20시,일요일,서울특별시 광진구 능동,부상신고사고,0,0,0,1,차대차 - 측면충돌,안전운전불이행,포장 - 건조,맑음,단일로 - 기타,자전거,남,7세,부상신고,승용,남,35세,상해없음
2018071600100248,2018년 7월 16일 12시,월요일,서울특별시 영등포구 대림동,경상사고,0,0,1,0,차대차 - 측면충돌,안전운전불이행,포장 - 건조,맑음,단일로 - 기타,자전거,여,49세,경상,승용,남,57세,상해없음
2018071600100418,2018년 7월 16일 17시,월요일,서울특별시 강남구 압구정동,경상사고,0,0,1,0,차대사람 - 보도통행중,안전운전불이행,포장 - 건조,맑음,단일로 - 기타,자전거,남,63세,상해없음,보행자,여,20세,경상
2018071700100194,2018년 7월 17일 10시,화요일,서울특별시 양천구 신정동,부상신고사고,0,0,0,1,차대차 - 기타,안전운전불이행,포장 - 건조,맑음,기타 - 기타,자전거,여,80세,부상신고,승용,남,35세,상해없음
2018071700100270,2018년 7월 17일 12시,화요일,서울특별시 송파구 삼전동,경상사고,0,0,1,0,차대사람 - 보도통행중,기타,포장 - 건조,맑음,단일로 - 기타,자전거,여,31세,상해없음,보행자,여,31세,경상
2018071700100333,2018년 7월 17일 14시,화요일,서울특별시 중랑구 묵동,중상사고,0,1,0,0,차대사람 - 기타,기타,포장 - 건조,맑음,기타 - 기타,자전거,남,74세,상해없음,보행자,여,59세,중상
2018071700100421,2018년 7월 17일 16시,화요일,서울특별시 강남구 역삼동,경상사고,0,0,1,0,차대차 - 기타,안전운전불이행,포장 - 건조,맑음,교차로 - 교차로횡단보도내,자전거,남,14세,경상,승용,남,35세,상해없음
2018071700100584,2018년 7월 17일 20시,화요일,서울특별시 광진구 중곡동,중상사고,0,1,0,0,차대차 - 정면충돌,안전운전불이행,포장 - 건조,맑음,단일로 - 기타,자전거,여,21세,상해없음,자전거,남,18세,중상
2018071700100653,2018년 7월 17일 22시,화요일,서울특별시 송파구 잠실동,경상사고,0,0,1,0,차대차 - 측면충돌,안전운전불이행,포장 - 건조,맑음,교차로 - 교차로부근,자전거,남,36세,경상,승용,남,67세,상해없음
2018071700100656,2018년 7월 17일 22시,화요일,서울특별시 은평구 구산동,경상사고,0,0,1,0,차대차 - 측면충돌,신호위반,포장 - 건조,맑음,교차로 - 교차로안,자전거,남,15세,경상,승용,남,59세,상해없음
2018071700100674,2018년 7월 17일 23시,화요일,서울특별시 종로구 동숭동,중상사고,0,1,0,0,차대사람 - 길가장자리구역통행중,안전운전불이행,포장 - 건조,맑음,단일로 - 기타,자전거,남,35세,상해없음,보행자,여,26세,중상
2018071800100540,2018년 7월 18일 20시,수요일,서울특별시 송파구 송파동,경상사고,0,0,1,0,차대차 - 측면충돌,안전운전불이행,포장 - 건조,맑음,교차로 - 교차로안,자전거,남,27세,경상,승용,남,59세,상해없음
2018071800100574,2018년 7월 18일 21시,수요일,서울특별시 영등포구 양화동,경상사고,0,0,1,0,차대차 - 정면충돌,안전운전불이행,포장 - 건조,맑음,단일로 - 기타,자전거,여,20세,상해없음,자전거,남,47세,경상
2018071900100246,2018년 7월 19일 11시,목요일,서울특별시 성북구 장위동,부상신고사고,0,0,0,1,차대차 - 측면충돌,안전운전불이행,포장 - 건조,맑음,단일로 - 기타,자전거,여,58세,부상신고,화물,남,57세,상해없음