사고번호,사고일시,요일,시군구,사고내용,사망자수,중상자수,경상자수,부상신고자수,사고유형,법규위반,노면상태,기상상태,도로형태,가해운전자 차종,가해운전자 성별,가해운전자 연령,가해운전자 상해정도,피해운전자 차종,피해운전자 성별,피해운전자 연령,피해운전자 상해정도
2018071900100348,2018년 7월 19일 14시,목요일,서울특별시 광진구 구의동,경상사고,0,0,1,0,차대차 - 기타,안전운전불이행,포장 - 건조,맑음,단일로 - 기타,자전거,남,60세,경상,화물,남,25세,상해없음
2018071900100373,2018년 7월 19일 15시,목요일,서울특별시 중랑구 신내동,부상신고사고,0,0,0,1,차대차 - 기타,안전운전불이행,포장 - 건조,맑음,단일로 - 기타,자전거,남,13세,부상신고,화물,남,31세,상해없음
2018071900100456,2018년 7월 19일 17시,목요일,서울특별시 영등포구 대림동,중상사고,0,1,0,0,차대차 - 측면충돌,안전운전불이행,포장 - 건조,맑음,기타 - 기타,자전거,남,54세,상해없음,자전거,여,69세,중상
2018071900100571,2018년 7월 19일 19시,목요일,서울특별시 중랑구 면목동,부상신고사고,0,0,0,1,차대차 - 기타,안전운전불이행,포장 - 건조,맑음,단일로 - 기타,자전거,남,8세,부상신고,승용,남,53세,상해없음
2018071900100604,2018년 7월 19일 20시,목요일,서울특별시 성동구 성수동1가,중상사고,0,1,0,1,차대차 - 기타,안전운전불이행,포장 - 기타,맑음,교차로 - 교차로안,자전거,남,26세,부상신고,자전거,남,59세,중상
2018072000100202,2018년 7월 20일 10시,금요일,서울특별시 서초구 잠원동,부상신고사고,0,0,0,1,차대차 - 측면충돌,안전운전불이행,포장 - 건조,맑음,단일로 - 기타,자전거,남,14세,부상신고,승용,여,39세,상해없음
2018072000100203,2018년 7월 20일 10시,금요일,서울특별시 강남구 수서동,부상신고사고,0,0,0,1,차대사람 - 보도통행중,기타,포장 - 건조,맑음,기타 - 기타,자전거,남,90세 이상,부상신고,보행자,남,52세,상해없음
2018072000100396,2018년 7월 20일 15시,금요일,서울특별시 송파구 오금동,부상신고사고,0,0,0,1,차량단독 - 기타,안전운전불이행,포장 - 건조,맑음,기타 - 기타,자전거,남,79세,부상신고,,,,
2018072000100433,2018년 7월 20일 16시,금요일,서울특별시 강서구 공항동,경상사고,0,0,1,0,차대차 - 측면충돌,안전운전불이행,포장 - 건조,맑음,단일로 - 기타,자전거,남,61세,경상,승용,남,61세,상해없음
2018072000100771,2018년 7월 20일 23시,금요일,서울특별시 강북구 미아동,중상사고,0,1,0,0,차대사람 - 차도통행중,안전운전불이행,포장 - 건조,흐림,단일로 - 기타,자전거,남,17세,상해없음,보행자,남,54세,중상
2018072000100773,2018년 7월 20일 23시,금요일,서울특별시 영등포구 당산동,경상사고,0,0,1,0,차대사람 - 기타,안전운전불이행,포장 - 건조,맑음,기타 - 기타,자전거,남,27세,상해없음,보행자,남,32세,경상
2018072100100127,2018년 7월 21일 08시,토요일,서울특별시 강동구 고덕동,중상사고,0,1,0,1,차대차 - 정면충돌,안전운전불이행,포장 - 건조,맑음,단일로 - 기타,자전거,남,77세,부상신고,자전거,남,48세,중상
2018072100100207,2018년 7월 21일 11시,토요일,서울특별시 강서구 방화동,중상사고,0,1,0,0,차대차 - 기타,직진우회전진행방해,포장 - 건조,맑음,교차로 - 교차로안,자전거,여,74세,중상,승합,남,77세,상해없음
2018072100100277,2018년 7월 21일 13시,토요일,서울특별시 서초구 양재동,부상신고사고,0,0,0,1,차대차 - 측면충돌,안전운전불이행,포장 - 건조,맑음,단일로 - 기타,자전거,남,17세,부상신고,승용,여,65세,상해없음
2018072100100322,2018년 7월 21일 14시,토요일,서울특별시 동대문구 장안동,부상신고사고,0,0,0,1,차대차 - 기타,안전운전불이행,포장 - 건조,맑음,교차로 - 교차로안,자전거,여,44세,부상신고,승용,남,53세,상해없음
2018072100100553,2018년 7월 21일 21시,토요일,서울특별시 은평구 응암동,중상사고,0,1,0,0,차대차 - 측면충돌,안전운전불이행,포장 - 건조,맑음,교차로 - 교차로횡단보도내,자전거,남,31세,상해없음,자전거,남,63세,중상
2018072200100096,2018년 7월 22일 08시,일요일,서울특별시 송파구 잠실동,경상사고,0,0,1,1,차대차 - 측면충돌,안전운전불이행,포장 - 건조,맑음,단일로 - 기타,자전거,남,44세,부상신고,자전거,남,53세,경상
2018072200100198,2018년 7월 22일 13시,일요일,서울특별시 영등포구 대림동,경상사고,0,0,1,0,차대차 - 정면충돌,중앙선침범,포장 - 건조,맑음,단일로 - 기타,자전거,남,32세,경상,승용,남,40세,상해없음
2018072200100304,2018년 7월 22일 16시,일요일,서울특별시 노원구 중계동,경상사고,0,0,1,0,차대차 - 측면충돌,안전운전불이행,포장 - 건조,맑음,기타 - 기타,자전거,남,10세,경상,승용,남,51세,상해없음
2018072200100486,2018년 7월 22일 22시,일요일,서울특별시 동작구 흑석동,중상사고,0,1,2,0,차대차 - 정면충돌,안전운전불이행,포장 - 건조,맑음,기타 - 기타,자전거,남,49세,경상,자전거,남,16세,경상
2018072300100063,2018년 7월 23일 07시,월요일,서울특별시 도봉구 도봉동,중상사고,0,1,0,0,차대차 - 측면충돌,안전운전불이행,포장 - 건조,맑음,단일로 - 기타,자전거,남,56세,기타불명,자전거,여,66세,중상
2018072300100456,2018년 7월 23일 18시,월요일,서울특별시 영등포구 당산동6가,중상사고,0,1,0,0,차대차 - 기타,안전운전불이행,포장 - 건조,맑음,단일로 - 기타,자전거,여,29세,상해없음,자전거,남,51세,중상
2018072300100511,2018년 7월 23일 19시,월요일,서울특별시 양천구 신정동,경상사고,0,0,1,0,차대차 - 기타,안전운전불이행,포장 - 건조,맑음,단일로 - 기타,자전거,남,50세,경상,승용,여,43세,상해없음
2018072300100571,2018년 7월 23일 21시,월요일,서울특별시 영등포구 영등포동4가,경상사고,0,0,1,0,차대차 - 측면충돌,불법유턴,포장 - 건조,맑음,교차로 - 교차로안,자전거,남,45세,경상,승용,남,68세,상해없음
2018072300100572,2018년 7월 23일 21시,월요일,서울특별시 중랑구 중화동,부상신고사고,0,0,0,1,차대차 - 측면충돌,안전운전불이행,포장 - 건조,맑음,단일로 - 기타,자전거,남,54세,부상신고,승합,남,49세,상해없음
2018072400100577,2018년 7월 24일 20시,화요일,서울특별시 영등포구 여의도동,중상사고,0,1,0,0,차대사람 - 기타,안전운전불이행,포장 - 건조,맑음,단일로 - 기타,자전거,남,22세,상해없음,보행자,여,38세,중상
2018072400100633,2018년 7월 24일 22시,화요일,서울특별시 용산구 서빙고동,중상사고,0,1,0,0,차대사람 - 기타,안전운전불이행,포장 - 건조,맑음,단일로 - 기타,자전거,남,35세,상해없음,보행자,여,63세,중상
2018072500100410,2018년 7월 25일 17시,수요일,서울특별시 중랑구 면목동,부상신고사고,0,0,0,1,차대차 - 측면충돌,교차로운행방법위반,포장 - 건조,맑음,교차로 - 교차로횡단보도내,자전거,남,55세,부상신고,이륜,남,22세,상해없음
2018072500100498,2018년 7월 25일 19시,수요일,서울특별시 영등포구 신길동,경상사고,0,0,1,0,차대차 - 기타,안전운전불이행,포장 - 건조,맑음,단일로 - 기타,자전거,남,50세,경상,승용,남,51세,상해없음
2018072500100501,2018년 7월 25일 19시,수요일,서울특별시 성동구 성수동1가,경상사고,0,0,1,0,차대차 - 기타,교차로운행방법위반,포장 - 건조,맑음,교차로 - 교차로안,자전거,남,24세,상해없음,자전거,남,37세,경상
2018072500100537,2018년 7월 25일 20시,수요일,서울특별시 영등포구 양화동,경상사고,0,0,1,0,차대사람 - 기타,안전운전불이행,포장 - 건조,맑음,단일로 - 기타,자전거,남,50세,상해없음,보행자,남,64세,경상
2018072500100568,2018년 7월 25일 21시,수요일,서울특별시 중랑구 중화동,경상사고,0,0,1,0,차대사람 - 횡단중,신호위반,포장 - 건조,맑음,교차로 - 교차로부근,자전거,남,17세,상해없음,보행자,남,53세,경상
2018072500100595,2018년 7월 25일 22시,수요일,서울특별시 영등포구 여의도동,경상사고,0,0,1,1,차대사람 - 기타,안전운전불이행,포장 - 건조,맑음,단일로 - 기타,자전거,남,37세,부상신고,보행자,여,16세,경상
2018072600100062,2018년 7월 26일 05시,목요일,서울특별시 강북구 수유동,경상사고,0,0,1,0,차대사람 - 횡단중,중앙선침범,포장 - 건조,맑음,단일로 - 기타,자전거,남,64세,상해없음,보행자,남,43세,경상
2018072600100114,2018년 7월 26일 08시,목요일,서울특별시 동대문구 용두동,경상사고,0,0,1,0,차대차 - 측면충돌,안전운전불이행,포장 - 건조,맑음,교차로 - 교차로안,자전거,여,67세,경상,화물,남,46세,상해없음
2018072600100341,2018년 7월 26일 15시,목요일,서울특별시 성북구 하월곡동,경상사고,0,0,1,0,차대차 - 측면충돌,중앙선침범,포장 - 건조,맑음,단일로 - 기타,자전거,남,13세,경상,화물,남,54세,상해없음
2018072600100441,2018년 7월 26일 18시,목요일,서울특별시 서대문구 연희동,부상신고사고,0,0,0,1,차대차 - 측면충돌,불법유턴,포장 - 건조,맑음,단일로 - 기타,자전거,여,25세,부상신고,승용,남,42세,상해없음
2018072600100443,2018년 7월 26일 18시,목요일,서울특별시 강북구 미아동,경상사고,0,0,1,0,차대차 - 기타,안전운전불이행,포장 - 건조,맑음,교차로 - 교차로안,자전거,남,23세,경상,이륜,남,55세,상해없음
2018072700100085,2018년 7월 27일 07시,금요일,서울특별시 구로구 구로동,경상사고,0,0,1,0,차대차 - 기타,안전운전불이행,포장 - 건조,맑음,교차로 - 교차로횡단보도내,자전거,여,24세,경상,승용,남,26세,상해없음
2018072700100257,2018년 7월 27일 12시,금요일,서울특별시 금천구 시흥동,중상사고,0,1,0,0,차대차 - 측면충돌,중앙선침범,포장 - 건조,맑음,교차로 - 교차로안,자전거,남,58세,중상,승합,여,46세,상해없음
2018072700100291,2018년 7월 27일 13시,금요일,서울특별시 구로구 개봉동,부상신고사고,0,0,0,1,차대차 - 정면충돌,중앙선침범,포장 - 건조,맑음,교차로 - 교차로부근,자전거,남,61세,부상신고,승용,남,51세,상해없음
2018072700100447,2018년 7월 27일 17시,금요일,서울특별시 서대문구 북가좌동,경상사고,0,0,1,0,차대차 - 추돌,안전운전불이행,포장 - 건조,맑음,교차로 - 교차로부근,자전거,남,14세,경상,화물,남,56세,상해없음
2018072700100548,2018년 7월 27일 19시,금요일,서울특별시 중구 을지로4가,중상사고,0,1,0,0,차대차 - 추돌,안전운전불이행,포장 - 건조,맑음,단일로 - 기타,자전거,남,26세,중상,화물,남,66세,기타불명
2018072700100641,2018년 7월 27일 21시,금요일,서울특별시 구로구 개봉동,중상사고,0,1,1,0,차대차 - 기타,중앙선침범,포장 - 건조,맑음,단일로 - 기타,자전거,남,18세,경상,이륜,남,28세,중상
2018072800100142,2018년 7월 28일 09시,토요일,서울특별시 동대문구 용두동,경상사고,0,0,1,0,차대차 - 기타,안전운전불이행,포장 - 건조,맑음,교차로 - 교차로안,자전거,여,68세,상해없음,자전거,남,78세,경상
2018072800100244,2018년 7월 28일 12시,토요일,서울특별시 강북구 수유동,경상사고,0,0,1,0,차대차 - 측면충돌,안전운전불이행,포장 - 건조,맑음,교차로 - 교차로안,자전거,남,12세,경상,화물,남,49세,상해없음
2018072800100249,2018년 7월 28일 12시,토요일,서울특별시 구로구 가리봉동,경상사고,0,0,1,0,차대사람 - 기타,안전운전불이행,포장 - 건조,맑음,단일로 - 기타,자전거,남,51세,상해없음,보행자,여,63세,경상
2018072800100358,2018년 7월 28일 15시,토요일,서울특별시 송파구 방이동,경상사고,0,0,1,0,차대차 - 측면충돌,안전거리미확보,포장 - 건조,흐림,단일로 - 기타,자전거,남,42세,경상,승합,남,42세,상해없음
2018072900100088,2018년 7월 29일 08시,일요일,서울특별시 동대문구 신설동,경상사고,0,0,1,0,차대차 - 측면충돌,중앙선침범,포장 - 건조,맑음,단일로 - 기타,자전거,남,60세,경상,승용,남,63세,상해없음
2018072900100286,2018년 7월 29일 16시,일요일,서울특별시 강서구 방화동,중상사고,0,1,0,0,차대차 - 측면충돌,안전운전불이행,포장 - 건조,맑음,교차로 - 교차로횡단보도내,자전거,남,10세,중상,특수,남,37세,상해없음
2018072900100415,2018년 7월 29일 20시,일요일,서울특별시 양천구 목동,부상신고사고,0,0,0,1,차대사람 - 보도통행중,기타,포장 - 건조,맑음,단일로 - 기타,자전거,남,17세,상해없음,보행자,여,46세,부상신고
2018073000100041,2018년 7월 30일 05시,월요일,서울특별시 노원구 공릉동,부상신고사고,0,0,0,1,차대차 - 기타,안전운전불이행,포장 - 건조,맑음,단일로 - 기타,자전거,여,47세,부상신고,승용,남,54세,상해없음
2018073000100048,2018년 7월 30일 06시,월요일,서울특별시 은평구 응암동,부상신고사고,0,0,0,1,차대차 - 측면충돌,안전운전불이행,포장 - 건조,맑음,교차로 - 교차로부근,자전거,남,68세,부상신고,승합,남,61세,상해없음
2018073000100445,2018년 7월 30일 17시,월요일,서울특별시 강북구 수유동,경상사고,0,0,1,0,차대차 - 추돌,직진우회전진행방해,포장 - 건조,맑음,교차로 - 교차로안,자전거,남,9세,경상,승용,남,52세,상해없음
2018073100100299,2018년 7월 31일 14시,화요일,서울특별시 은평구 응암동,경상사고,0,0,1,0,차대차 - 측면충돌,안전운전불이행,포장 - 건조,맑음,단일로 - 기타,자전거,여,48세,경상,승용,남,58세,상해없음
2018073100100569,2018년 7월 31일 21시,화요일,서울특별시 강서구 등촌동,부상신고사고,0,0,0,1,차대차 - 기타,안전운전불이행,포장 - 건조,맑음,교차로 - 교차로안,자전거,여,52세,부상신고,승용,남,66세,상해없음
2018080100100037,2018년 8월 1일 02시,수요일,서울특별시 강북구 번동,경상사고,0,0,1,0,차대차 - 기타,신호위반,포장 - 건조,맑음,교차로 - 교차로안,자전거,여,20세,경상,승용,남,64세,상해없음
2018080100100064,2018년 8월 1일 05시,수요일,서울특별시 광진구 구의동,경상사고,0,0,1,0,차대차 - 측면충돌,안전운전불이행,포장 - 건조,맑음,단일로 - 기타,자전거,여,58세,경상,화물,남,43세,상해없음
2018080100100077,2018년 8월 1일 06시,수요일,서울특별시 노원구 상계동,경상사고,0,0,1,0,차대차 - 기타,안전운전불이행,포장 - 건조,맑음,기타 - 기타,자전거,기타불명,미분류,기타불명,자전거,남,73세,경상
2018080100100224,2018년 8월 1일 11시,수요일,서울특별시 성북구 종암동,중상사고,0,1,0,0,차대차 - 측면충돌,중앙선침범,포장 - 건조,흐림,교차로 - 교차로안,자전거,여,69세,중상,승합,남,41세,상해없음
2018080100100483,2018년 8월 1일 18시,수요일,서울특별시 도봉구 쌍문동,부상신고사고,0,0,0,1,차대사람 - 보도통행중,중앙선침범,포장 - 건조,맑음,단일로 - 기타,자전거,기타불명,미분류,기타불명,보행자,남,10세,부상신고
2018080100100588,2018년 8월 1일 21시,수요일,서울특별시 성북구 장위동,중상사고,0,1,0,0,차대차 - 기타,안전운전불이행,포장 - 건조,맑음,단일로 - 기타,자전거,남,35세,중상,승합,남,58세,상해없음
2018080200100110,2018년 8월 2일 08시,목요일,서울특별시 서대문구 북가좌동,부상신고사고,0,0,0,1,차대차 - 측면충돌,안전운전불이행,포장 - 건조,맑음,교차로 - 교차로안,자전거,남,75세,부상신고,이륜,남,37세,상해없음
2018080200100165,2018년 8월 2일 09시,목요일,서울특별시 구로구 구로동,중상사고,0,1,0,0,차대차 - 측면충돌,안전운전불이행,포장 - 건조,맑음,단일로 - 기타,자전거,남,65세,중상,승용,남,56세,상해없음
2018080200100197,2018년 8월 2일 10시,목요일,서울특별시 동대문구 이문동,경상사고,0,0,1,0,차대차 - 측면충돌,안전운전불이행,포장 - 건조,맑음,단일로 - 기타,자전거,여,47세,경상,승합,남,58세,상해없음
2018080300100227,2018년 8월 3일 12시,금요일,서울특별시 노원구 상계동,경상사고,0,0,1,0,차대차 - 측면충돌,중앙선침범,포장 - 건조,맑음,교차로 - 교차로안,자전거,남,17세,경상,승용,남,65세,상해없음
2018080300100519,2018년 8월 3일 20시,금요일,서울특별시 송파구 잠실동,경상사고,0,0,1,0,차대차 - 측면충돌,안전운전불이행,포장 - 건조,맑음,단일로 - 기타,자전거,남,69세,경상,자전거,여,57세,상해없음
2018080400100491,2018년 8월 4일 21시,토요일,서울특별시 중랑구 면목동,사망사고,1,0,0,0,차대사람 - 보도통행중,신호위반,포장 - 건조,맑음,단일로 - 기타,자전거,남,25세,상해없음,보행자,여,73세,사망
2018080400100542,2018년 8월 4일 23시,토요일,서울특별시 종로구 서린동,부상신고사고,0,0,0,1,차대차 - 측면충돌,안전운전불이행,포장 - 건조,맑음,단일로 - 기타,자전거,남,28세,부상신고,승용,남,61세,상해없음
2018080500100110,2018년 8월 5일 09시,일요일,서울특별시 강동구 암사동,경상사고,0,0,1,0,차대차 - 기타,안전운전불이행,포장 - 건조,맑음,단일로 - 교량,자전거,여,29세,상해없음,자전거,여,67세,경상
2018080500100383,2018년 8월 5일 19시,일요일,서울특별시 용산구 이촌동,경상사고,0,0,1,0,차대사람 - 기타,안전운전불이행,포장 - 건조,맑음,단일로 - 기타,자전거,남,46세,상해없음,보행자,여,80세,경상
2018080600100001,2018년 8월 6일 00시,월요일,서울특별시 영등포구 양평동6가,중상사고,0,1,0,0,차대차 - 기타,안전운전불이행,포장 - 건조,맑음,단일로 - 기타,자전거,남,26세,상해없음,자전거,남,43세,중상
2018080600100056,2018년 8월 6일 07시,월요일,서울특별시 광진구 중곡동,경상사고,0,0,1,0,차대차 - 기타,교차로운행방법위반,포장 - 젖음/습기,맑음,교차로 - 교차로안,자전거,남,33세,경상,화물,남,60세,상해없음
2018080600100381,2018년 8월 6일 17시,월요일,서울특별시 송파구 송파동,부상신고사고,0,0,0,1,차대차 - 측면충돌,안전운전불이행,포장 - 건조,맑음,단일로 - 기타,자전거,남,13세,부상신고,이륜,남,41세,상해없음
2018080600100522,2018년 8월 6일 21시,월요일,서울특별시 노원구 월계동,중상사고,0,1,0,0,차대사람 - 기타,안전운전불이행,포장 - 기타,맑음,기타 - 기타,자전거,남,63세,상해없음,보행자,여,59세,중상
2018080700100053,2018년 8월 7일 06시,화요일,서울특별시 동작구 사당동,중상사고,0,1,0,0,차대차 - 정면충돌,직진우회전진행방해,포장 - 건조,맑음,교차로 - 교차로안,자전거,여,18세,중상,이륜,남,51세,상해없음
2018080700100065,2018년 8월 7일 07시,화요일,서울특별시 금천구 시흥동,경상사고,0,0,1,0,차대차 - 기타,신호위반,포장 - 건조,맑음,교차로 - 교차로안,자전거,남,22세,경상,승용,남,34세,상해없음
2018080800100049,2018년 8월 8일 06시,수요일,서울특별시 마포구 상암동,중상사고,0,1,0,0,차대차 - 기타,중앙선침범,포장 - 건조,맑음,교차로 - 교차로안,자전거,남,41세,상해없음,자전거,여,61세,중상
2018080800100050,2018년 8월 8일 06시,수요일,서울특별시 성동구 행당동,경상사고,0,0,1,0,차대차 - 측면충돌,불법유턴,포장 - 건조,맑음,단일로 - 기타,자전거,남,74세,경상,승용,남,73세,상해없음
2018080800100127,2018년 8월 8일 09시,수요일,서울특별시 동대문구 제기동,부상신고사고,0,0,0,1,차대차 - 기타,직진우회전진행방해,포장 - 건조,맑음,교차로 - 교차로부근,자전거,여,62세,부상신고,승용,여,54세,상해없음
2018080800100131,2018년 8월 8일 09시,수요일,서울특별시 노원구 월계동,중상사고,0,1,0,0,차대차 - 기타,안전운전불이행,포장 - 건조,맑음,단일로 - 기타,자전거,남,60세,중상,이륜,남,50세,상해없음
2018080800100419,2018년 8월 8일 18시,수요일,서울특별시 노원구 하계동,경상사고,0,0,1,0,차대차 - 측면충돌,안전운전불이행,포장 - 건조,맑음,교차로 - 교차로부근,자전거,남,71세,경상,승용,남,36세,상해없음
2018080900100053,2018년 8월 9일 05시,목요일,서울특별시 금천구 시흥동,경상사고,0,0,1,0,차대차 - 측면충돌,중앙선침범,포장 - 건조,맑음,단일로 - 기타,자전거,남,73세,경상,승용,남,65세,상해없음
2018080900100205,2018년 8월 9일 11시,목요일,서울특별시 노원구 하계동,경상사고,0,0,1,0,차대차 - 측면충돌,불법유턴,포장 - 건조,맑음,단일로 - 기타,자전거,남,16세,경상,승용,남,52세,상해없음
2018080900100298,2018년 8월 9일 14시,목요일,서울특별시 성동구 성수동1가,중상사고,0,1,0,0,차대차 - 기타,중앙선침범,포장 - 건조,맑음,교차로 - 교차로안,자전거,여,55세,중상,화물,남,26세,상해없음
2018080900100450,2018년 8월 9일 18시,목요일,서울특별시 동대문구 장안동,경상사고,0,0,1,0,차대사람 - 기타,기타,포장 - 건조,맑음,기타 - 기타,자전거,남,49세,상해없음,보행자,여,27세,경상
2018080900100501,2018년 8월 9일 19시,목요일,서울특별시 성동구 사근동,경상사고,0,0,1,0,차대차 - 기타,안전운전불이행,포장 - 건조,맑음,단일로 - 기타,자전거,남,52세,상해없음,자전거,남,24세,경상
2018080900100609,2018년 8월 9일 23시,목요일,서울특별시 영등포구 여의도동,중상사고,0,1,0,0,차대차 - 기타,안전운전불이행,포장 - 건조,맑음,단일로 - 기타,자전거,남,28세,상해없음,자전거,남,35세,중상
2018080900100610,2018년 8월 9일 23시,목요일,서울특별시 영등포구 대림동,사망사고,1,0,0,0,차대차 - 측면충돌,안전운전불이행,포장 - 건조,맑음,교차로 - 교차로부근,자전거,남,45세,사망,승용,여,28세,상해없음
2018081000100221,2018년 8월 10일 12시,금요일,서울특별시 송파구 방이동,경상사고,0,0,1,0,차대사람 - 보도통행중,기타,포장 - 건조,맑음,교차로 - 교차로부근,자전거,남,68세,상해없음,보행자,남,46세,경상
2018081000100298,2018년 8월 10일 14시,금요일,서울특별시 마포구 도화동,부상신고사고,0,0,0,1,차대차 - 기타,신호위반,포장 - 건조,맑음,교차로 - 교차로안,자전거,남,74세,부상신고,화물,남,54세,상해없음
2018081000100414,2018년 8월 10일 17시,금요일,서울특별시 광진구 구의동,중상사고,0,1,0,0,차대차 - 측면충돌,직진우회전진행방해,포장 - 건조,맑음,교차로 - 교차로부근,자전거,여,55세,중상,화물,남,39세,상해없음
2018081000100417,2018년 8월 10일 17시,금요일,서울특별시 송파구 마천동,경상사고,0,0,1,0,차대차 - 측면충돌,안전운전불이행,포장 - 건조,맑음,단일로 - 기타,자전거,남,13세,경상,승용,여,49세,상해없음
2018081000100418,2018년 8월 10일 17시,금요일,서울특별시 송파구 송파동,경상사고,0,0,1,0,차대차 - 측면충돌,안전운전불이행,포장 - 건조,맑음,교차로 - 교차로횡단보도내,자전거,남,22세,경상,승용,남,47세,상해없음
2018081000100472,2018년 8월 10일 18시,금요일,서울특별시 도봉구 창동,경상사고,0,0,1,0,차대차 - 측면충돌,안전운전불이행,포장 - 건조,맑음,기타 - 기타,자전거,여,58세,경상,승용,남,57세,상해없음
2018081000100514,2018년 8월 10일 19시,금요일,서울특별시 강서구 화곡동,부상신고사고,0,0,0,1,차대차 - 측면충돌,안전운전불이행,포장 - 건조,맑음,교차로 - 교차로횡단보도내,자전거,남,74세,부상신고,화물,남,45세,상해없음
2018081000100554,2018년 8월 10일 20시,금요일,서울특별시 영등포구 양평동3가,중상사고,0,1,0,0,차대차 - 기타,안전운전불이행,포장 - 건조,맑음,단일로 - 기타,자전거,남,55세,상해없음,원동기,남,27세,중상
2018081100100080,2018년 8월 11일 06시,토요일,서울특별시 구로구 신도림동,경상사고,0,0,1,0,차대차 - 기타,안전운전불이행,포장 - 건조,맑음,교차로 - 교차로안,자전거,남,55세,경상,자전거,여,62세,상해없음
2018081100100470,2018년 8월 11일 19시,토요일,서울특별시 동작구 노량진동,중상사고,0,1,0,0,차대차 - 측면충돌,안전거리미확보,포장 - 건조,맑음,단일로 - 기타,자전거,남,22세,상해없음,자전거,남,47세,상해없음
2018081100100499,2018년 8월 11일 20시,토요일,서울특별시 노원구 월계동,경상사고,0,0,1,0,차대차 - 기타,안전운전불이행,포장 - 건조,맑음,단일로 - 기타,자전거,여,49세,경상,자전거,남,19세,상해없음
2018081100100545,2018년 8월 11일 22시,토요일,서울특별시 성동구 성수동1가,부상신고사고,0,0,0,1,차대차 - 측면충돌,안전운전불이행,포장 - 건조,맑음,단일로 - 기타,자전거,남,41세,상해없음,자전거,여,43세,부상신고
2018081100100564,2018년 8월 11일 23시,토요일,서울특별시 은평구 녹번동,경상사고,0,0,1,0,차대차 - 기타,안전운전불이행,포장 - 건조,맑음,교차로 - 교차로부근,자전거,남,50세,경상,승용,남,56세,상해없음
2018081200100074,2018년 8월 12일 06시,일요일,서울특별시 강북구 수유동,경상사고,0,0,1,0,차대차 - 측면충돌,안전운전불이행,포장 - 건조,맑음,교차로 - 교차로횡단보도내,자전거,남,58세,경상,승용,여,52세,상해없음
2018081200100083,2018년 8월 12일 07시,일요일,서울특별시 강서구 화곡동,경상사고,0,0,1,0,차대차 - 측면충돌,안전운전불이행,포장 - 건조,맑음,교차로 - 교차로부근,자전거,남,18세,경상,승용,남,72세,상해없음
2018081200100161,2018년 8월 12일 12시,일요일,서울특별시 마포구 도화동,중상사고,0,1,0,0,차량단독 - 기타,안전운전불이행,포장 - 건조,맑음,단일로 - 기타,자전거,남,29세,중상,,,,
2018081200100184,2018년 8월 12일 13시,일요일,서울특별시 구로구 구로동,부상신고사고,0,0,0,1,차대차 - 측면충돌,안전운전불이행,포장 - 건조,맑음,단일로 - 기타,자전거,남,13세,부상신고,이륜,남,23세,상해없음
2018081200100278,2018년 8월 12일 16시,일요일,서울특별시 강북구 번동,경상사고,0,0,1,0,차대차 - 측면충돌,안전운전불이행,포장 - 건조,흐림,교차로 - 교차로안,자전거,남,10세,경상,승용,남,56세,상해없음
2018081300100398,2018년 8월 13일 16시,월요일,서울특별시 동대문구 용두동,경상사고,0,0,1,0,차대차 - 측면충돌,안전운전불이행,포장 - 건조,맑음,교차로 - 교차로안,자전거,남,23세,경상,승용,남,41세,상해없음
2018081300100490,2018년 8월 13일 18시,월요일,서울특별시 양천구 목동,부상신고사고,0,0,0,1,차대차 - 측면충돌,안전운전불이행,포장 - 건조,맑음,단일로 - 기타,자전거,남,55세,부상신고,화물,남,51세,상해없음
2018081300100638,2018년 8월 13일 22시,월요일,서울특별시 영등포구 양평동6가,경상사고,0,0,1,1,차대사람 - 기타,안전운전불이행,포장 - 건조,맑음,기타 - 기타,자전거,남,32세,부상신고,보행자,여,54세,경상
2018081400100049,2018년 8월 14일 04시,화요일,서울특별시 마포구 도화동,중상사고,0,1,0,0,차대차 - 추돌,안전운전불이행,포장 - 건조,맑음,단일로 - 기타,자전거,남,60세,중상,승용,남,32세,기타불명
2018081400100107,2018년 8월 14일 08시,화요일,서울특별시 강동구 천호동,부상신고사고,0,0,0,1,차대차 - 기타,안전운전불이행,포장 - 건조,맑음,교차로 - 교차로안,자전거,남,12세,부상신고,승용,남,41세,상해없음
2018081400100108,2018년 8월 14일 08시,화요일,서울특별시 송파구 삼전동,부상신고사고,0,0,0,1,차대사람 - 보도통행중,안전운전불이행,포장 - 건조,맑음,단일로 - 기타,자전거,남,61세,부상신고,보행자,남,13세,상해없음
2018081400100109,2018년 8월 14일 08시,화요일,서울특별시 노원구 하계동,경상사고,0,0,1,0,차대차 - 추돌,안전거리미확보,포장 - 건조,맑음,단일로 - 지하차도(도로)내,자전거,남,42세,경상,승용,남,39세,상해없음
2018081400100383,2018년 8월 14일 16시,화요일,서울특별시 강서구 등촌동,부상신고사고,0,0,0,1,차대차 - 기타,안전운전불이행,포장 - 건조,맑음,교차로 - 교차로부근,자전거,남,65세,부상신고,승용,남,38세,상해없음
2018081500100098,2018년 8월 15일 07시,수요일,서울특별시 구로구 온수동,경상사고,0,0,1,0,차대차 - 기타,안전운전불이행,포장 - 건조,맑음,교차로 - 교차로안,자전거,남,80세,경상,승합,여,54세,상해없음
2018081500100138,2018년 8월 15일 09시,수요일,서울특별시 서초구 반포동,경상사고,0,0,1,0,차대차 - 정면충돌,안전운전불이행,포장 - 건조,맑음,단일로 - 기타,자전거,남,17세,상해없음,자전거,남,42세,경상