사고번호,사고일시,요일,시군구,사고내용,사망자수,중상자수,경상자수,부상신고자수,사고유형,법규위반,노면상태,기상상태,도로형태,가해운전자 차종,가해운전자 성별,가해운전자 연령,가해운전자 상해정도,피해운전자 차종,피해운전자 성별,피해운전자 연령,피해운전자 상해정도
2019040100100432,2019년 4월 1일 16시,월요일,서울특별시 양천구 신정동,사망사고,1,0,0,0,차대사람 - 횡단중,신호위반,포장 - 건조,맑음,교차로 - 교차로횡단보도내,자전거,남,14세,상해없음,보행자,여,71세,사망
2019040100100475,2019년 4월 1일 17시,월요일,서울특별시 송파구 방이동,경상사고,0,0,1,0,차대차 - 측면충돌,중앙선침범,포장 - 건조,맑음,교차로 - 교차로부근,자전거,남,14세,경상,승용,남,52세,상해없음
2019040100100579,2019년 4월 1일 19시,월요일,서울특별시 성동구 성수동2가,경상사고,0,0,1,0,차대차 - 측면충돌,교차로운행방법위반,포장 - 건조,맑음,교차로 - 교차로안,자전거,남,12세,경상,승합,남,31세,상해없음
2019040100100618,2019년 4월 1일 20시,월요일,서울특별시 양천구 목동,부상신고사고,0,0,0,1,차대차 - 정면충돌,안전운전불이행,포장 - 건조,맑음,단일로 - 기타,자전거,남,14세,상해없음,자전거,여,42세,부상신고
2019040200100063,2019년 4월 2일 04시,화요일,서울특별시 용산구 한남동,중상사고,0,1,0,0,차대차 - 정면충돌,안전운전불이행,포장 - 건조,맑음,단일로 - 기타,자전거,남,22세,중상,승용,남,68세,상해없음
2019040200100093,2019년 4월 2일 07시,화요일,서울특별시 노원구 중계동,부상신고사고,0,0,0,1,차대차 - 측면충돌,안전운전불이행,포장 - 건조,맑음,교차로 - 교차로횡단보도내,자전거,남,80세,부상신고,화물,남,48세,상해없음
2019040200100123,2019년 4월 2일 08시,화요일,서울특별시 은평구 응암동,중상사고,0,1,0,0,차대차 - 기타,안전운전불이행,포장 - 젖음/습기,맑음,단일로 - 기타,자전거,남,77세,중상,건설기계,남,56세,상해없음
2019040200100125,2019년 4월 2일 08시,화요일,서울특별시 영등포구 도림동,경상사고,0,0,1,0,차대사람 - 기타,기타,포장 - 건조,맑음,교차로 - 교차로안,자전거,남,54세,기타불명,보행자,여,10세,경상
2019040200100356,2019년 4월 2일 14시,화요일,서울특별시 강동구 천호동,경상사고,0,0,1,0,차대차 - 측면충돌,안전운전불이행,포장 - 건조,맑음,교차로 - 교차로안,자전거,여,56세,경상,승용,여,56세,상해없음
2019040200100464,2019년 4월 2일 17시,화요일,서울특별시 영등포구 영등포동1가,경상사고,0,0,2,0,차대차 - 측면충돌,기타,포장 - 건조,맑음,기타 - 기타,자전거,남,35세,경상,이륜,남,22세,경상
2019040200100507,2019년 4월 2일 18시,화요일,서울특별시 광진구 능동,경상사고,0,0,1,0,차대차 - 측면충돌,안전운전불이행,포장 - 건조,맑음,기타 - 기타,자전거,남,23세,경상,승용,남,34세,상해없음
2019040200100508,2019년 4월 2일 18시,화요일,서울특별시 금천구 가산동,경상사고,0,0,1,0,차대차 - 측면충돌,안전운전불이행,포장 - 건조,맑음,단일로 - 기타,자전거,남,26세,상해없음,자전거,남,28세,경상
2019040200100625,2019년 4월 2일 21시,화요일,서울특별시 중랑구 묵동,부상신고사고,0,0,0,1,차대차 - 기타,기타,포장 - 건조,맑음,단일로 - 기타,자전거,남,17세,부상신고,승용,남,34세,상해없음
2019040300100089,2019년 4월 3일 07시,수요일,서울특별시 중랑구 면목동,중상사고,0,1,0,0,차대차 - 기타,안전운전불이행,포장 - 건조,맑음,교차로 - 교차로횡단보도내,자전거,여,44세,중상,화물,남,68세,상해없음
2019040300100093,2019년 4월 3일 07시,수요일,서울특별시 양천구 신월동,부상신고사고,0,0,0,1,차대차 - 기타,안전운전불이행,포장 - 건조,맑음,교차로 - 교차로안,자전거,여,31세,부상신고,승합,남,49세,기타불명
2019040300100420,2019년 4월 3일 17시,수요일,서울특별시 송파구 송파동,경상사고,0,0,1,0,차량단독 - 기타,안전운전불이행,포장 - 건조,맑음,교차로 - 교차로부근,자전거,남,59세,경상,,,,
2019040300100510,2019년 4월 3일 19시,수요일,서울특별시 영등포구 당산동,경상사고,0,0,1,0,차대사람 - 차도통행중,안전운전불이행,포장 - 건조,맑음,기타 - 기타,자전거,남,43세,상해없음,보행자,여,56세,경상
2019040300100550,2019년 4월 3일 20시,수요일,서울특별시 강남구 일원동,경상사고,0,0,1,0,차대차 - 기타,안전운전불이행,포장 - 건조,맑음,단일로 - 기타,자전거,남,57세,경상,승용,남,40세,상해없음
2019040300100569,2019년 4월 3일 21시,수요일,서울특별시 종로구 숭인동,경상사고,0,0,1,0,차대차 - 측면충돌,안전운전불이행,포장 - 건조,맑음,단일로 - 기타,자전거,남,58세,경상,승용,남,62세,상해없음
2019040300100629,2019년 4월 3일 23시,수요일,서울특별시 중구 을지로3가,경상사고,0,0,1,0,차대차 - 측면충돌,안전운전불이행,포장 - 건조,맑음,단일로 - 기타,자전거,남,27세,경상,승용,남,56세,상해없음
2019040400100130,2019년 4월 4일 08시,목요일,서울특별시 중랑구 면목동,경상사고,0,0,1,0,차대차 - 측면충돌,중앙선침범,포장 - 건조,맑음,단일로 - 기타,자전거,남,71세,경상,승용,남,33세,상해없음
2019040400100132,2019년 4월 4일 08시,목요일,서울특별시 강서구 등촌동,경상사고,0,0,1,0,차대차 - 기타,안전운전불이행,포장 - 건조,맑음,교차로 - 교차로안,자전거,남,13세,경상,승용,남,43세,상해없음
2019040400100608,2019년 4월 4일 21시,목요일,서울특별시 마포구 성산동,부상신고사고,0,0,0,1,차대사람 - 횡단중,신호위반,포장 - 건조,맑음,단일로 - 기타,자전거,여,64세,상해없음,보행자,여,38세,부상신고
2019040500100665,2019년 4월 5일 22시,금요일,서울특별시 광진구 중곡동,중상사고,0,1,0,0,차대차 - 정면충돌,중앙선침범,포장 - 건조,맑음,교차로 - 교차로부근,자전거,남,25세,상해없음,자전거,남,24세,중상
2019040600100222,2019년 4월 6일 11시,토요일,서울특별시 영등포구 여의도동,경상사고,0,0,1,0,차대차 - 측면충돌,신호위반,포장 - 건조,맑음,단일로 - 기타,자전거,남,59세,경상,이륜,남,46세,상해없음
2019040700100045,2019년 4월 7일 01시,일요일,서울특별시 동작구 상도동,중상사고,0,1,0,1,차대차 - 정면충돌,불법유턴,포장 - 건조,맑음,교차로 - 교차로부근,자전거,남,24세,부상신고,이륜,남,23세,중상
2019040700100124,2019년 4월 7일 09시,일요일,서울특별시 송파구 송파동,경상사고,0,0,1,0,차대차 - 측면충돌,안전운전불이행,포장 - 건조,맑음,단일로 - 기타,자전거,남,44세,경상,승용,여,47세,상해없음
2019040700100170,2019년 4월 7일 11시,일요일,서울특별시 영등포구 양화동,중상사고,0,1,1,0,차대차 - 기타,안전운전불이행,포장 - 건조,맑음,단일로 - 기타,자전거,남,58세,상해없음,자전거,남,69세,중상
2019040700100220,2019년 4월 7일 13시,일요일,서울특별시 종로구 세종로,부상신고사고,0,0,0,1,차대차 - 측면충돌,안전운전불이행,포장 - 건조,맑음,단일로 - 기타,자전거,남,30세,부상신고,승용,남,41세,상해없음
2019040700100254,2019년 4월 7일 14시,일요일,서울특별시 중구 신당동,경상사고,0,0,2,0,차대사람 - 횡단중,안전운전불이행,포장 - 건조,맑음,단일로 - 기타,자전거,남,53세,경상,보행자,여,56세,경상
2019040700100290,2019년 4월 7일 15시,일요일,서울특별시 강남구 압구정동,중상사고,0,1,0,0,차대차 - 추돌,안전운전불이행,포장 - 건조,맑음,단일로 - 기타,자전거,기타불명,미분류,기타불명,자전거,남,14세,중상
2019040700100291,2019년 4월 7일 15시,일요일,서울특별시 강동구 고덕동,중상사고,0,1,0,0,차대사람 - 횡단중,안전운전불이행,포장 - 건조,맑음,기타 - 기타,자전거,남,72세,상해없음,보행자,여,8세,중상
2019040700100321,2019년 4월 7일 16시,일요일,서울특별시 영등포구 당산동,부상신고사고,0,0,0,2,차대차 - 기타,안전거리미확보,포장 - 건조,맑음,단일로 - 기타,자전거,남,13세,상해없음,자전거,남,15세,상해없음
2019040700100372,2019년 4월 7일 17시,일요일,서울특별시 서초구 잠원동,중상사고,0,1,1,0,차대차 - 추돌,안전거리미확보,포장 - 건조,맑음,단일로 - 기타,자전거,여,45세,경상,자전거,남,38세,중상
2019040700100410,2019년 4월 7일 19시,일요일,서울특별시 영등포구 대림동,경상사고,0,0,1,0,차대차 - 기타,안전운전불이행,포장 - 건조,맑음,단일로 - 기타,자전거,남,54세,상해없음,이륜,남,22세,경상
2019040700100474,2019년 4월 7일 21시,일요일,서울특별시 강동구 길동,경상사고,0,0,1,0,차대사람 - 보도통행중,안전운전불이행,포장 - 건조,맑음,단일로 - 기타,자전거,남,35세,상해없음,보행자,남,37세,경상
2019040800100217,2019년 4월 8일 10시,월요일,서울특별시 동대문구 용두동,부상신고사고,0,0,0,1,차대차 - 기타,안전운전불이행,포장 - 건조,맑음,단일로 - 기타,자전거,남,79세,부상신고,승용,남,50세,상해없음
2019040800100309,2019년 4월 8일 13시,월요일,서울특별시 용산구 이태원동,중상사고,0,1,0,0,차대사람 - 차도통행중,안전운전불이행,포장 - 건조,맑음,단일로 - 지하차도(도로)내,자전거,남,15세,상해없음,보행자,여,64세,중상
2019040800100342,2019년 4월 8일 14시,월요일,서울특별시 노원구 상계동,경상사고,0,0,1,0,차대차 - 기타,중앙선침범,포장 - 건조,맑음,교차로 - 교차로횡단보도내,자전거,여,48세,경상,승용,여,60세,상해없음
2019040800100377,2019년 4월 8일 15시,월요일,서울특별시 구로구 신도림동,경상사고,0,0,1,0,차량단독 - 기타,안전운전불이행,포장 - 건조,맑음,단일로 - 기타,자전거,여,68세,경상,,,,
2019040800100406,2019년 4월 8일 16시,월요일,서울특별시 구로구 천왕동,중상사고,0,1,0,0,차대사람 - 기타,안전운전불이행,포장 - 건조,맑음,단일로 - 기타,자전거,남,60세,상해없음,보행자,여,59세,중상
2019040900100475,2019년 4월 9일 19시,화요일,서울특별시 구로구 구로동,부상신고사고,0,0,0,1,차대사람 - 횡단중,신호위반,포장 - 젖음/습기,비,교차로 - 교차로안,자전거,기타불명,미분류,기타불명,보행자,여,28세,부상신고
2019041000100353,2019년 4월 10일 15시,수요일,서울특별시 송파구 풍납동,경상사고,0,0,1,0,차대차 - 추돌,안전운전불이행,포장 - 건조,맑음,단일로 - 기타,자전거,남,42세,경상,화물,남,62세,기타불명
2019041000100465,2019년 4월 10일 18시,수요일,서울특별시 송파구 방이동,부상신고사고,0,0,0,1,차대차 - 측면충돌,안전운전불이행,포장 - 건조,맑음,단일로 - 기타,자전거,남,15세,부상신고,화물,남,57세,상해없음
2019041100100064,2019년 4월 11일 05시,목요일,서울특별시 광진구 자양동,중상사고,0,1,0,0,차대차 - 추돌,안전운전불이행,포장 - 건조,맑음,단일로 - 기타,자전거,기타불명,미분류,기타불명,자전거,여,52세,중상
2019041100100130,2019년 4월 11일 08시,목요일,서울특별시 영등포구 양평동1가,경상사고,0,0,1,0,차대차 - 측면충돌,안전운전불이행,포장 - 건조,맑음,단일로 - 기타,자전거,남,48세,경상,승용,여,50세,상해없음
2019041100100360,2019년 4월 11일 16시,목요일,서울특별시 성동구 성수동2가,중상사고,0,1,0,0,차대사람 - 횡단중,보행자보호의무위반,포장 - 건조,맑음,단일로 - 기타,자전거,남,24세,상해없음,보행자,여,62세,중상
2019041100100363,2019년 4월 11일 16시,목요일,서울특별시 송파구 가락동,경상사고,0,0,1,0,차대차 - 측면충돌,안전운전불이행,포장 - 건조,맑음,교차로 - 교차로횡단보도내,자전거,남,82세,경상,승용,여,48세,상해없음
2019041100100365,2019년 4월 11일 16시,목요일,서울특별시 서초구 잠원동,중상사고,0,1,0,0,차대사람 - 보도통행중,기타,포장 - 건조,맑음,기타 - 기타,자전거,남,36세,상해없음,보행자,여,71세,중상
2019041100100426,2019년 4월 11일 18시,목요일,서울특별시 금천구 시흥동,경상사고,0,0,1,0,차대사람 - 차도통행중,안전운전불이행,포장 - 건조,맑음,교차로 - 교차로부근,자전거,남,56세,상해없음,보행자,여,38세,경상
2019041100100466,2019년 4월 11일 19시,목요일,서울특별시 성북구 장위동,경상사고,0,0,1,0,차대사람 - 횡단중,신호위반,포장 - 건조,맑음,교차로 - 교차로횡단보도내,자전거,남,60세,상해없음,보행자,여,51세,경상
2019041100100468,2019년 4월 11일 19시,목요일,서울특별시 노원구 상계동,부상신고사고,0,0,0,1,차대차 - 측면충돌,불법유턴,포장 - 건조,맑음,단일로 - 기타,자전거,남,42세,부상신고,승용,남,53세,상해없음
2019041100100532,2019년 4월 11일 21시,목요일,서울특별시 영등포구 대림동,경상사고,0,0,1,0,차대차 - 기타,안전운전불이행,포장 - 건조,맑음,단일로 - 기타,자전거,남,61세,경상,화물,여,49세,상해없음
2019041200100088,2019년 4월 12일 07시,금요일,서울특별시 영등포구 양평동3가,부상신고사고,0,0,0,1,차대차 - 정면충돌,안전운전불이행,포장 - 건조,맑음,단일로 - 기타,자전거,여,59세,부상신고,승용,남,57세,상해없음
2019041200100200,2019년 4월 12일 10시,금요일,서울특별시 구로구 신도림동,경상사고,0,0,1,0,차대차 - 측면충돌,안전운전불이행,포장 - 건조,맑음,단일로 - 기타,자전거,남,73세,경상,승용,여,56세,상해없음
2019041200100280,2019년 4월 12일 13시,금요일,서울특별시 영등포구 신길동,경상사고,0,0,1,0,차대차 - 기타,안전운전불이행,포장 - 건조,맑음,기타 - 기타,자전거,남,70세,경상,승용,남,58세,상해없음
2019041300100192,2019년 4월 13일 10시,토요일,서울특별시 동대문구 용두동,경상사고,0,0,1,0,차대차 - 기타,안전운전불이행,포장 - 건조,맑음,단일로 - 기타,자전거,여,53세,경상,승합,남,63세,상해없음
2019041300100267,2019년 4월 13일 12시,토요일,서울특별시 성북구 안암동5가,경상사고,0,0,1,0,차대차 - 측면충돌,직진우회전진행방해,포장 - 건조,맑음,교차로 - 교차로안,자전거,남,28세,경상,승용,남,51세,상해없음
2019041300100393,2019년 4월 13일 15시,토요일,서울특별시 성동구 성수동1가,중상사고,0,1,0,0,차대사람 - 기타,안전운전불이행,포장 - 건조,맑음,단일로 - 기타,자전거,남,41세,상해없음,보행자,여,18세,중상
2019041300100505,2019년 4월 13일 18시,토요일,서울특별시 중구 황학동,부상신고사고,0,0,0,1,차대사람 - 횡단중,안전운전불이행,포장 - 건조,맑음,단일로 - 기타,자전거,남,73세,상해없음,보행자,여,72세,부상신고
2019041300100594,2019년 4월 13일 20시,토요일,서울특별시 영등포구 대림동,경상사고,0,0,1,0,차대차 - 측면충돌,중앙선침범,포장 - 건조,맑음,교차로 - 교차로부근,자전거,여,58세,경상,승용,남,30세,상해없음
2019041400100083,2019년 4월 14일 05시,일요일,서울특별시 영등포구 신길동,경상사고,0,0,1,0,차대차 - 측면충돌,안전운전불이행,포장 - 건조,흐림,교차로 - 교차로부근,자전거,남,66세,경상,승용,남,53세,상해없음
2019041400100088,2019년 4월 14일 06시,일요일,서울특별시 동작구 대방동,경상사고,0,0,1,0,차대차 - 기타,안전운전불이행,포장 - 건조,맑음,교차로 - 교차로안,자전거,남,46세,경상,승용,남,67세,상해없음
2019041400100231,2019년 4월 14일 14시,일요일,서울특별시 강남구 압구정동,경상사고,0,0,2,0,차대사람 - 길가장자리구역통행중,안전운전불이행,포장 - 건조,맑음,단일로 - 기타,자전거,남,55세,상해없음,보행자,여,54세,경상
2019041400100446,2019년 4월 14일 23시,일요일,서울특별시 동대문구 용두동,경상사고,0,0,1,0,차대차 - 기타,안전운전불이행,포장 - 건조,맑음,교차로 - 교차로부근,자전거,남,67세,경상,화물,남,58세,상해없음
2019041500100053,2019년 4월 15일 05시,월요일,서울특별시 광진구 자양동,중상사고,0,1,0,0,차대차 - 기타,안전운전불이행,포장 - 건조,맑음,단일로 - 교량,자전거,남,64세,중상,화물,남,57세,상해없음
2019041500100207,2019년 4월 15일 10시,월요일,서울특별시 송파구 풍납동,중상사고,0,1,0,0,차대사람 - 횡단중,보행자보호의무위반,포장 - 건조,맑음,단일로 - 기타,자전거,남,22세,상해없음,보행자,여,76세,중상
2019041500100339,2019년 4월 15일 14시,월요일,서울특별시 송파구 신천동,부상신고사고,0,0,0,1,차대차 - 측면충돌,안전운전불이행,포장 - 건조,맑음,단일로 - 기타,자전거,남,44세,상해없음,자전거,여,64세,부상신고
2019041500100488,2019년 4월 15일 17시,월요일,서울특별시 동작구 신대방동,부상신고사고,0,0,0,1,차대사람 - 기타,안전운전불이행,포장 - 건조,맑음,단일로 - 기타,자전거,남,53세,상해없음,보행자,남,67세,부상신고
2019041500100637,2019년 4월 15일 20시,월요일,서울특별시 관악구 봉천동,경상사고,0,0,1,0,차대차 - 측면충돌,불법유턴,포장 - 건조,맑음,교차로 - 교차로안,자전거,남,67세,경상,승용,남,53세,상해없음
2019041500100667,2019년 4월 15일 21시,월요일,서울특별시 구로구 개봉동,경상사고,0,0,1,0,차대사람 - 보도통행중,기타,포장 - 건조,맑음,단일로 - 기타,자전거,남,83세,상해없음,보행자,여,19세,경상
2019041600100074,2019년 4월 16일 06시,화요일,서울특별시 노원구 상계동,경상사고,0,0,1,0,차대차 - 측면충돌,안전운전불이행,포장 - 건조,맑음,단일로 - 교량,자전거,남,49세,상해없음,자전거,남,54세,경상
2019041600100128,2019년 4월 16일 08시,화요일,서울특별시 양천구 목동,부상신고사고,0,0,0,1,차대차 - 기타,안전운전불이행,포장 - 건조,맑음,교차로 - 교차로안,자전거,남,69세,부상신고,승용,여,44세,상해없음
2019041600100218,2019년 4월 16일 10시,화요일,서울특별시 서대문구 남가좌동,경상사고,0,0,1,0,차대사람 - 보도통행중,기타,포장 - 건조,맑음,단일로 - 기타,자전거,남,80세,상해없음,보행자,남,70세,경상
2019041600100466,2019년 4월 16일 17시,화요일,서울특별시 광진구 자양동,경상사고,0,0,1,0,차대차 - 정면충돌,신호위반,포장 - 건조,맑음,교차로 - 교차로안,자전거,여,60세,경상,승용,남,58세,상해없음
2019041600100467,2019년 4월 16일 17시,화요일,서울특별시 강서구 방화동,부상신고사고,0,0,0,1,차대차 - 측면충돌,불법유턴,포장 - 건조,맑음,단일로 - 기타,자전거,여,62세,부상신고,승용,여,48세,상해없음
2019041600100469,2019년 4월 16일 17시,화요일,서울특별시 노원구 하계동,중상사고,0,1,0,0,차대사람 - 횡단중,보행자보호의무위반,포장 - 건조,맑음,교차로 - 교차로횡단보도내,자전거,남,16세,상해없음,보행자,여,67세,중상
2019041600100526,2019년 4월 16일 18시,화요일,서울특별시 성동구 성수동1가,부상신고사고,0,0,0,1,차대차 - 추돌,안전운전불이행,포장 - 건조,맑음,단일로 - 기타,자전거,남,63세,상해없음,자전거,여,24세,부상신고
2019041700100068,2019년 4월 17일 06시,수요일,서울특별시 노원구 월계동,부상신고사고,0,0,0,1,차대차 - 측면충돌,교차로운행방법위반,포장 - 건조,맑음,교차로 - 교차로안,자전거,남,81세,부상신고,승용,여,63세,상해없음
2019041700100118,2019년 4월 17일 08시,수요일,서울특별시 금천구 시흥동,중상사고,0,1,1,0,차대차 - 정면충돌,신호위반,포장 - 건조,맑음,단일로 - 기타,자전거,남,78세,중상,자전거,남,25세,경상
2019041700100235,2019년 4월 17일 11시,수요일,서울특별시 양천구 신월동,중상사고,0,1,0,0,차대차 - 측면충돌,불법유턴,포장 - 건조,맑음,교차로 - 교차로부근,자전거,남,65세,중상,승용,남,59세,상해없음
2019041700100400,2019년 4월 17일 16시,수요일,서울특별시 송파구 가락동,부상신고사고,0,0,0,1,차대차 - 측면충돌,불법유턴,포장 - 건조,맑음,교차로 - 교차로부근,자전거,남,54세,부상신고,승합,남,52세,상해없음
2019041700100598,2019년 4월 17일 21시,수요일,서울특별시 동대문구 휘경동,경상사고,0,0,1,0,차대사람 - 기타,안전운전불이행,포장 - 건조,맑음,단일로 - 기타,자전거,남,61세,상해없음,보행자,여,59세,경상
2019041700100650,2019년 4월 17일 23시,수요일,서울특별시 구로구 오류동,경상사고,0,0,1,0,차대차 - 측면충돌,중앙선침범,포장 - 건조,맑음,교차로 - 교차로안,자전거,여,52세,경상,승용,남,56세,상해없음
2019041800100157,2019년 4월 18일 09시,목요일,서울특별시 서초구 서초동,경상사고,0,0,1,0,차대차 - 측면충돌,안전거리미확보,포장 - 건조,맑음,단일로 - 기타,자전거,남,52세,경상,승합,남,50세,상해없음
2019041900100084,2019년 4월 19일 07시,금요일,서울특별시 성북구 종암동,경상사고,0,0,1,0,차대차 - 측면충돌,안전운전불이행,포장 - 건조,맑음,단일로 - 기타,자전거,여,21세,경상,화물,남,37세,상해없음
2019041900100119,2019년 4월 19일 08시,금요일,서울특별시 도봉구 도봉동,중상사고,0,1,0,0,차대차 - 측면충돌,불법유턴,포장 - 건조,맑음,교차로 - 교차로횡단보도내,자전거,남,24세,중상,승용,남,46세,상해없음
2019041900100239,2019년 4월 19일 11시,금요일,서울특별시 관악구 신림동,중상사고,0,1,0,0,차대사람 - 기타,기타,포장 - 건조,맑음,기타 - 기타,자전거,남,49세,상해없음,보행자,여,47세,중상
2019041900100462,2019년 4월 19일 17시,금요일,서울특별시 노원구 하계동,부상신고사고,0,0,0,1,차대차 - 측면충돌,불법유턴,포장 - 건조,맑음,단일로 - 기타,자전거,여,53세,부상신고,승용,여,41세,상해없음
2019041900100507,2019년 4월 19일 18시,금요일,서울특별시 광진구 자양동,경상사고,0,0,1,0,차대차 - 기타,안전운전불이행,포장 - 건조,맑음,단일로 - 기타,자전거,남,73세,경상,자전거,여,60세,상해없음
2019041900100515,2019년 4월 19일 18시,금요일,서울특별시 송파구 석촌동,경상사고,0,0,1,1,차대사람 - 기타,안전운전불이행,포장 - 건조,맑음,단일로 - 기타,자전거,남,30세,상해없음,보행자,여,26세,부상신고
2019041900100663,2019년 4월 19일 22시,금요일,서울특별시 양천구 신정동,중상사고,0,1,0,0,차대차 - 기타,신호위반,포장 - 건조,맑음,교차로 - 교차로안,자전거,남,23세,상해없음,자전거,여,26세,중상
2019042000100234,2019년 4월 20일 11시,토요일,서울특별시 구로구 구로동,경상사고,0,0,1,0,차대차 - 기타,안전운전불이행,포장 - 건조,맑음,단일로 - 기타,자전거,남,55세,경상,승용,여,57세,상해없음
2019042000100270,2019년 4월 20일 12시,토요일,서울특별시 영등포구 영등포동2가,경상사고,0,0,2,0,차대차 - 기타,안전운전불이행,포장 - 건조,맑음,단일로 - 기타,자전거,여,58세,경상,자전거,남,22세,경상
2019042000100433,2019년 4월 20일 16시,토요일,서울특별시 영등포구 양평동2가,경상사고,0,0,2,0,차대사람 - 기타,안전운전불이행,포장 - 건조,맑음,단일로 - 기타,자전거,남,70세,경상,보행자,남,27세,경상
2019042100100124,2019년 4월 21일 09시,일요일,서울특별시 성북구 안암동4가,경상사고,0,0,1,0,차대차 - 측면충돌,안전운전불이행,포장 - 건조,흐림,단일로 - 기타,자전거,남,34세,경상,승용,남,61세,상해없음
2019042100100149,2019년 4월 21일 10시,일요일,서울특별시 영등포구 여의도동,부상신고사고,0,0,0,2,차대차 - 기타,안전운전불이행,포장 - 건조,흐림,단일로 - 기타,자전거,남,52세,부상신고,자전거,여,25세,부상신고
2019042100100197,2019년 4월 21일 12시,일요일,서울특별시 강남구 대치동,부상신고사고,0,0,0,1,차대차 - 기타,안전운전불이행,포장 - 건조,맑음,교차로 - 교차로안,자전거,남,13세,부상신고,승용,여,31세,상해없음
2019042100100344,2019년 4월 21일 18시,일요일,서울특별시 송파구 잠실동,경상사고,0,0,1,0,차대사람 - 횡단중,안전운전불이행,포장 - 건조,맑음,단일로 - 기타,자전거,남,44세,상해없음,보행자,여,27세,경상
2019042100100453,2019년 4월 21일 22시,일요일,서울특별시 영등포구 대림동,경상사고,0,0,1,0,차대차 - 측면충돌,안전운전불이행,포장 - 건조,맑음,단일로 - 기타,자전거,여,54세,경상,승용,남,41세,상해없음
2019042200100287,2019년 4월 22일 12시,월요일,서울특별시 강동구 암사동,부상신고사고,0,0,0,2,차대사람 - 횡단중,안전운전불이행,포장 - 건조,맑음,단일로 - 기타,자전거,여,44세,부상신고,보행자,여,60세,부상신고
2019042200100313,2019년 4월 22일 13시,월요일,서울특별시 중랑구 중화동,경상사고,0,0,1,0,차대차 - 기타,신호위반,포장 - 건조,맑음,교차로 - 교차로안,자전거,남,58세,경상,승용,남,56세,상해없음
2019042200100354,2019년 4월 22일 14시,월요일,서울특별시 도봉구 쌍문동,경상사고,0,0,1,0,차대차 - 측면충돌,안전거리미확보,포장 - 건조,맑음,교차로 - 교차로부근,자전거,남,79세,경상,승합,남,53세,상해없음
2019042200100486,2019년 4월 22일 17시,월요일,서울특별시 송파구 오금동,경상사고,0,0,1,0,차대차 - 측면충돌,안전운전불이행,포장 - 건조,맑음,단일로 - 기타,자전거,남,88세,경상,승합,남,72세,상해없음
2019042200100533,2019년 4월 22일 18시,월요일,서울특별시 영등포구 문래동5가,부상신고사고,0,0,0,1,차대사람 - 기타,안전운전불이행,포장 - 건조,맑음,단일로 - 기타,자전거,여,60세,부상신고,보행자,남,9세,상해없음
2019042300100176,2019년 4월 23일 10시,화요일,서울특별시 서대문구 북아현동,경상사고,0,0,1,0,차대차 - 기타,기타,포장 - 건조,맑음,단일로 - 기타,자전거,여,57세,경상,승용,남,35세,상해없음
2019042300100234,2019년 4월 23일 12시,화요일,서울특별시 금천구 독산동,경상사고,0,0,1,0,차대차 - 측면충돌,안전운전불이행,포장 - 건조,흐림,단일로 - 기타,자전거,남,67세,기타불명,자전거,남,56세,경상
2019042300100452,2019년 4월 23일 18시,화요일,서울특별시 송파구 송파동,경상사고,0,0,1,0,차대차 - 측면충돌,안전운전불이행,포장 - 건조,맑음,단일로 - 기타,자전거,여,59세,경상,자전거,남,17세,상해없음
2019042300100573,2019년 4월 23일 21시,화요일,서울특별시 은평구 역촌동,부상신고사고,0,0,0,1,차대차 - 측면충돌,중앙선침범,포장 - 건조,맑음,기타 - 기타,자전거,남,59세,부상신고,승용,남,68세,상해없음
2019042300100603,2019년 4월 23일 22시,화요일,서울특별시 동대문구 용두동,경상사고,0,0,1,0,차대차 - 측면충돌,안전운전불이행,포장 - 건조,맑음,교차로 - 교차로부근,자전거,여,26세,경상,승용,남,62세,상해없음
2019042400100048,2019년 4월 24일 01시,수요일,서울특별시 중랑구 망우동,중상사고,0,1,0,0,차대차 - 기타,안전거리미확보,포장 - 젖음/습기,비,교차로 - 교차로부근,자전거,남,60세,중상,승용,남,48세,상해없음
2019042400100068,2019년 4월 24일 02시,수요일,서울특별시 서초구 방배동,부상신고사고,0,0,0,1,차대차 - 측면충돌,직진우회전진행방해,포장 - 건조,맑음,단일로 - 기타,자전거,남,55세,부상신고,승용,남,45세,상해없음
2019042400100091,2019년 4월 24일 04시,수요일,서울특별시 성북구 안암동5가,경상사고,0,0,1,0,차대차 - 측면충돌,신호위반,포장 - 젖음/습기,비,교차로 - 교차로안,자전거,남,61세,상해없음,이륜,남,32세,경상
2019042400100422,2019년 4월 24일 16시,수요일,서울특별시 송파구 삼전동,부상신고사고,0,0,0,1,차대차 - 측면충돌,기타,포장 - 건조,맑음,단일로 - 기타,자전거,여,55세,부상신고,승용,남,68세,상해없음
2019042400100552,2019년 4월 24일 19시,수요일,서울특별시 성동구 송정동,경상사고,0,0,1,0,차대차 - 측면충돌,안전운전불이행,포장 - 건조,맑음,단일로 - 기타,자전거,남,40세,상해없음,자전거,남,14세,경상
2019042500100509,2019년 4월 25일 19시,목요일,서울특별시 동대문구 용두동,부상신고사고,0,0,0,1,차대차 - 측면충돌,신호위반,포장 - 젖음/습기,비,교차로 - 교차로안,자전거,남,52세,부상신고,승용,남,38세,상해없음
2019042600100121,2019년 4월 26일 07시,금요일,서울특별시 강동구 성내동,부상신고사고,0,0,0,1,차대차 - 정면충돌,안전운전불이행,포장 - 젖음/습기,비,교차로 - 교차로부근,자전거,여,65세,부상신고,승용,남,47세,상해없음