사고번호,사고일시,요일,시군구,사고내용,사망자수,중상자수,경상자수,부상신고자수,사고유형,법규위반,노면상태,기상상태,도로형태,가해운전자 차종,가해운전자 성별,가해운전자 연령,가해운전자 상해정도,피해운전자 차종,피해운전자 성별,피해운전자 연령,피해운전자 상해정도
2019042600100194,2019년 4월 26일 09시,금요일,서울특별시 강동구 암사동,부상신고사고,0,0,0,1,차대차 - 측면충돌,안전운전불이행,포장 - 건조,맑음,교차로 - 교차로부근,자전거,남,17세,상해없음,승용,남,63세,부상신고
2019042600100196,2019년 4월 26일 09시,금요일,서울특별시 노원구 중계동,경상사고,0,0,2,0,차대차 - 기타,안전운전불이행,포장 - 건조,맑음,교차로 - 교차로부근,자전거,여,77세,경상,화물,남,66세,상해없음
2019042600100242,2019년 4월 26일 11시,금요일,서울특별시 송파구 잠실동,경상사고,0,0,1,0,차대차 - 측면충돌,안전운전불이행,포장 - 건조,맑음,기타 - 기타,자전거,여,27세,경상,기타불명,기타불명,미분류,기타불명
2019042700100139,2019년 4월 27일 08시,토요일,서울특별시 광진구 구의동,경상사고,0,0,1,0,차대차 - 기타,안전운전불이행,포장 - 건조,맑음,교차로 - 교차로안,자전거,남,61세,경상,승용,여,58세,상해없음
2019042700100166,2019년 4월 27일 09시,토요일,서울특별시 강남구 도곡동,경상사고,0,0,1,1,차대사람 - 기타,안전운전불이행,포장 - 건조,맑음,단일로 - 기타,자전거,남,57세,부상신고,보행자,남,11세,경상
2019042700100203,2019년 4월 27일 10시,토요일,서울특별시 광진구 자양동,경상사고,0,0,1,0,차대차 - 측면충돌,기타,포장 - 건조,맑음,교차로 - 교차로안,자전거,남,61세,경상,화물,남,34세,상해없음
2019042700100207,2019년 4월 27일 10시,토요일,서울특별시 강동구 강일동,경상사고,0,0,1,0,차대사람 - 횡단중,기타,포장 - 건조,맑음,단일로 - 기타,자전거,남,48세,상해없음,보행자,여,73세,경상
2019042700100243,2019년 4월 27일 11시,토요일,서울특별시 성북구 동선동5가,경상사고,0,0,1,0,차대사람 - 차도통행중,안전운전불이행,포장 - 건조,맑음,단일로 - 기타,자전거,남,12세,상해없음,보행자,남,73세,경상
2019042700100338,2019년 4월 27일 13시,토요일,서울특별시 영등포구 신길동,경상사고,0,0,1,0,차대차 - 기타,불법유턴,포장 - 건조,맑음,교차로 - 교차로안,자전거,여,67세,경상,화물,남,57세,상해없음
2019042700100412,2019년 4월 27일 15시,토요일,서울특별시 서대문구 홍은동,부상신고사고,0,0,0,1,차대차 - 기타,기타,포장 - 건조,맑음,단일로 - 기타,자전거,남,66세,부상신고,승용,남,68세,상해없음
2019042700100451,2019년 4월 27일 16시,토요일,서울특별시 영등포구 문래동5가,경상사고,0,0,2,0,차대차 - 기타,안전운전불이행,포장 - 건조,맑음,단일로 - 기타,자전거,남,32세,경상,자전거,여,49세,경상
2019042700100453,2019년 4월 27일 16시,토요일,서울특별시 동작구 흑석동,중상사고,0,1,1,0,차대차 - 기타,안전운전불이행,포장 - 건조,맑음,기타 - 기타,자전거,남,35세,경상,자전거,여,72세,중상
2019042700100454,2019년 4월 27일 16시,토요일,서울특별시 관악구 신림동,경상사고,0,0,1,0,차대사람 - 길가장자리구역통행중,안전운전불이행,포장 - 건조,맑음,단일로 - 기타,자전거,남,51세,상해없음,보행자,여,56세,경상
2019042700100537,2019년 4월 27일 18시,토요일,서울특별시 광진구 자양동,경상사고,0,0,1,0,차대차 - 측면충돌,안전운전불이행,포장 - 건조,맑음,기타 - 기타,자전거,여,6세,상해없음,자전거,남,44세,경상
2019042800100128,2019년 4월 28일 09시,일요일,서울특별시 중랑구 상봉동,부상신고사고,0,0,0,1,차대차 - 기타,안전운전불이행,포장 - 건조,맑음,기타 - 기타,자전거,남,43세,부상신고,승용,남,41세,상해없음
2019042800100203,2019년 4월 28일 13시,일요일,서울특별시 관악구 봉천동,중상사고,0,1,0,0,차대사람 - 기타,신호위반,포장 - 건조,맑음,단일로 - 기타,자전거,남,15세,상해없음,보행자,여,74세,중상
2019042800100206,2019년 4월 28일 13시,일요일,서울특별시 노원구 공릉동,중상사고,0,1,0,0,차대차 - 측면충돌,안전운전불이행,포장 - 건조,맑음,교차로 - 교차로횡단보도내,자전거,남,85세,중상,승용,남,65세,상해없음
2019042800100268,2019년 4월 28일 15시,일요일,서울특별시 동대문구 휘경동,중상사고,0,1,1,0,차대사람 - 기타,안전운전불이행,포장 - 건조,맑음,단일로 - 기타,자전거,남,42세,경상,보행자,여,54세,중상
2019042900100231,2019년 4월 29일 11시,월요일,서울특별시 노원구 상계동,경상사고,0,0,1,0,차대사람 - 보도통행중,기타,포장 - 건조,맑음,단일로 - 기타,자전거,남,49세,상해없음,보행자,남,28세,경상
2019042900100274,2019년 4월 29일 12시,월요일,서울특별시 관악구 봉천동,경상사고,0,0,1,0,차대차 - 기타,불법유턴,포장 - 건조,맑음,교차로 - 교차로안,자전거,남,61세,경상,승용,남,43세,상해없음
2019042900100366,2019년 4월 29일 15시,월요일,서울특별시 강동구 천호동,경상사고,0,0,1,0,차대차 - 기타,안전운전불이행,포장 - 건조,맑음,기타 - 기타,자전거,여,51세,상해없음,자전거,여,58세,경상
2019042900100404,2019년 4월 29일 16시,월요일,서울특별시 구로구 구로동,경상사고,0,0,1,0,차대사람 - 횡단중,보행자보호의무위반,포장 - 건조,맑음,교차로 - 교차로부근,자전거,남,68세,상해없음,보행자,여,60세,경상
2019042900100490,2019년 4월 29일 18시,월요일,서울특별시 동대문구 제기동,중상사고,0,1,0,1,차대사람 - 기타,안전운전불이행,포장 - 건조,맑음,단일로 - 기타,자전거,남,65세,상해없음,보행자,여,70세,중상
2019042900100534,2019년 4월 29일 19시,월요일,서울특별시 광진구 중곡동,부상신고사고,0,0,0,1,차대사람 - 기타,안전운전불이행,포장 - 건조,맑음,단일로 - 기타,자전거,여,52세,부상신고,보행자,남,35세,상해없음
2019043000100018,2019년 4월 30일 00시,화요일,서울특별시 영등포구 대림동,중상사고,0,1,0,0,차대차 - 측면충돌,기타,포장 - 건조,맑음,단일로 - 기타,자전거,남,40세,중상,승용,남,48세,상해없음
2019043000100190,2019년 4월 30일 10시,화요일,서울특별시 동대문구 청량리동,경상사고,0,0,1,0,차대사람 - 기타,안전운전불이행,포장 - 건조,맑음,기타 - 기타,자전거,남,67세,상해없음,보행자,여,69세,경상
2019043000100251,2019년 4월 30일 12시,화요일,서울특별시 중랑구 묵동,경상사고,0,0,1,0,차대차 - 측면충돌,안전운전불이행,포장 - 건조,맑음,교차로 - 교차로부근,자전거,남,15세,경상,승용,여,44세,상해없음
2019043000100377,2019년 4월 30일 16시,화요일,서울특별시 용산구 한남동,경상사고,0,0,1,0,차대차 - 추돌,안전거리미확보,포장 - 건조,맑음,기타 - 기타,자전거,남,44세,상해없음,자전거,남,42세,경상
2019050100100120,2019년 5월 1일 07시,수요일,서울특별시 송파구 가락동,부상신고사고,0,0,0,1,차대차 - 측면충돌,안전운전불이행,포장 - 건조,맑음,교차로 - 교차로부근,자전거,여,73세,부상신고,자전거,여,61세,상해없음
2019050100100148,2019년 5월 1일 09시,수요일,서울특별시 영등포구 당산동,경상사고,0,0,1,0,차대차 - 측면충돌,안전운전불이행,포장 - 건조,맑음,단일로 - 기타,자전거,남,55세,경상,자전거,남,25세,상해없음
2019050100100166,2019년 5월 1일 10시,수요일,서울특별시 영등포구 여의도동,중상사고,0,1,0,0,차대사람 - 횡단중,안전운전불이행,포장 - 건조,맑음,단일로 - 기타,자전거,남,54세,상해없음,보행자,여,29세,중상
2019050100100261,2019년 5월 1일 13시,수요일,서울특별시 강동구 천호동,중상사고,0,1,0,0,차대사람 - 횡단중,안전운전불이행,포장 - 건조,맑음,단일로 - 기타,자전거,남,29세,기타불명,보행자,남,75세,중상
2019050100100262,2019년 5월 1일 13시,수요일,서울특별시 송파구 신천동,중상사고,0,1,0,0,차대차 - 측면충돌,안전운전불이행,포장 - 건조,맑음,단일로 - 기타,자전거,남,32세,상해없음,자전거,남,50세,상해없음
2019050100100577,2019년 5월 1일 23시,수요일,서울특별시 강북구 번동,경상사고,0,0,2,0,차대사람 - 기타,안전운전불이행,포장 - 건조,맑음,단일로 - 기타,자전거,여,51세,경상,보행자,남,30세,경상
2019050200100043,2019년 5월 2일 03시,목요일,서울특별시 용산구 이촌동,중상사고,0,1,0,0,차대차 - 정면충돌,안전운전불이행,포장 - 건조,맑음,단일로 - 교량,자전거,남,34세,기타불명,원동기,남,45세,중상
2019050200100109,2019년 5월 2일 08시,목요일,서울특별시 광진구 자양동,경상사고,0,0,2,0,차대차 - 측면충돌,안전운전불이행,포장 - 건조,맑음,교차로 - 교차로부근,자전거,남,20세,경상,자전거,여,29세,경상
2019050200100111,2019년 5월 2일 08시,목요일,서울특별시 성동구 송정동,중상사고,0,1,0,1,차대사람 - 기타,안전운전불이행,포장 - 건조,맑음,단일로 - 기타,자전거,남,27세,상해없음,보행자,남,64세,부상신고
2019050200100113,2019년 5월 2일 08시,목요일,서울특별시 중랑구 면목동,부상신고사고,0,0,0,1,차대차 - 기타,중앙선침범,포장 - 건조,맑음,교차로 - 교차로안,자전거,여,56세,부상신고,화물,남,45세,상해없음
2019050200100170,2019년 5월 2일 09시,목요일,서울특별시 관악구 신림동,경상사고,0,0,1,0,차대차 - 측면충돌,교차로운행방법위반,포장 - 건조,맑음,교차로 - 교차로부근,자전거,여,77세,경상,승용,여,56세,상해없음
2019050200100171,2019년 5월 2일 09시,목요일,서울특별시 구로구 개봉동,중상사고,0,1,0,0,차대사람 - 보도통행중,안전운전불이행,포장 - 건조,맑음,주차장 - 주차장,자전거,남,12세,상해없음,보행자,여,65세,중상
2019050200100205,2019년 5월 2일 10시,목요일,서울특별시 영등포구 여의도동,경상사고,0,0,1,0,차대차 - 기타,안전운전불이행,포장 - 건조,맑음,단일로 - 기타,자전거,남,20세,상해없음,자전거,남,80세,경상
2019050200100237,2019년 5월 2일 11시,목요일,서울특별시 강남구 압구정동,중상사고,0,1,0,0,차대사람 - 기타,안전운전불이행,포장 - 건조,맑음,기타 - 기타,자전거,남,59세,상해없음,보행자,남,76세,중상
2019050200100280,2019년 5월 2일 12시,목요일,서울특별시 구로구 고척동,경상사고,0,0,2,0,차대차 - 추돌,중앙선침범,포장 - 건조,맑음,교차로 - 교차로안,자전거,여,50세,경상,승용,여,40세,경상
2019050200100309,2019년 5월 2일 13시,목요일,서울특별시 노원구 상계동,중상사고,0,1,0,0,차대사람 - 보도통행중,안전운전불이행,포장 - 건조,맑음,기타 - 기타,자전거,남,18세,상해없음,보행자,여,66세,중상
2019050200100425,2019년 5월 2일 16시,목요일,서울특별시 동작구 흑석동,중상사고,0,1,1,0,차대차 - 측면충돌,중앙선침범,포장 - 건조,맑음,단일로 - 기타,자전거,남,59세,경상,이륜,남,21세,중상
2019050200100426,2019년 5월 2일 16시,목요일,서울특별시 송파구 풍납동,부상신고사고,0,0,0,1,차대차 - 기타,안전운전불이행,포장 - 건조,맑음,교차로 - 교차로부근,자전거,여,62세,부상신고,승용,남,39세,상해없음
2019050200100471,2019년 5월 2일 17시,목요일,서울특별시 도봉구 도봉동,부상신고사고,0,0,0,1,차대차 - 측면충돌,안전운전불이행,포장 - 건조,맑음,교차로 - 교차로안,자전거,남,24세,부상신고,화물,남,26세,상해없음
2019050200100511,2019년 5월 2일 18시,목요일,서울특별시 서대문구 홍제동,부상신고사고,0,0,0,1,차대차 - 측면충돌,안전운전불이행,포장 - 건조,맑음,단일로 - 기타,자전거,남,26세,부상신고,건설기계,남,49세,상해없음
2019050200100514,2019년 5월 2일 18시,목요일,서울특별시 동대문구 장안동,중상사고,0,1,0,1,차대사람 - 기타,안전운전불이행,포장 - 건조,맑음,단일로 - 기타,자전거,남,42세,부상신고,보행자,여,67세,중상
2019050200100604,2019년 5월 2일 20시,목요일,서울특별시 송파구 거여동,경상사고,0,0,2,0,차대차 - 측면충돌,중앙선침범,포장 - 건조,맑음,교차로 - 교차로부근,자전거,남,14세,상해없음,승용,남,58세,상해없음
2019050200100637,2019년 5월 2일 21시,목요일,서울특별시 영등포구 여의도동,경상사고,0,0,1,0,차대차 - 측면충돌,안전운전불이행,포장 - 건조,맑음,교차로 - 교차로횡단보도내,자전거,여,53세,경상,승용,남,58세,상해없음
2019050300100286,2019년 5월 3일 12시,금요일,서울특별시 영등포구 양평동5가,경상사고,0,0,1,0,차대차 - 측면충돌,안전거리미확보,포장 - 건조,맑음,단일로 - 기타,자전거,남,72세,상해없음,자전거,여,35세,경상
2019050300100322,2019년 5월 3일 13시,금요일,서울특별시 중구 수표동,중상사고,0,1,0,0,차대차 - 측면충돌,중앙선침범,포장 - 건조,맑음,교차로 - 교차로안,자전거,남,68세,중상,승용,남,32세,상해없음
2019050300100445,2019년 5월 3일 16시,금요일,서울특별시 마포구 동교동,중상사고,0,1,1,0,차대차 - 측면충돌,안전운전불이행,포장 - 건조,맑음,기타 - 기타,자전거,남,52세,경상,이륜,남,31세,중상
2019050300100446,2019년 5월 3일 16시,금요일,서울특별시 마포구 상암동,중상사고,0,1,0,0,차대차 - 기타,안전운전불이행,포장 - 건조,맑음,기타 - 기타,자전거,남,45세,상해없음,자전거,여,65세,중상
2019050300100450,2019년 5월 3일 16시,금요일,서울특별시 양천구 목동,경상사고,0,0,1,0,차대차 - 측면충돌,안전운전불이행,포장 - 건조,맑음,단일로 - 기타,자전거,남,16세,상해없음,자전거,여,59세,경상
2019050300100500,2019년 5월 3일 17시,금요일,서울특별시 송파구 풍납동,경상사고,0,0,1,0,차대사람 - 보도통행중,안전운전불이행,포장 - 건조,맑음,단일로 - 기타,자전거,남,74세,상해없음,보행자,여,52세,경상
2019050300100562,2019년 5월 3일 18시,금요일,서울특별시 성북구 삼선동1가,경상사고,0,0,1,0,차대차 - 측면충돌,신호위반,포장 - 건조,맑음,교차로 - 교차로안,자전거,남,22세,경상,승용,남,40세,상해없음
2019050300100613,2019년 5월 3일 19시,금요일,서울특별시 영등포구 여의도동,부상신고사고,0,0,0,1,차대차 - 측면충돌,안전운전불이행,포장 - 건조,맑음,단일로 - 기타,자전거,남,13세,부상신고,승용,남,58세,상해없음
2019050300100641,2019년 5월 3일 20시,금요일,서울특별시 영등포구 도림동,중상사고,0,1,0,0,차대사람 - 차도통행중,안전운전불이행,포장 - 건조,맑음,교차로 - 교차로안,자전거,남,28세,상해없음,보행자,여,62세,중상
2019050300100746,2019년 5월 3일 23시,금요일,서울특별시 송파구 잠실동,중상사고,0,1,0,0,차대차 - 측면충돌,안전운전불이행,포장 - 건조,맑음,단일로 - 기타,자전거,남,29세,중상,승용,남,56세,상해없음
2019050400100098,2019년 5월 4일 05시,토요일,서울특별시 은평구 역촌동,중상사고,0,1,0,0,차량단독 - 전도전복 - 전도,안전운전불이행,포장 - 건조,맑음,단일로 - 기타,자전거,남,46세,중상,,,,
2019050400100231,2019년 5월 4일 11시,토요일,서울특별시 도봉구 창동,경상사고,0,0,1,0,차대차 - 측면충돌,불법유턴,포장 - 건조,맑음,교차로 - 교차로부근,자전거,남,54세,경상,승용,남,44세,상해없음
2019050400100402,2019년 5월 4일 15시,토요일,서울특별시 송파구 가락동,경상사고,0,0,1,0,차대사람 - 기타,안전운전불이행,포장 - 건조,맑음,단일로 - 기타,자전거,남,24세,상해없음,보행자,남,8세,경상
2019050400100443,2019년 5월 4일 16시,토요일,서울특별시 성북구 보문동7가,경상사고,0,0,1,0,차대사람 - 기타,안전운전불이행,포장 - 건조,맑음,단일로 - 기타,자전거,남,15세,상해없음,보행자,남,90세 이상,경상
2019050400100480,2019년 5월 4일 17시,토요일,서울특별시 광진구 자양동,경상사고,0,0,1,0,차대차 - 측면충돌,교차로운행방법위반,포장 - 건조,맑음,교차로 - 교차로안,자전거,여,18세,경상,승용,남,28세,상해없음
2019050400100525,2019년 5월 4일 18시,토요일,서울특별시 성북구 종암동,경상사고,0,0,1,0,차대차 - 측면충돌,신호위반,포장 - 건조,맑음,교차로 - 교차로부근,자전거,남,54세,경상,승용,남,60세,상해없음
2019050400100555,2019년 5월 4일 19시,토요일,서울특별시 동대문구 장안동,경상사고,0,0,1,0,차대차 - 측면충돌,불법유턴,포장 - 건조,맑음,교차로 - 교차로횡단보도내,자전거,남,28세,경상,승용,남,49세,상해없음
2019050400100590,2019년 5월 4일 20시,토요일,서울특별시 성동구 성수동2가,경상사고,0,0,1,0,차대사람 - 횡단중,안전운전불이행,포장 - 건조,맑음,단일로 - 기타,자전거,남,31세,상해없음,보행자,남,5세,경상
2019050400100685,2019년 5월 4일 23시,토요일,서울특별시 중랑구 묵동,경상사고,0,0,1,0,차대차 - 기타,안전운전불이행,포장 - 건조,흐림,교차로 - 교차로횡단보도내,자전거,여,71세,경상,승용,여,39세,상해없음
2019050500100105,2019년 5월 5일 08시,일요일,서울특별시 양천구 목동,부상신고사고,0,0,0,1,차대차 - 측면충돌,안전운전불이행,포장 - 건조,흐림,기타 - 기타,자전거,여,50세,부상신고,승용,남,46세,상해없음
2019050500100145,2019년 5월 5일 10시,일요일,서울특별시 강동구 강일동,중상사고,0,1,0,0,차대차 - 측면충돌,안전운전불이행,포장 - 건조,맑음,단일로 - 기타,자전거,남,73세,상해없음,자전거,여,56세,중상
2019050500100166,2019년 5월 5일 11시,일요일,서울특별시 용산구 원효로3가,경상사고,0,0,1,0,차대차 - 측면충돌,중앙선침범,포장 - 건조,맑음,기타 - 기타,자전거,남,46세,경상,승용,남,38세,상해없음
2019050500100366,2019년 5월 5일 16시,일요일,서울특별시 동작구 흑석동,경상사고,0,0,2,0,차대차 - 기타,안전운전불이행,포장 - 건조,맑음,교차로 - 교차로부근,자전거,남,17세,경상,자전거,남,18세,경상
2019050500100368,2019년 5월 5일 16시,일요일,서울특별시 관악구 신림동,경상사고,0,0,1,0,차대차 - 기타,안전운전불이행,포장 - 건조,맑음,단일로 - 기타,자전거,남,66세,경상,승용,남,51세,상해없음
2019050500100404,2019년 5월 5일 17시,일요일,서울특별시 중랑구 면목동,경상사고,0,0,1,0,차대사람 - 보도통행중,기타,포장 - 건조,맑음,단일로 - 기타,자전거,남,23세,상해없음,보행자,남,16세,경상
2019050500100482,2019년 5월 5일 19시,일요일,서울특별시 노원구 상계동,부상신고사고,0,0,0,2,차대차 - 정면충돌,기타,포장 - 건조,맑음,단일로 - 기타,자전거,남,81세,부상신고,자전거,남,14세,부상신고
2019050500100505,2019년 5월 5일 20시,일요일,서울특별시 용산구 효창동,경상사고,0,0,1,0,차대사람 - 횡단중,안전운전불이행,포장 - 건조,기타,기타 - 기타,자전거,여,24세,상해없음,보행자,여,66세,경상
2019050500100541,2019년 5월 5일 21시,일요일,서울특별시 동작구 흑석동,부상신고사고,0,0,0,1,차대사람 - 보도통행중,기타,포장 - 건조,맑음,단일로 - 기타,자전거,남,13세,상해없음,보행자,여,23세,부상신고
2019050600100087,2019년 5월 6일 06시,월요일,서울특별시 송파구 풍납동,부상신고사고,0,0,0,1,차대차 - 추돌,안전거리미확보,포장 - 건조,맑음,단일로 - 기타,자전거,남,50세,상해없음,자전거,여,67세,부상신고
2019050600100122,2019년 5월 6일 09시,월요일,서울특별시 서초구 잠원동,부상신고사고,0,0,0,1,차대사람 - 횡단중,안전운전불이행,포장 - 건조,맑음,단일로 - 기타,자전거,남,46세,부상신고,보행자,여,40세,상해없음
2019050600100399,2019년 5월 6일 17시,월요일,서울특별시 동작구 노량진동,경상사고,0,0,1,0,차대차 - 정면충돌,안전운전불이행,포장 - 건조,맑음,단일로 - 기타,자전거,남,35세,상해없음,자전거,남,28세,경상
2019050600100448,2019년 5월 6일 18시,월요일,서울특별시 송파구 풍납동,경상사고,0,0,2,0,차대차 - 정면충돌,직진우회전진행방해,포장 - 건조,맑음,교차로 - 교차로안,자전거,남,12세,경상,자전거,남,29세,경상
2019050600100487,2019년 5월 6일 19시,월요일,서울특별시 광진구 자양동,부상신고사고,0,0,0,1,차대사람 - 기타,안전운전불이행,포장 - 건조,맑음,단일로 - 기타,자전거,여,62세,상해없음,보행자,여,73세,부상신고
2019050600100548,2019년 5월 6일 21시,월요일,서울특별시 영등포구 대림동,부상신고사고,0,0,0,1,차대차 - 측면충돌,안전운전불이행,포장 - 건조,맑음,교차로 - 교차로부근,자전거,남,25세,부상신고,승용,남,42세,상해없음
2019050600100555,2019년 5월 6일 21시,월요일,서울특별시 노원구 중계동,중상사고,0,1,0,0,차대차 - 측면충돌,안전운전불이행,포장 - 건조,맑음,교차로 - 교차로안,자전거,남,26세,중상,승용,남,35세,상해없음
2019050700100049,2019년 5월 7일 02시,화요일,서울특별시 중랑구 상봉동,경상사고,0,0,1,0,차대차 - 측면충돌,안전운전불이행,포장 - 건조,맑음,교차로 - 교차로안,자전거,여,30세,경상,승용,남,57세,상해없음
2019050700100284,2019년 5월 7일 12시,화요일,서울특별시 종로구 사직동,사망사고,1,0,0,0,차대차 - 기타,안전운전불이행,포장 - 건조,맑음,단일로 - 기타,자전거,여,49세,사망,화물,남,32세,상해없음
2019050700100294,2019년 5월 7일 12시,화요일,서울특별시 성북구 하월곡동,경상사고,0,0,1,0,차대사람 - 횡단중,신호위반,포장 - 건조,맑음,단일로 - 기타,자전거,남,67세,기타불명,보행자,여,52세,경상
2019050700100454,2019년 5월 7일 16시,화요일,서울특별시 마포구 서교동,경상사고,0,0,1,0,차대차 - 기타,안전거리미확보,포장 - 건조,맑음,단일로 - 기타,자전거,여,59세,경상,승용,여,31세,상해없음
2019050700100457,2019년 5월 7일 16시,화요일,서울특별시 구로구 고척동,경상사고,0,0,1,0,차대차 - 기타,안전운전불이행,포장 - 건조,맑음,교차로 - 교차로부근,자전거,여,46세,상해없음,이륜,남,32세,경상
2019050700100608,2019년 5월 7일 19시,화요일,서울특별시 영등포구 신길동,경상사고,0,0,1,0,차대사람 - 기타,안전운전불이행,포장 - 건조,맑음,교차로 - 교차로부근,자전거,남,55세,상해없음,보행자,남,80세,경상
2019050700100610,2019년 5월 7일 19시,화요일,서울특별시 성동구 행당동,부상신고사고,0,0,0,1,차대차 - 기타,안전거리미확보,포장 - 건조,맑음,단일로 - 기타,자전거,남,15세,부상신고,승용,남,35세,상해없음
2019050700100649,2019년 5월 7일 20시,화요일,서울특별시 강북구 번동,경상사고,0,0,1,0,차량단독 - 전도전복 - 전도,안전운전불이행,포장 - 건조,맑음,단일로 - 기타,자전거,남,56세,경상,,,,
2019050700100725,2019년 5월 7일 23시,화요일,서울특별시 강남구 압구정동,경상사고,0,0,1,0,차대사람 - 기타,안전운전불이행,포장 - 건조,맑음,단일로 - 기타,자전거,남,53세,상해없음,보행자,여,20세,경상
2019050800100032,2019년 5월 8일 00시,수요일,서울특별시 양천구 신정동,경상사고,0,0,1,0,차대차 - 측면충돌,안전운전불이행,포장 - 건조,맑음,단일로 - 기타,자전거,남,87세,경상,승용,남,50세,상해없음
2019050800100113,2019년 5월 8일 08시,수요일,서울특별시 강동구 성내동,부상신고사고,0,0,0,1,차대사람 - 차도통행중,안전운전불이행,포장 - 건조,맑음,교차로 - 교차로부근,자전거,여,51세,상해없음,보행자,여,57세,부상신고
2019050800100114,2019년 5월 8일 08시,수요일,서울특별시 송파구 잠실동,중상사고,0,1,0,0,차대차 - 기타,안전운전불이행,포장 - 건조,맑음,단일로 - 기타,자전거,남,45세,상해없음,자전거,남,58세,중상
2019050800100206,2019년 5월 8일 10시,수요일,서울특별시 노원구 중계동,경상사고,0,0,1,0,차대차 - 측면충돌,안전운전불이행,포장 - 건조,맑음,교차로 - 교차로안,자전거,여,44세,경상,승용,남,44세,상해없음
2019050800100310,2019년 5월 8일 13시,수요일,서울특별시 관악구 신림동,중상사고,0,1,0,0,차량단독 - 기타,안전운전불이행,포장 - 건조,맑음,교차로 - 교차로부근,자전거,여,50세,중상,,,,
2019050800100425,2019년 5월 8일 16시,수요일,서울특별시 송파구 송파동,경상사고,0,0,1,0,차대사람 - 보도통행중,안전운전불이행,포장 - 건조,맑음,교차로 - 교차로안,자전거,남,15세,상해없음,보행자,여,49세,경상
2019050800100472,2019년 5월 8일 17시,수요일,서울특별시 송파구 방이동,경상사고,0,0,1,0,차대차 - 측면충돌,불법유턴,포장 - 건조,맑음,교차로 - 교차로횡단보도내,자전거,여,20세,경상,승용,여,52세,상해없음
2019050800100521,2019년 5월 8일 18시,수요일,서울특별시 양천구 신정동,경상사고,0,0,1,0,차대차 - 측면충돌,기타,포장 - 건조,맑음,교차로 - 교차로부근,자전거,남,15세,경상,화물,남,65세,상해없음
2019050900100028,2019년 5월 9일 00시,목요일,서울특별시 송파구 송파동,경상사고,0,0,1,0,차대차 - 측면충돌,신호위반,포장 - 건조,맑음,교차로 - 교차로안,자전거,남,61세,경상,승용,남,66세,상해없음
2019050900100235,2019년 5월 9일 11시,목요일,서울특별시 송파구 가락동,경상사고,0,0,1,0,차대사람 - 보도통행중,기타,포장 - 건조,맑음,단일로 - 기타,자전거,남,61세,상해없음,보행자,여,68세,경상
2019050900100301,2019년 5월 9일 13시,목요일,서울특별시 강남구 수서동,중상사고,0,1,0,0,차대차 - 기타,안전운전불이행,포장 - 건조,맑음,기타 - 기타,자전거,여,77세,중상,승용,여,50세,상해없음
2019050900100375,2019년 5월 9일 15시,목요일,서울특별시 도봉구 도봉동,중상사고,0,1,0,0,차대차 - 기타,안전운전불이행,포장 - 건조,맑음,교차로 - 교차로부근,자전거,남,52세,중상,승용,남,47세,상해없음
2019050900100411,2019년 5월 9일 16시,목요일,서울특별시 은평구 역촌동,중상사고,0,1,0,0,차대차 - 측면충돌,안전운전불이행,포장 - 건조,맑음,교차로 - 교차로안,자전거,여,57세,기타불명,이륜,남,35세,중상
2019050900100449,2019년 5월 9일 17시,목요일,서울특별시 광진구 구의동,경상사고,0,0,1,0,차대사람 - 보도통행중,안전운전불이행,포장 - 건조,맑음,단일로 - 기타,자전거,여,57세,상해없음,보행자,여,62세,경상
2019050900100611,2019년 5월 9일 21시,목요일,서울특별시 양천구 목동,경상사고,0,0,1,0,차대차 - 기타,안전운전불이행,포장 - 건조,맑음,단일로 - 기타,자전거,남,45세,경상,승용,여,59세,상해없음
2019051000100054,2019년 5월 10일 02시,금요일,서울특별시 영등포구 신길동,경상사고,0,0,1,0,차대차 - 측면충돌,안전운전불이행,포장 - 건조,맑음,교차로 - 교차로안,자전거,남,54세,경상,승용,남,66세,상해없음
2019051000100491,2019년 5월 10일 17시,금요일,서울특별시 노원구 상계동,경상사고,0,0,1,0,차대사람 - 차도통행중,안전운전불이행,포장 - 건조,맑음,교차로 - 교차로안,자전거,남,30세,상해없음,보행자,여,33세,경상
2019051000100544,2019년 5월 10일 18시,금요일,서울특별시 송파구 오금동,중상사고,0,1,0,0,차대차 - 측면충돌,안전운전불이행,포장 - 건조,맑음,단일로 - 기타,자전거,남,72세,중상,이륜,남,58세,상해없음
2019051000100689,2019년 5월 10일 22시,금요일,서울특별시 강북구 번동,중상사고,0,1,1,0,차대차 - 측면충돌,중앙선침범,포장 - 건조,맑음,단일로 - 기타,자전거,남,45세,경상,이륜,남,27세,중상
2019051000100692,2019년 5월 10일 22시,금요일,서울특별시 광진구 중곡동,경상사고,0,0,1,0,차대차 - 기타,안전운전불이행,포장 - 건조,맑음,단일로 - 기타,자전거,여,19세,상해없음,자전거,남,45세,경상
2019051100100102,2019년 5월 11일 05시,토요일,서울특별시 도봉구 창동,부상신고사고,0,0,0,1,차대차 - 측면충돌,안전운전불이행,포장 - 기타,맑음,교차로 - 교차로횡단보도내,자전거,남,24세,부상신고,승용,남,57세,상해없음
2019051100100249,2019년 5월 11일 11시,토요일,서울특별시 노원구 상계동,경상사고,0,0,1,0,차대차 - 기타,안전운전불이행,포장 - 건조,맑음,교차로 - 교차로횡단보도내,자전거,남,11세,경상,화물,남,60세,상해없음