사고번호,사고일시,요일,시군구,사고내용,사망자수,중상자수,경상자수,부상신고자수,사고유형,법규위반,노면상태,기상상태,도로형태,가해운전자 차종,가해운전자 성별,가해운전자 연령,가해운전자 상해정도,피해운전자 차종,피해운전자 성별,피해운전자 연령,피해운전자 상해정도
2019051100100344,2019년 5월 11일 13시,토요일,서울특별시 강북구 번동,경상사고,0,0,1,0,차대차 - 측면충돌,중앙선침범,포장 - 건조,맑음,교차로 - 교차로안,자전거,남,77세,경상,화물,남,49세,상해없음
2019051100100519,2019년 5월 11일 17시,토요일,서울특별시 동작구 노량진동,경상사고,0,0,1,1,차대차 - 측면충돌,안전운전불이행,포장 - 건조,맑음,단일로 - 기타,자전거,남,71세,경상,자전거,여,25세,부상신고
2019051200100122,2019년 5월 12일 08시,일요일,서울특별시 용산구 서빙고동,경상사고,0,0,1,0,차대차 - 정면충돌,안전운전불이행,포장 - 건조,맑음,교차로 - 교차로안,자전거,남,42세,상해없음,자전거,남,64세,경상
2019051200100191,2019년 5월 12일 11시,일요일,서울특별시 영등포구 신길동,부상신고사고,0,0,0,1,차대차 - 측면충돌,안전운전불이행,포장 - 건조,맑음,교차로 - 교차로안,자전거,남,24세,부상신고,승용,남,37세,상해없음
2019051200100225,2019년 5월 12일 12시,일요일,서울특별시 노원구 중계동,부상신고사고,0,0,0,1,차대차 - 측면충돌,안전운전불이행,포장 - 건조,맑음,단일로 - 기타,자전거,남,71세,부상신고,승용,남,48세,상해없음
2019051200100256,2019년 5월 12일 13시,일요일,서울특별시 동대문구 청량리동,경상사고,0,0,1,0,차량단독 - 전도전복 - 전도,안전운전불이행,포장 - 건조,맑음,단일로 - 기타,자전거,남,34세,경상,,,,
2019051200100354,2019년 5월 12일 16시,일요일,서울특별시 구로구 구로동,경상사고,0,0,1,0,차대차 - 측면충돌,안전운전불이행,포장 - 건조,맑음,교차로 - 교차로안,자전거,여,67세,경상,승용,남,27세,상해없음
2019051200100355,2019년 5월 12일 16시,일요일,서울특별시 도봉구 방학동,부상신고사고,0,0,0,3,차대차 - 정면충돌,안전운전불이행,포장 - 건조,맑음,기타 - 기타,자전거,남,8세,부상신고,자전거,남,58세,부상신고
2019051200100387,2019년 5월 12일 17시,일요일,서울특별시 용산구 이촌동,중상사고,0,1,0,0,차대차 - 기타,중앙선침범,포장 - 건조,맑음,기타 - 기타,자전거,여,28세,상해없음,자전거,남,34세,중상
2019051200100429,2019년 5월 12일 18시,일요일,서울특별시 영등포구 양평동,중상사고,0,2,0,0,차대차 - 정면충돌,안전운전불이행,포장 - 건조,맑음,단일로 - 기타,자전거,남,32세,중상,자전거,남,31세,중상
2019051200100454,2019년 5월 12일 19시,일요일,서울특별시 강남구 논현동,경상사고,0,0,1,1,차대차 - 기타,안전운전불이행,포장 - 건조,맑음,기타 - 기타,자전거,남,52세,경상,자전거,남,37세,부상신고
2019051200100507,2019년 5월 12일 21시,일요일,서울특별시 은평구 녹번동,경상사고,0,0,1,0,차대사람 - 보도통행중,기타,포장 - 건조,맑음,기타 - 기타,자전거,여,51세,상해없음,보행자,여,49세,경상
2019051200100509,2019년 5월 12일 21시,일요일,서울특별시 서초구 잠원동,부상신고사고,0,0,0,1,차대차 - 기타,안전운전불이행,포장 - 건조,맑음,단일로 - 기타,자전거,여,36세,상해없음,자전거,여,28세,부상신고
2019051300100058,2019년 5월 13일 05시,월요일,서울특별시 금천구 독산동,경상사고,0,0,1,0,차대차 - 측면충돌,신호위반,포장 - 건조,맑음,교차로 - 교차로안,자전거,남,47세,경상,화물,남,39세,상해없음
2019051300100153,2019년 5월 13일 09시,월요일,서울특별시 금천구 시흥동,경상사고,0,0,1,0,차대차 - 측면충돌,안전운전불이행,포장 - 건조,맑음,단일로 - 기타,자전거,여,23세,경상,승용,남,52세,상해없음
2019051300100474,2019년 5월 13일 18시,월요일,서울특별시 송파구 문정동,중상사고,0,1,0,0,차대차 - 정면충돌,직진우회전진행방해,포장 - 건조,맑음,교차로 - 교차로안,자전거,여,61세,중상,기타불명,기타불명,미분류,기타불명
2019051300100553,2019년 5월 13일 20시,월요일,서울특별시 성동구 금호동4가,경상사고,0,0,1,0,차대차 - 기타,안전운전불이행,포장 - 건조,맑음,단일로 - 기타,자전거,남,48세,상해없음,자전거,여,27세,경상
2019051400100194,2019년 5월 14일 10시,화요일,서울특별시 노원구 상계동,중상사고,0,1,0,0,차대차 - 추돌,교차로운행방법위반,포장 - 건조,맑음,교차로 - 교차로부근,자전거,남,65세,중상,승용,남,52세,상해없음
2019051400100357,2019년 5월 14일 15시,화요일,서울특별시 강북구 수유동,경상사고,0,0,1,0,차대사람 - 횡단중,안전운전불이행,포장 - 건조,맑음,교차로 - 교차로횡단보도내,자전거,남,72세,상해없음,보행자,여,68세,경상
2019051400100679,2019년 5월 14일 23시,화요일,서울특별시 동대문구 용두동,부상신고사고,0,0,0,1,차대차 - 측면충돌,안전운전불이행,포장 - 건조,맑음,교차로 - 교차로안,자전거,남,46세,부상신고,승용,남,56세,상해없음
2019051500100102,2019년 5월 15일 07시,수요일,서울특별시 영등포구 신길동,경상사고,0,0,1,0,차대차 - 측면충돌,안전운전불이행,포장 - 건조,맑음,단일로 - 기타,자전거,여,60세,경상,이륜,남,57세,상해없음
2019051500100103,2019년 5월 15일 07시,수요일,서울특별시 관악구 봉천동,경상사고,0,0,1,0,차대차 - 기타,안전운전불이행,포장 - 건조,맑음,교차로 - 교차로안,자전거,여,18세,경상,화물,남,56세,상해없음
2019051500100206,2019년 5월 15일 10시,수요일,서울특별시 동대문구 제기동,중상사고,0,1,0,0,차대차 - 기타,안전운전불이행,포장 - 건조,맑음,교차로 - 교차로부근,자전거,여,55세,중상,승용,남,23세,상해없음
2019051500100247,2019년 5월 15일 11시,수요일,서울특별시 성북구 정릉동,경상사고,0,0,1,0,차대차 - 측면충돌,안전거리미확보,포장 - 건조,맑음,단일로 - 기타,자전거,남,15세,경상,승용,남,67세,상해없음
2019051500100438,2019년 5월 15일 16시,수요일,서울특별시 중랑구 중화동,경상사고,0,0,1,0,차대차 - 측면충돌,신호위반,포장 - 건조,맑음,교차로 - 교차로안,자전거,남,75세,경상,화물,남,63세,상해없음
2019051500100524,2019년 5월 15일 18시,수요일,서울특별시 동작구 본동,경상사고,0,0,1,0,차대차 - 기타,안전운전불이행,포장 - 건조,맑음,단일로 - 기타,자전거,남,41세,상해없음,이륜,남,39세,경상
2019051500100579,2019년 5월 15일 19시,수요일,서울특별시 노원구 중계동,경상사고,0,0,1,0,차대사람 - 보도통행중,기타,포장 - 건조,맑음,기타 - 기타,자전거,남,52세,상해없음,보행자,여,78세,경상
2019051500100617,2019년 5월 15일 20시,수요일,서울특별시 동작구 신대방동,부상신고사고,0,0,0,1,차대차 - 측면충돌,기타,포장 - 건조,맑음,단일로 - 기타,자전거,남,59세,부상신고,승용,남,59세,상해없음
2019051600100062,2019년 5월 16일 02시,목요일,서울특별시 영등포구 여의도동,경상사고,0,0,1,0,차대차 - 측면충돌,기타,포장 - 건조,맑음,단일로 - 기타,자전거,여,26세,경상,승용,남,31세,상해없음
2019051600100139,2019년 5월 16일 08시,목요일,서울특별시 금천구 독산동,부상신고사고,0,0,0,1,차대차 - 기타,안전운전불이행,포장 - 건조,맑음,단일로 - 기타,자전거,남,56세,부상신고,화물,남,29세,상해없음
2019051600100140,2019년 5월 16일 08시,목요일,서울특별시 성동구 옥수동,중상사고,0,1,0,0,차대사람 - 횡단중,신호위반,포장 - 건조,맑음,교차로 - 교차로횡단보도내,자전거,남,13세,상해없음,보행자,남,77세,중상
2019051600100147,2019년 5월 16일 08시,목요일,서울특별시 구로구 구로동,중상사고,0,1,0,0,차대차 - 기타,신호위반,포장 - 건조,맑음,단일로 - 기타,자전거,남,84세,중상,승용,남,55세,상해없음
2019051600100148,2019년 5월 16일 08시,목요일,서울특별시 서초구 잠원동,경상사고,0,0,1,0,차대차 - 측면충돌,안전운전불이행,포장 - 건조,맑음,교차로 - 교차로횡단보도내,자전거,남,12세,경상,승용,남,57세,상해없음
2019051600100201,2019년 5월 16일 09시,목요일,서울특별시 송파구 문정동,중상사고,0,1,0,0,차대차 - 정면충돌,안전운전불이행,포장 - 건조,맑음,기타 - 기타,자전거,남,75세,중상,승용,남,61세,상해없음
2019051600100441,2019년 5월 16일 16시,목요일,서울특별시 동대문구 용두동,부상신고사고,0,0,0,1,차대사람 - 보도통행중,기타,포장 - 건조,맑음,교차로 - 교차로안,자전거,남,75세,상해없음,보행자,여,42세,부상신고
2019051600100598,2019년 5월 16일 19시,목요일,서울특별시 마포구 상암동,경상사고,0,0,1,0,차대차 - 측면충돌,안전운전불이행,포장 - 건조,맑음,교차로 - 교차로안,자전거,남,14세,경상,승용,남,58세,상해없음
2019051600100601,2019년 5월 16일 19시,목요일,서울특별시 송파구 석촌동,경상사고,0,0,1,0,차대차 - 기타,신호위반,포장 - 건조,맑음,기타 - 기타,자전거,여,21세,경상,화물,남,65세,상해없음
2019051700100196,2019년 5월 17일 10시,금요일,서울특별시 송파구 풍납동,경상사고,0,0,1,0,차대사람 - 보도통행중,안전운전불이행,포장 - 건조,맑음,기타 - 기타,자전거,남,62세,상해없음,보행자,여,64세,경상
2019051700100402,2019년 5월 17일 16시,금요일,서울특별시 중랑구 망우동,중상사고,0,1,0,0,차대차 - 기타,안전운전불이행,포장 - 건조,맑음,단일로 - 기타,자전거,남,49세,중상,승용,남,49세,기타불명
2019051700100443,2019년 5월 17일 17시,금요일,서울특별시 동대문구 회기동,경상사고,0,0,1,0,차대차 - 기타,안전운전불이행,포장 - 건조,맑음,교차로 - 교차로안,자전거,남,66세,경상,승용,남,40세,상해없음
2019051700100594,2019년 5월 17일 20시,금요일,서울특별시 은평구 응암동,경상사고,0,0,1,0,차대사람 - 차도통행중,안전운전불이행,포장 - 건조,맑음,단일로 - 기타,자전거,남,17세,상해없음,보행자,남,62세,경상
2019051700100632,2019년 5월 17일 21시,금요일,서울특별시 광진구 구의동,부상신고사고,0,0,0,2,차대사람 - 횡단중,보행자보호의무위반,포장 - 건조,맑음,단일로 - 기타,자전거,남,50세,상해없음,보행자,남,69세,부상신고
2019051700100698,2019년 5월 17일 23시,금요일,서울특별시 강북구 미아동,부상신고사고,0,0,0,1,차대차 - 측면충돌,중앙선침범,포장 - 건조,맑음,단일로 - 기타,자전거,남,59세,부상신고,승용,남,35세,상해없음
2019051800100384,2019년 5월 18일 14시,토요일,서울특별시 송파구 송파동,경상사고,0,0,1,0,차대차 - 측면충돌,안전운전불이행,포장 - 건조,맑음,단일로 - 기타,자전거,남,75세,경상,이륜,남,17세,상해없음
2019051800100491,2019년 5월 18일 17시,토요일,서울특별시 중랑구 면목동,경상사고,0,0,1,1,차대차 - 기타,안전운전불이행,포장 - 건조,맑음,단일로 - 기타,자전거,남,77세,부상신고,이륜,남,33세,경상
2019051900100092,2019년 5월 19일 05시,일요일,서울특별시 양천구 목동,부상신고사고,0,0,0,1,차대차 - 측면충돌,안전운전불이행,포장 - 젖음/습기,흐림,단일로 - 기타,자전거,남,69세,부상신고,화물,남,32세,상해없음
2019052000100108,2019년 5월 20일 08시,월요일,서울특별시 강동구 길동,부상신고사고,0,0,0,1,차대사람 - 기타,안전운전불이행,포장 - 건조,맑음,단일로 - 기타,자전거,여,60세,상해없음,보행자,남,33세,부상신고
2019052000100410,2019년 5월 20일 16시,월요일,서울특별시 송파구 잠실동,경상사고,0,0,1,0,차대차 - 측면충돌,안전운전불이행,포장 - 건조,맑음,교차로 - 교차로안,자전거,남,76세,경상,화물,남,37세,상해없음
2019052000100639,2019년 5월 20일 21시,월요일,서울특별시 마포구 공덕동,부상신고사고,0,0,0,1,차대차 - 측면충돌,불법유턴,포장 - 건조,맑음,단일로 - 교량,자전거,남,31세,부상신고,승용,남,28세,상해없음
2019052100100337,2019년 5월 21일 13시,화요일,서울특별시 강서구 화곡동,경상사고,0,0,1,0,차대차 - 기타,교차로운행방법위반,포장 - 건조,맑음,단일로 - 기타,자전거,남,46세,경상,승용,남,73세,상해없음
2019052100100339,2019년 5월 21일 13시,화요일,서울특별시 성북구 하월곡동,부상신고사고,0,0,0,1,차대차 - 측면충돌,불법유턴,포장 - 건조,맑음,단일로 - 기타,자전거,남,53세,부상신고,승용,여,63세,상해없음
2019052100100544,2019년 5월 21일 18시,화요일,서울특별시 도봉구 도봉동,중상사고,0,1,0,0,차대차 - 측면충돌,안전거리미확보,포장 - 건조,맑음,교차로 - 교차로안,자전거,남,21세,상해없음,자전거,남,88세,중상
2019052200100198,2019년 5월 22일 09시,수요일,서울특별시 강북구 번동,경상사고,0,0,1,0,차대차 - 측면충돌,안전운전불이행,포장 - 건조,맑음,단일로 - 기타,자전거,여,19세,경상,승용,남,27세,상해없음
2019052200100436,2019년 5월 22일 16시,수요일,서울특별시 강북구 수유동,경상사고,0,0,1,0,차대차 - 정면충돌,불법유턴,포장 - 건조,맑음,단일로 - 기타,자전거,여,59세,경상,승용,남,60세,상해없음
2019052200100582,2019년 5월 22일 19시,수요일,서울특별시 동대문구 장안동,중상사고,0,1,1,0,차대차 - 측면충돌,신호위반,포장 - 건조,맑음,교차로 - 교차로횡단보도내,자전거,남,49세,중상,이륜,남,35세,경상
2019052200100623,2019년 5월 22일 20시,수요일,서울특별시 중랑구 면목동,부상신고사고,0,0,0,1,차대차 - 측면충돌,신호위반,포장 - 건조,맑음,교차로 - 교차로안,자전거,남,34세,부상신고,승용,남,62세,상해없음
2019052200100676,2019년 5월 22일 22시,수요일,서울특별시 양천구 신정동,중상사고,0,1,0,0,차대차 - 정면충돌,안전운전불이행,포장 - 건조,맑음,기타 - 기타,자전거,남,15세,중상,자전거,기타불명,미분류,기타불명
2019052300100129,2019년 5월 23일 08시,목요일,서울특별시 노원구 공릉동,경상사고,0,0,1,0,차대사람 - 기타,안전운전불이행,포장 - 건조,맑음,단일로 - 기타,자전거,여,35세,상해없음,보행자,남,62세,경상
2019052300100188,2019년 5월 23일 09시,목요일,서울특별시 성북구 종암동,부상신고사고,0,0,0,1,차대차 - 측면충돌,안전운전불이행,포장 - 건조,맑음,단일로 - 기타,자전거,여,65세,부상신고,자전거,남,25세,상해없음
2019052300100362,2019년 5월 23일 14시,목요일,서울특별시 강서구 등촌동,부상신고사고,0,0,0,1,차대차 - 측면충돌,기타,포장 - 건조,맑음,교차로 - 교차로횡단보도내,자전거,남,66세,부상신고,자전거,남,84세,상해없음
2019052300100391,2019년 5월 23일 15시,목요일,서울특별시 중구 태평로1가,중상사고,0,1,0,0,차대차 - 기타,안전운전불이행,포장 - 건조,맑음,단일로 - 기타,자전거,남,57세,중상,화물,남,55세,상해없음
2019052300100430,2019년 5월 23일 16시,목요일,서울특별시 동대문구 장안동,경상사고,0,0,1,0,차대사람 - 기타,중앙선침범,포장 - 건조,맑음,단일로 - 기타,자전거,남,47세,경상,보행자,남,57세,상해없음
2019052300100431,2019년 5월 23일 16시,목요일,서울특별시 중랑구 중화동,경상사고,0,0,1,0,차대차 - 측면충돌,중앙선침범,포장 - 건조,맑음,교차로 - 교차로부근,자전거,여,23세,상해없음,승용,남,31세,상해없음
2019052300100434,2019년 5월 23일 16시,목요일,서울특별시 서초구 양재동,경상사고,0,0,1,0,차대차 - 기타,신호위반,포장 - 건조,맑음,단일로 - 기타,자전거,여,51세,경상,승용,남,30세,상해없음
2019052300100513,2019년 5월 23일 18시,목요일,서울특별시 성동구 상왕십리동,경상사고,0,0,1,0,차대차 - 기타,안전운전불이행,포장 - 건조,맑음,교차로 - 교차로안,자전거,남,59세,경상,승합,남,59세,상해없음
2019052400100078,2019년 5월 24일 05시,금요일,서울특별시 영등포구 대림동,경상사고,0,0,1,0,차대차 - 추돌,안전운전불이행,포장 - 건조,맑음,단일로 - 기타,자전거,남,36세,경상,승용,남,54세,상해없음
2019052400100131,2019년 5월 24일 08시,금요일,서울특별시 강서구 염창동,중상사고,0,1,0,0,차량단독 - 기타,안전운전불이행,포장 - 건조,맑음,단일로 - 기타,자전거,남,73세,중상,,,,
2019052400100177,2019년 5월 24일 09시,금요일,서울특별시 강남구 삼성동,부상신고사고,0,0,0,1,차대차 - 기타,안전운전불이행,포장 - 건조,맑음,기타 - 기타,자전거,남,52세,상해없음,자전거,남,31세,부상신고
2019052400100323,2019년 5월 24일 13시,금요일,서울특별시 서대문구 홍은동,중상사고,0,1,0,0,차대차 - 측면충돌,신호위반,포장 - 건조,맑음,교차로 - 교차로안,자전거,남,33세,중상,승용,남,21세,상해없음
2019052500100016,2019년 5월 25일 00시,토요일,서울특별시 동대문구 이문동,경상사고,0,0,1,0,차대차 - 정면충돌,안전운전불이행,포장 - 건조,맑음,단일로 - 기타,자전거,여,22세,상해없음,이륜,남,19세,경상
2019052500100148,2019년 5월 25일 08시,토요일,서울특별시 영등포구 대림동,부상신고사고,0,0,0,1,차대차 - 정면충돌,안전운전불이행,포장 - 건조,맑음,단일로 - 기타,자전거,여,69세,부상신고,자전거,남,46세,상해없음
2019052500100177,2019년 5월 25일 09시,토요일,서울특별시 금천구 시흥동,중상사고,0,1,0,0,차대사람 - 기타,신호위반,포장 - 건조,맑음,기타 - 기타,자전거,남,45세,상해없음,보행자,남,70세,중상
2019052500100205,2019년 5월 25일 10시,토요일,서울특별시 성북구 하월곡동,경상사고,0,0,1,0,차대차 - 측면충돌,안전운전불이행,포장 - 건조,맑음,교차로 - 교차로부근,자전거,남,12세,경상,승용,남,34세,상해없음
2019052500100208,2019년 5월 25일 10시,토요일,서울특별시 노원구 월계동,부상신고사고,0,0,0,1,차대차 - 기타,신호위반,포장 - 건조,맑음,교차로 - 교차로안,자전거,여,58세,부상신고,승용,남,44세,상해없음
2019052500100482,2019년 5월 25일 17시,토요일,서울특별시 도봉구 창동,경상사고,0,0,1,0,차대사람 - 횡단중,신호위반,포장 - 기타,맑음,교차로 - 교차로부근,자전거,남,22세,상해없음,보행자,여,4세,경상
2019052500100582,2019년 5월 25일 20시,토요일,서울특별시 송파구 오금동,경상사고,0,0,1,0,차대사람 - 기타,안전운전불이행,포장 - 건조,맑음,단일로 - 기타,자전거,남,48세,상해없음,보행자,남,56세,경상
2019052500100583,2019년 5월 25일 20시,토요일,서울특별시 노원구 하계동,부상신고사고,0,0,0,1,차대차 - 측면충돌,안전운전불이행,포장 - 건조,맑음,단일로 - 기타,자전거,여,51세,부상신고,자전거,남,59세,상해없음
2019052600100147,2019년 5월 26일 10시,일요일,서울특별시 성동구 사근동,중상사고,0,1,0,0,차대차 - 기타,안전운전불이행,포장 - 건조,맑음,기타 - 기타,자전거,남,71세,상해없음,자전거,여,73세,중상
2019052600100241,2019년 5월 26일 13시,일요일,서울특별시 영등포구 여의도동,경상사고,0,0,1,0,차대차 - 추돌,안전운전불이행,포장 - 건조,맑음,단일로 - 기타,자전거,남,36세,경상,자전거,남,7세,상해없음
2019052600100355,2019년 5월 26일 16시,일요일,서울특별시 동대문구 장안동,경상사고,0,0,1,0,차대차 - 기타,안전운전불이행,포장 - 건조,맑음,단일로 - 기타,자전거,남,33세,상해없음,자전거,여,55세,경상
2019052600100385,2019년 5월 26일 17시,일요일,서울특별시 중랑구 면목동,부상신고사고,0,0,0,1,차대차 - 기타,신호위반,포장 - 건조,맑음,교차로 - 교차로안,자전거,남,65세,부상신고,승용,여,42세,상해없음
2019052700100332,2019년 5월 27일 13시,월요일,서울특별시 구로구 구로동,경상사고,0,0,1,0,차대사람 - 횡단중,신호위반,포장 - 건조,맑음,교차로 - 교차로횡단보도내,자전거,남,59세,상해없음,보행자,여,69세,경상
2019052700100462,2019년 5월 27일 17시,월요일,서울특별시 강남구 역삼동,중상사고,0,1,0,0,차대차 - 측면충돌,안전운전불이행,포장 - 건조,맑음,기타 - 기타,자전거,여,23세,중상,화물,남,23세,상해없음
2019052700100545,2019년 5월 27일 19시,월요일,서울특별시 송파구 신천동,경상사고,0,0,1,0,차대차 - 기타,안전운전불이행,포장 - 건조,맑음,교차로 - 교차로부근,자전거,남,61세,경상,승합,남,68세,상해없음
2019052800100092,2019년 5월 28일 07시,화요일,서울특별시 영등포구 양평동5가,중상사고,0,1,1,0,차대차 - 기타,안전운전불이행,포장 - 건조,맑음,단일로 - 기타,자전거,남,51세,중상,자전거,남,70세,경상
2019052800100120,2019년 5월 28일 08시,화요일,서울특별시 은평구 신사동,경상사고,0,0,1,0,차대사람 - 기타,기타,포장 - 건조,맑음,단일로 - 기타,자전거,남,81세,상해없음,보행자,여,31세,경상
2019052800100398,2019년 5월 28일 15시,화요일,서울특별시 은평구 갈현동,경상사고,0,0,1,0,차대사람 - 기타,안전운전불이행,포장 - 건조,맑음,단일로 - 기타,자전거,남,43세,상해없음,보행자,남,76세,경상
2019052800100435,2019년 5월 28일 16시,화요일,서울특별시 성북구 삼선동1가,부상신고사고,0,0,0,1,차대차 - 측면충돌,안전운전불이행,포장 - 건조,맑음,단일로 - 기타,자전거,남,21세,부상신고,승용,남,45세,상해없음
2019052800100442,2019년 5월 28일 16시,화요일,서울특별시 송파구 방이동,부상신고사고,0,0,0,1,차대차 - 기타,안전운전불이행,포장 - 건조,맑음,주차장 - 주차장,자전거,여,59세,부상신고,승용,여,35세,상해없음
2019052800100445,2019년 5월 28일 16시,화요일,서울특별시 강남구 도곡동,부상신고사고,0,0,0,1,차량단독 - 기타,안전운전불이행,포장 - 건조,맑음,기타 - 기타,자전거,남,52세,부상신고,,,,
2019052800100504,2019년 5월 28일 17시,화요일,서울특별시 노원구 중계동,중상사고,0,1,0,0,차대차 - 추돌,안전거리미확보,포장 - 건조,맑음,단일로 - 기타,자전거,여,59세,중상,승용,여,54세,상해없음
2019052800100560,2019년 5월 28일 18시,화요일,서울특별시 구로구 구로동,부상신고사고,0,0,0,1,차대차 - 정면충돌,안전운전불이행,포장 - 건조,맑음,교차로 - 교차로부근,자전거,남,10세,부상신고,승용,남,36세,상해없음
2019052800100722,2019년 5월 28일 22시,화요일,서울특별시 노원구 상계동,경상사고,0,0,1,0,차대사람 - 기타,안전운전불이행,포장 - 건조,맑음,단일로 - 기타,자전거,남,44세,상해없음,보행자,남,48세,경상
2019052900100089,2019년 5월 29일 07시,수요일,서울특별시 도봉구 도봉동,경상사고,0,0,1,0,차대차 - 측면충돌,안전운전불이행,포장 - 건조,맑음,교차로 - 교차로안,자전거,여,76세,경상,승용,남,61세,상해없음
2019052900100124,2019년 5월 29일 08시,수요일,서울특별시 양천구 목동,부상신고사고,0,0,0,1,차대차 - 측면충돌,안전운전불이행,포장 - 건조,맑음,교차로 - 교차로안,자전거,남,56세,부상신고,승용,여,32세,상해없음
2019052900100243,2019년 5월 29일 11시,수요일,서울특별시 성북구 석관동,부상신고사고,0,0,0,1,차대차 - 측면충돌,안전운전불이행,포장 - 건조,맑음,단일로 - 기타,자전거,남,40세,부상신고,승용,남,38세,상해없음
2019052900100383,2019년 5월 29일 15시,수요일,서울특별시 은평구 불광동,부상신고사고,0,0,0,1,차대차 - 측면충돌,안전운전불이행,포장 - 건조,맑음,기타 - 기타,자전거,남,13세,부상신고,화물,남,33세,상해없음
2019052900100425,2019년 5월 29일 16시,수요일,서울특별시 송파구 잠실동,경상사고,0,0,1,0,차대차 - 추돌,안전운전불이행,포장 - 건조,맑음,교차로 - 교차로부근,자전거,여,27세,경상,승용,여,48세,상해없음
2019052900100426,2019년 5월 29일 16시,수요일,서울특별시 도봉구 도봉동,경상사고,0,0,1,0,차대차 - 측면충돌,안전운전불이행,포장 - 기타,맑음,교차로 - 교차로부근,자전거,남,51세,경상,승용,여,33세,상해없음
2019052900100695,2019년 5월 29일 22시,수요일,서울특별시 송파구 장지동,경상사고,0,0,1,0,차대사람 - 보도통행중,중앙선침범,포장 - 건조,맑음,교차로 - 교차로부근,자전거,남,50세,상해없음,보행자,남,23세,경상
2019053000100086,2019년 5월 30일 06시,목요일,서울특별시 마포구 아현동,경상사고,0,0,1,0,차대차 - 측면충돌,안전운전불이행,포장 - 건조,맑음,단일로 - 기타,자전거,남,66세,경상,승용,남,45세,상해없음
2019053000100131,2019년 5월 30일 08시,목요일,서울특별시 중랑구 상봉동,부상신고사고,0,0,0,1,차대차 - 측면충돌,신호위반,포장 - 건조,맑음,교차로 - 교차로안,자전거,남,61세,부상신고,승용,남,52세,상해없음
2019053000100216,2019년 5월 30일 10시,목요일,서울특별시 종로구 종로6가,부상신고사고,0,0,0,1,차대차 - 기타,안전운전불이행,포장 - 건조,맑음,단일로 - 기타,자전거,남,40세,부상신고,승용,여,55세,상해없음
2019053000100220,2019년 5월 30일 10시,목요일,서울특별시 송파구 삼전동,경상사고,0,0,1,0,차대차 - 측면충돌,안전운전불이행,포장 - 건조,맑음,교차로 - 교차로안,자전거,여,26세,경상,승용,여,61세,상해없음
2019053000100282,2019년 5월 30일 12시,목요일,서울특별시 영등포구 대림동,경상사고,0,0,1,0,차대차 - 측면충돌,중앙선침범,포장 - 건조,맑음,단일로 - 기타,자전거,남,36세,경상,승용,여,32세,상해없음
2019053000100385,2019년 5월 30일 16시,목요일,서울특별시 동작구 사당동,경상사고,0,0,1,0,차대사람 - 기타,안전운전불이행,포장 - 건조,맑음,주차장 - 주차장,자전거,여,23세,기타불명,보행자,남,45세,경상
2019053000100390,2019년 5월 30일 16시,목요일,서울특별시 구로구 구로동,경상사고,0,0,1,0,차대차 - 기타,안전운전불이행,포장 - 건조,맑음,단일로 - 기타,자전거,남,13세,경상,승용,남,62세,상해없음
2019053000100574,2019년 5월 30일 21시,목요일,서울특별시 중랑구 면목동,부상신고사고,0,0,0,1,차대차 - 측면충돌,안전운전불이행,포장 - 건조,맑음,교차로 - 교차로횡단보도내,자전거,남,27세,부상신고,화물,남,65세,상해없음
2019053000100610,2019년 5월 30일 22시,목요일,서울특별시 도봉구 쌍문동,경상사고,0,0,7,0,차대차 - 기타,안전운전불이행,포장 - 건조,맑음,교차로 - 교차로부근,자전거,남,58세,상해없음,승합,남,52세,상해없음
2019053100100072,2019년 5월 31일 04시,금요일,서울특별시 영등포구 양평동1가,경상사고,0,0,1,0,차대차 - 측면충돌,안전운전불이행,포장 - 건조,맑음,교차로 - 교차로안,자전거,남,33세,경상,승용,여,53세,상해없음
2019053100100135,2019년 5월 31일 08시,금요일,서울특별시 성북구 동선동3가,경상사고,0,0,1,0,차대차 - 측면충돌,신호위반,포장 - 건조,맑음,교차로 - 교차로안,자전거,남,37세,경상,승용,여,43세,상해없음
2019053100100136,2019년 5월 31일 08시,금요일,서울특별시 금천구 시흥동,중상사고,0,1,0,0,차대차 - 측면충돌,직진우회전진행방해,포장 - 건조,맑음,교차로 - 교차로안,자전거,여,51세,중상,승용,여,38세,상해없음
2019053100100137,2019년 5월 31일 08시,금요일,서울특별시 양천구 신정동,중상사고,0,1,0,0,차대차 - 측면충돌,안전운전불이행,포장 - 건조,맑음,교차로 - 교차로안,자전거,여,51세,중상,건설기계,여,56세,상해없음
2019053100100237,2019년 5월 31일 11시,금요일,서울특별시 은평구 구산동,중상사고,0,1,0,0,차대사람 - 보도통행중,기타,포장 - 건조,맑음,교차로 - 교차로부근,자전거,남,15세,상해없음,보행자,여,66세,중상
2019053100100552,2019년 5월 31일 18시,금요일,서울특별시 강북구 미아동,경상사고,0,0,1,0,차대차 - 측면충돌,중앙선침범,포장 - 건조,맑음,기타 - 기타,자전거,여,22세,경상,이륜,남,44세,상해없음
2019053100100660,2019년 5월 31일 20시,금요일,서울특별시 영등포구 여의도동,부상신고사고,0,0,0,1,차대사람 - 보도통행중,기타,포장 - 건조,맑음,기타 - 기타,자전거,남,37세,상해없음,보행자,남,69세,부상신고
2019053100100691,2019년 5월 31일 21시,금요일,서울특별시 강북구 수유동,경상사고,0,0,1,0,차대사람 - 보도통행중,기타,포장 - 건조,맑음,기타 - 기타,자전거,남,23세,상해없음,보행자,남,19세,경상