사고번호,사고일시,요일,시군구,사고내용,사망자수,중상자수,경상자수,부상신고자수,사고유형,법규위반,노면상태,기상상태,도로형태,가해운전자 차종,가해운전자 성별,가해운전자 연령,가해운전자 상해정도,피해운전자 차종,피해운전자 성별,피해운전자 연령,피해운전자 상해정도
2019061600100368,2019년 6월 16일 17시,일요일,서울특별시 영등포구 양평동6가,경상사고,0,0,1,0,차대차 - 기타,안전거리미확보,포장 - 건조,맑음,단일로 - 기타,자전거,남,46세,경상,자전거,남,46세,상해없음
2019061600100395,2019년 6월 16일 18시,일요일,서울특별시 송파구 가락동,경상사고,0,0,1,0,차대차 - 측면충돌,안전운전불이행,포장 - 건조,맑음,단일로 - 기타,자전거,남,15세,경상,승용,남,45세,상해없음
2019061700100054,2019년 6월 17일 06시,월요일,서울특별시 성동구 성수동1가,중상사고,0,1,0,0,차대차 - 정면충돌,중앙선침범,포장 - 건조,맑음,단일로 - 기타,자전거,남,59세,중상,승용,남,30세,상해없음
2019061700100223,2019년 6월 17일 11시,월요일,서울특별시 송파구 방이동,부상신고사고,0,0,0,1,차대차 - 측면충돌,안전운전불이행,포장 - 건조,맑음,단일로 - 기타,자전거,여,49세,부상신고,승용,여,76세,상해없음
2019061700100417,2019년 6월 17일 16시,월요일,서울특별시 중랑구 면목동,사망사고,1,0,0,0,차대사람 - 차도통행중,안전운전불이행,포장 - 건조,맑음,단일로 - 기타,자전거,남,16세,기타불명,보행자,여,80세,사망
2019061700100471,2019년 6월 17일 17시,월요일,서울특별시 은평구 응암동,경상사고,0,0,1,0,차대차 - 측면충돌,안전운전불이행,포장 - 건조,맑음,교차로 - 교차로부근,자전거,여,53세,경상,승용,남,61세,상해없음
2019061700100472,2019년 6월 17일 17시,월요일,서울특별시 용산구 서빙고동,경상사고,0,0,1,0,차대차 - 정면충돌,안전운전불이행,포장 - 건조,맑음,교차로 - 교차로안,자전거,남,37세,상해없음,자전거,남,46세,경상
2019061700100563,2019년 6월 17일 19시,월요일,서울특별시 성동구 하왕십리동,경상사고,0,0,2,0,차대차 - 측면충돌,불법유턴,포장 - 건조,맑음,교차로 - 교차로횡단보도내,자전거,여,56세,경상,이륜,남,35세,경상
2019061700100588,2019년 6월 17일 20시,월요일,서울특별시 영등포구 여의도동,부상신고사고,0,0,0,1,차대차 - 기타,안전운전불이행,포장 - 건조,맑음,단일로 - 기타,자전거,남,32세,상해없음,자전거,남,30세,부상신고
2019061700100657,2019년 6월 17일 22시,월요일,서울특별시 중랑구 면목동,경상사고,0,0,1,0,차대차 - 기타,중앙선침범,포장 - 건조,맑음,단일로 - 기타,자전거,남,21세,경상,승용,남,52세,상해없음
2019061700100660,2019년 6월 17일 22시,월요일,서울특별시 송파구 풍납동,중상사고,0,1,1,0,차대사람 - 기타,안전운전불이행,포장 - 건조,맑음,단일로 - 기타,자전거,남,16세,상해없음,보행자,남,44세,중상
2019061800100080,2019년 6월 18일 06시,화요일,서울특별시 동대문구 이문동,중상사고,0,1,0,0,차대차 - 측면충돌,안전운전불이행,포장 - 젖음/습기,비,단일로 - 기타,자전거,남,50세,중상,자전거,남,77세,상해없음
2019061800100365,2019년 6월 18일 15시,화요일,서울특별시 강동구 천호동,경상사고,0,0,1,0,차대차 - 기타,안전운전불이행,포장 - 젖음/습기,비,단일로 - 기타,자전거,여,63세,경상,원동기,남,50세,상해없음
2019061800100430,2019년 6월 18일 17시,화요일,서울특별시 관악구 신림동,경상사고,0,0,1,0,차대차 - 측면충돌,안전운전불이행,포장 - 건조,맑음,단일로 - 기타,자전거,남,84세,경상,승합,남,53세,상해없음
2019061800100456,2019년 6월 18일 18시,화요일,서울특별시 금천구 가산동,경상사고,0,0,1,0,차대차 - 기타,안전운전불이행,포장 - 건조,흐림,단일로 - 기타,자전거,남,58세,기타불명,이륜,남,29세,경상
2019061800100615,2019년 6월 18일 22시,화요일,서울특별시 강북구 미아동,경상사고,0,0,1,0,차대차 - 측면충돌,안전운전불이행,포장 - 건조,맑음,교차로 - 교차로안,자전거,남,49세,경상,승용,남,46세,상해없음
2019061800100624,2019년 6월 18일 22시,화요일,서울특별시 노원구 상계동,경상사고,0,0,1,0,차대차 - 추돌,안전운전불이행,포장 - 젖음/습기,비,단일로 - 기타,자전거,남,16세,경상,기타불명,기타불명,미분류,기타불명
2019061900100261,2019년 6월 19일 12시,수요일,서울특별시 광진구 자양동,부상신고사고,0,0,0,1,차대차 - 측면충돌,안전운전불이행,포장 - 건조,맑음,단일로 - 기타,자전거,남,61세,부상신고,화물,남,39세,상해없음
2019061900100418,2019년 6월 19일 17시,수요일,서울특별시 동대문구 답십리동,부상신고사고,0,0,0,1,차량단독 - 전도전복 - 전도,안전운전불이행,포장 - 건조,맑음,단일로 - 기타,자전거,남,43세,부상신고,,,,
2019061900100638,2019년 6월 19일 23시,수요일,서울특별시 강북구 수유동,경상사고,0,0,1,0,차량단독 - 기타,안전운전불이행,포장 - 서리/결빙,맑음,단일로 - 기타,자전거,여,47세,경상,,,,
2019062000100175,2019년 6월 20일 09시,목요일,서울특별시 금천구 시흥동,경상사고,0,0,1,0,차대차 - 측면충돌,안전운전불이행,포장 - 건조,맑음,단일로 - 기타,자전거,남,57세,상해없음,자전거,남,49세,경상
2019062000100273,2019년 6월 20일 12시,목요일,서울특별시 양천구 신정동,경상사고,0,0,1,0,차대사람 - 보도통행중,안전운전불이행,포장 - 건조,맑음,단일로 - 기타,자전거,기타불명,미분류,기타불명,보행자,여,19세,경상
2019062000100335,2019년 6월 20일 14시,목요일,서울특별시 양천구 신월동,중상사고,0,1,0,0,차대사람 - 보도통행중,기타,포장 - 건조,맑음,단일로 - 기타,자전거,남,11세,상해없음,보행자,여,42세,중상
2019062000100364,2019년 6월 20일 15시,목요일,서울특별시 강남구 역삼동,부상신고사고,0,0,0,1,차대사람 - 보도통행중,기타,포장 - 건조,맑음,단일로 - 기타,자전거,여,37세,기타불명,보행자,여,10세,부상신고
2019062000100407,2019년 6월 20일 16시,목요일,서울특별시 구로구 궁동,경상사고,0,0,1,0,차대차 - 측면충돌,안전운전불이행,포장 - 건조,맑음,단일로 - 기타,자전거,남,61세,경상,승합,남,52세,상해없음
2019062000100448,2019년 6월 20일 17시,목요일,서울특별시 노원구 월계동,중상사고,0,1,0,0,차대차 - 기타,안전운전불이행,포장 - 건조,맑음,교차로 - 교차로부근,자전거,남,10세,중상,승용,남,63세,상해없음
2019062000100605,2019년 6월 20일 21시,목요일,서울특별시 광진구 자양동,경상사고,0,0,2,0,차대사람 - 기타,안전운전불이행,포장 - 젖음/습기,비,단일로 - 기타,자전거,남,28세,상해없음,보행자,여,24세,경상
2019062100100056,2019년 6월 21일 03시,금요일,서울특별시 강남구 논현동,경상사고,0,0,1,0,차량단독 - 기타,안전운전불이행,포장 - 건조,맑음,단일로 - 기타,자전거,남,58세,경상,,,,
2019062100100111,2019년 6월 21일 08시,금요일,서울특별시 강동구 성내동,경상사고,0,0,1,0,차대사람 - 보도통행중,기타,포장 - 건조,맑음,기타 - 기타,자전거,여,25세,상해없음,보행자,여,23세,경상
2019062100100152,2019년 6월 21일 09시,금요일,서울특별시 서초구 잠원동,경상사고,0,0,1,1,차대차 - 추돌,안전운전불이행,포장 - 건조,맑음,단일로 - 기타,자전거,남,57세,부상신고,자전거,남,36세,경상
2019062100100215,2019년 6월 21일 11시,금요일,서울특별시 광진구 자양동,부상신고사고,0,0,0,1,차대차 - 측면충돌,신호위반,포장 - 건조,맑음,교차로 - 교차로안,자전거,남,49세,부상신고,승용,남,51세,상해없음
2019062100100395,2019년 6월 21일 16시,금요일,서울특별시 노원구 공릉동,중상사고,0,1,0,0,차대사람 - 횡단중,안전운전불이행,포장 - 건조,맑음,기타 - 기타,자전거,남,15세,상해없음,보행자,여,72세,중상
2019062100100727,2019년 6월 21일 23시,금요일,서울특별시 도봉구 방학동,중상사고,0,1,3,0,차대차 - 기타,신호위반,포장 - 건조,맑음,교차로 - 교차로안,자전거,남,77세,중상,승용,여,35세,경상
2019062200100202,2019년 6월 22일 10시,토요일,서울특별시 마포구 동교동,중상사고,0,1,0,0,차대차 - 측면충돌,안전운전불이행,포장 - 건조,맑음,단일로 - 기타,자전거,남,54세,상해없음,자전거,남,71세,중상
2019062200100330,2019년 6월 22일 13시,토요일,서울특별시 종로구 혜화동,부상신고사고,0,0,0,1,차대사람 - 횡단중,보행자보호의무위반,포장 - 건조,맑음,교차로 - 교차로횡단보도내,자전거,여,26세,상해없음,보행자,여,72세,부상신고
2019062200100370,2019년 6월 22일 14시,토요일,서울특별시 광진구 자양동,중상사고,0,1,0,0,차대차 - 측면충돌,안전운전불이행,포장 - 건조,맑음,단일로 - 기타,자전거,여,48세,상해없음,자전거,남,47세,중상
2019062200100414,2019년 6월 22일 15시,토요일,서울특별시 서초구 서초동,부상신고사고,0,0,0,1,차대차 - 측면충돌,안전거리미확보,포장 - 건조,맑음,단일로 - 기타,자전거,남,13세,부상신고,이륜,남,40세,상해없음
2019062200100502,2019년 6월 22일 17시,토요일,서울특별시 강서구 염창동,경상사고,0,0,2,0,차대차 - 추돌,안전운전불이행,포장 - 기타,맑음,단일로 - 기타,자전거,남,13세,경상,자전거,여,28세,경상
2019062300100289,2019년 6월 23일 14시,일요일,서울특별시 강북구 번동,경상사고,0,0,1,0,차대차 - 측면충돌,안전운전불이행,포장 - 건조,맑음,단일로 - 기타,자전거,여,19세,경상,승용,남,22세,상해없음
2019062300100293,2019년 6월 23일 14시,일요일,서울특별시 영등포구 신길동,경상사고,0,0,1,0,차대차 - 측면충돌,안전운전불이행,포장 - 건조,맑음,교차로 - 교차로안,자전거,남,12세,경상,승용,남,44세,상해없음
2019062300100366,2019년 6월 23일 16시,일요일,서울특별시 마포구 망원동,중상사고,0,1,0,1,차대사람 - 기타,안전운전불이행,포장 - 건조,맑음,단일로 - 기타,자전거,남,43세,부상신고,보행자,여,66세,중상
2019062300100406,2019년 6월 23일 17시,일요일,서울특별시 영등포구 여의도동,경상사고,0,0,1,0,차대차 - 측면충돌,안전운전불이행,포장 - 건조,맑음,기타 - 기타,자전거,남,23세,경상,자전거,남,24세,상해없음
2019062300100481,2019년 6월 23일 19시,일요일,서울특별시 서대문구 북가좌동,부상신고사고,0,0,0,1,차대차 - 기타,안전운전불이행,포장 - 건조,맑음,교차로 - 교차로횡단보도내,자전거,남,66세,부상신고,화물,남,49세,상해없음
2019062300100513,2019년 6월 23일 20시,일요일,서울특별시 송파구 방이동,부상신고사고,0,0,0,1,차대차 - 측면충돌,기타,포장 - 건조,맑음,교차로 - 교차로안,자전거,남,52세,부상신고,승용,여,25세,상해없음
2019062300100573,2019년 6월 23일 22시,일요일,서울특별시 양천구 신정동,부상신고사고,0,0,0,1,차대차 - 기타,안전운전불이행,포장 - 건조,맑음,기타 - 기타,자전거,여,36세,부상신고,승용,남,64세,상해없음
2019062400100110,2019년 6월 24일 08시,월요일,서울특별시 영등포구 신길동,중상사고,0,1,0,0,차대차 - 기타,안전운전불이행,포장 - 건조,맑음,교차로 - 교차로안,자전거,남,67세,중상,승용,남,46세,상해없음
2019062400100112,2019년 6월 24일 08시,월요일,서울특별시 중랑구 망우동,경상사고,0,0,1,0,차대차 - 정면충돌,중앙선침범,포장 - 건조,맑음,단일로 - 기타,자전거,여,27세,경상,이륜,여,48세,상해없음
2019062400100173,2019년 6월 24일 09시,월요일,서울특별시 성동구 사근동,중상사고,0,1,0,0,차대차 - 측면충돌,안전운전불이행,포장 - 건조,맑음,교차로 - 교차로안,자전거,남,40세,상해없음,자전거,남,34세,중상
2019062400100321,2019년 6월 24일 13시,월요일,서울특별시 구로구 천왕동,경상사고,0,0,1,0,차량단독 - 전도전복 - 전도,안전운전불이행,포장 - 건조,맑음,단일로 - 기타,자전거,남,47세,경상,,,,
2019062400100435,2019년 6월 24일 16시,월요일,서울특별시 양천구 신월동,부상신고사고,0,0,0,1,차대차 - 측면충돌,안전운전불이행,포장 - 건조,맑음,교차로 - 교차로안,자전거,남,16세,부상신고,승용,남,61세,상해없음
2019062400100480,2019년 6월 24일 17시,월요일,서울특별시 강동구 명일동,경상사고,0,0,1,0,차대차 - 측면충돌,안전운전불이행,포장 - 건조,맑음,단일로 - 기타,자전거,남,15세,경상,승용,여,29세,상해없음
2019062400100483,2019년 6월 24일 17시,월요일,서울특별시 양천구 신정동,경상사고,0,0,1,0,차대차 - 기타,안전운전불이행,포장 - 건조,맑음,단일로 - 기타,자전거,남,19세,상해없음,승합,남,47세,상해없음
2019062400100684,2019년 6월 24일 22시,월요일,서울특별시 동대문구 휘경동,부상신고사고,0,0,0,1,차대차 - 측면충돌,안전운전불이행,포장 - 건조,맑음,기타 - 기타,자전거,남,44세,상해없음,자전거,남,23세,부상신고
2019062500100022,2019년 6월 25일 00시,화요일,서울특별시 강북구 번동,사망사고,1,0,0,0,차대차 - 정면충돌,중앙선침범,포장 - 건조,맑음,단일로 - 기타,자전거,남,59세,사망,승용,남,62세,상해없음
2019062500100026,2019년 6월 25일 00시,화요일,서울특별시 서초구 방배동,경상사고,0,0,1,0,차대차 - 기타,안전운전불이행,포장 - 건조,맑음,기타 - 기타,자전거,남,49세,경상,승용,남,19세,상해없음
2019062500100114,2019년 6월 25일 08시,화요일,서울특별시 영등포구 당산동,중상사고,0,1,0,0,차대차 - 기타,안전운전불이행,포장 - 건조,맑음,교차로 - 교차로안,자전거,남,38세,상해없음,자전거,남,64세,중상
2019062500100119,2019년 6월 25일 08시,화요일,서울특별시 송파구 장지동,경상사고,0,0,1,0,차대차 - 기타,안전운전불이행,포장 - 건조,맑음,교차로 - 교차로안,자전거,여,50세,상해없음,자전거,여,33세,경상
2019062500100236,2019년 6월 25일 11시,화요일,서울특별시 영등포구 문래동6가,경상사고,0,0,2,0,차대사람 - 횡단중,보행자보호의무위반,포장 - 건조,맑음,교차로 - 교차로횡단보도내,자전거,여,45세,경상,보행자,여,23세,경상
2019062500100422,2019년 6월 25일 16시,화요일,서울특별시 강동구 천호동,경상사고,0,0,1,0,차대차 - 측면충돌,직진우회전진행방해,포장 - 건조,맑음,교차로 - 교차로안,자전거,여,75세,경상,화물,남,44세,기타불명
2019062500100424,2019년 6월 25일 16시,화요일,서울특별시 노원구 상계동,부상신고사고,0,0,0,1,차대차 - 측면충돌,안전운전불이행,포장 - 건조,맑음,단일로 - 기타,자전거,남,13세,부상신고,승용,남,34세,상해없음
2019062500100669,2019년 6월 25일 21시,화요일,서울특별시 영등포구 양평동6가,경상사고,0,0,1,0,차대차 - 측면충돌,중앙선침범,포장 - 건조,맑음,단일로 - 기타,자전거,남,39세,경상,승용,남,19세,상해없음
2019062500100707,2019년 6월 25일 22시,화요일,서울특별시 노원구 공릉동,중상사고,0,1,0,0,차대차 - 기타,안전운전불이행,포장 - 건조,맑음,교차로 - 교차로안,자전거,남,46세,중상,승용,남,37세,상해없음
2019062500100708,2019년 6월 25일 22시,화요일,서울특별시 강남구 역삼동,부상신고사고,0,0,0,1,차대차 - 기타,안전운전불이행,포장 - 건조,맑음,교차로 - 교차로안,자전거,여,30세,부상신고,승용,남,61세,상해없음
2019062600100147,2019년 6월 26일 09시,수요일,서울특별시 송파구 거여동,경상사고,0,0,1,0,차대사람 - 보도통행중,안전운전불이행,포장 - 건조,맑음,단일로 - 기타,자전거,여,19세,상해없음,보행자,여,73세,경상
2019062600100260,2019년 6월 26일 12시,수요일,서울특별시 동대문구 휘경동,경상사고,0,0,1,0,차대사람 - 횡단중,신호위반,포장 - 건조,맑음,교차로 - 교차로횡단보도내,자전거,남,54세,상해없음,보행자,여,63세,경상
2019062600100408,2019년 6월 26일 16시,수요일,서울특별시 동작구 신대방동,경상사고,0,0,1,0,차대사람 - 기타,기타,포장 - 건조,맑음,기타 - 기타,자전거,여,58세,상해없음,보행자,여,59세,경상
2019062600100410,2019년 6월 26일 16시,수요일,서울특별시 중랑구 면목동,부상신고사고,0,0,0,4,차대차 - 측면충돌,교차로운행방법위반,포장 - 건조,맑음,교차로 - 교차로안,자전거,여,62세,부상신고,승용,남,60세,상해없음
2019062600100569,2019년 6월 26일 19시,수요일,서울특별시 강남구 일원동,부상신고사고,0,0,0,1,차대차 - 기타,안전운전불이행,포장 - 건조,맑음,교차로 - 교차로부근,자전거,남,9세,부상신고,승용,여,40세,상해없음
2019062700100085,2019년 6월 27일 07시,목요일,서울특별시 강서구 화곡동,경상사고,0,0,1,0,차대차 - 기타,안전운전불이행,포장 - 건조,맑음,교차로 - 교차로부근,자전거,남,26세,경상,승용,남,25세,상해없음
2019062700100207,2019년 6월 27일 10시,목요일,서울특별시 송파구 거여동,경상사고,0,0,1,0,차대차 - 측면충돌,안전거리미확보,포장 - 건조,맑음,단일로 - 기타,자전거,남,53세,경상,승용,남,57세,상해없음
2019062700100236,2019년 6월 27일 11시,목요일,서울특별시 노원구 상계동,중상사고,0,1,0,0,차대사람 - 기타,안전운전불이행,포장 - 건조,맑음,기타 - 기타,자전거,남,67세,상해없음,보행자,여,23세,중상
2019062700100297,2019년 6월 27일 13시,목요일,서울특별시 강북구 미아동,경상사고,0,0,1,0,차대차 - 측면충돌,중앙선침범,포장 - 건조,맑음,단일로 - 기타,자전거,남,69세,기타불명,이륜,남,21세,경상
2019062700100331,2019년 6월 27일 14시,목요일,서울특별시 관악구 신림동,부상신고사고,0,0,0,1,차대차 - 측면충돌,신호위반,포장 - 건조,맑음,교차로 - 교차로부근,자전거,여,60세,부상신고,승용,여,41세,상해없음
2019062700100411,2019년 6월 27일 16시,목요일,서울특별시 노원구 중계동,경상사고,0,0,1,0,차대사람 - 기타,안전운전불이행,포장 - 건조,흐림,단일로 - 기타,자전거,남,66세,상해없음,보행자,남,16세,경상
2019062700100590,2019년 6월 27일 21시,목요일,서울특별시 송파구 장지동,경상사고,0,0,1,0,차대차 - 측면충돌,안전운전불이행,포장 - 건조,맑음,교차로 - 교차로횡단보도내,자전거,여,26세,경상,승용,여,22세,상해없음
2019062800100066,2019년 6월 28일 04시,금요일,서울특별시 송파구 잠실동,경상사고,0,0,1,0,차대차 - 추돌,안전운전불이행,포장 - 건조,맑음,단일로 - 기타,자전거,남,70세,상해없음,자전거,남,58세,경상
2019062800100095,2019년 6월 28일 07시,금요일,서울특별시 강남구 자곡동,중상사고,0,1,0,0,차대차 - 측면충돌,안전운전불이행,포장 - 건조,맑음,단일로 - 기타,자전거,여,65세,중상,승용,여,57세,상해없음
2019062800100336,2019년 6월 28일 14시,금요일,서울특별시 은평구 응암동,부상신고사고,0,0,0,1,차대차 - 측면충돌,안전운전불이행,포장 - 건조,맑음,단일로 - 기타,자전거,여,62세,부상신고,승용,여,36세,상해없음
2019062800100464,2019년 6월 28일 17시,금요일,서울특별시 영등포구 신길동,경상사고,0,0,1,0,차대사람 - 보도통행중,보행자보호의무위반,포장 - 건조,맑음,교차로 - 교차로안,자전거,남,47세,상해없음,보행자,여,57세,경상
2019062800100468,2019년 6월 28일 17시,금요일,서울특별시 송파구 풍납동,부상신고사고,0,0,0,1,차대차 - 측면충돌,안전운전불이행,포장 - 건조,맑음,단일로 - 기타,자전거,남,51세,부상신고,승용,남,64세,상해없음
2019062800100469,2019년 6월 28일 17시,금요일,서울특별시 구로구 구로동,중상사고,0,1,0,0,차대차 - 측면충돌,안전운전불이행,포장 - 건조,맑음,교차로 - 교차로부근,자전거,남,71세,상해없음,승용,여,34세,중상
2019062800100502,2019년 6월 28일 18시,금요일,서울특별시 강북구 미아동,경상사고,0,0,1,0,차대차 - 측면충돌,안전운전불이행,포장 - 건조,맑음,교차로 - 교차로안,자전거,남,60세,상해없음,이륜,남,46세,경상
2019062800100508,2019년 6월 28일 18시,금요일,서울특별시 강서구 개화동,경상사고,0,0,1,0,차대차 - 측면충돌,안전거리미확보,포장 - 건조,맑음,단일로 - 기타,자전거,남,48세,상해없음,자전거,남,77세,경상
2019062800100509,2019년 6월 28일 18시,금요일,서울특별시 강동구 성내동,부상신고사고,0,0,0,1,차대차 - 기타,안전운전불이행,포장 - 건조,맑음,교차로 - 교차로부근,자전거,남,31세,부상신고,승용,여,41세,상해없음
2019062800100589,2019년 6월 28일 20시,금요일,서울특별시 마포구 마포동,경상사고,0,0,1,0,차대차 - 측면충돌,불법유턴,포장 - 건조,맑음,단일로 - 기타,자전거,남,13세,경상,승용,여,44세,상해없음
2019062800100637,2019년 6월 28일 21시,금요일,서울특별시 구로구 신도림동,부상신고사고,0,0,0,1,차대차 - 측면충돌,교차로운행방법위반,포장 - 건조,맑음,교차로 - 교차로횡단보도내,자전거,남,54세,부상신고,승용,여,38세,상해없음
2019062800100676,2019년 6월 28일 22시,금요일,서울특별시 송파구 잠실동,경상사고,0,0,1,0,차대사람 - 기타,보행자보호의무위반,포장 - 건조,맑음,교차로 - 교차로횡단보도내,자전거,남,13세,상해없음,보행자,남,6세,경상
2019062900100214,2019년 6월 29일 11시,토요일,서울특별시 동대문구 답십리동,경상사고,0,0,1,0,차대차 - 기타,중앙선침범,포장 - 건조,맑음,교차로 - 교차로부근,자전거,남,10세,상해없음,이륜,여,30세,경상
2019062900100370,2019년 6월 29일 15시,토요일,서울특별시 광진구 자양동,경상사고,0,0,1,0,차대차 - 측면충돌,안전운전불이행,포장 - 건조,흐림,교차로 - 교차로안,자전거,여,81세,경상,승용,여,59세,상해없음
2019062900100376,2019년 6월 29일 15시,토요일,서울특별시 송파구 풍납동,경상사고,0,0,1,0,차대차 - 기타,안전운전불이행,포장 - 건조,맑음,단일로 - 기타,자전거,남,56세,경상,승합,남,59세,상해없음
2019062900100404,2019년 6월 29일 16시,토요일,서울특별시 강북구 미아동,경상사고,0,0,3,0,차대차 - 측면충돌,중앙선침범,포장 - 건조,맑음,교차로 - 교차로안,자전거,여,47세,경상,승용,남,48세,상해없음
2019062900100451,2019년 6월 29일 17시,토요일,서울특별시 강남구 일원동,경상사고,0,0,1,0,차대차 - 측면충돌,안전운전불이행,포장 - 건조,맑음,단일로 - 기타,자전거,남,37세,경상,승용,여,65세,상해없음
2019062900100492,2019년 6월 29일 18시,토요일,서울특별시 은평구 증산동,부상신고사고,0,0,0,1,차대사람 - 기타,안전운전불이행,포장 - 건조,맑음,단일로 - 기타,자전거,남,29세,상해없음,보행자,여,4세,부상신고
2019062900100494,2019년 6월 29일 18시,토요일,서울특별시 송파구 잠실동,경상사고,0,0,1,0,차대차 - 측면충돌,안전운전불이행,포장 - 건조,맑음,단일로 - 기타,자전거,남,14세,상해없음,자전거,남,50세,경상
2019062900100524,2019년 6월 29일 19시,토요일,서울특별시 마포구 상암동,중상사고,0,1,0,0,차대사람 - 횡단중,안전운전불이행,포장 - 건조,맑음,단일로 - 기타,자전거,남,50세,중상,보행자,여,41세,상해없음
2019062900100584,2019년 6월 29일 21시,토요일,서울특별시 강동구 암사동,경상사고,0,0,1,0,차대사람 - 보도통행중,안전운전불이행,포장 - 건조,맑음,기타 - 기타,자전거,남,62세,상해없음,보행자,남,59세,경상
2019063000100069,2019년 6월 30일 04시,일요일,서울특별시 중랑구 중화동,중상사고,0,1,0,0,차대차 - 기타,차로위반,포장 - 건조,흐림,단일로 - 지하차도(도로)내,자전거,남,12세,중상,승용,남,26세,상해없음
2019063000100152,2019년 6월 30일 11시,일요일,서울특별시 은평구 수색동,부상신고사고,0,0,0,1,차대차 - 측면충돌,안전운전불이행,포장 - 건조,맑음,기타 - 기타,자전거,남,65세,부상신고,승용,남,41세,상해없음
2019063000100176,2019년 6월 30일 12시,일요일,서울특별시 구로구 구로동,경상사고,0,0,1,0,차대사람 - 기타,안전운전불이행,포장 - 건조,맑음,단일로 - 기타,자전거,남,25세,상해없음,보행자,여,2세,경상
2019063000100205,2019년 6월 30일 13시,일요일,서울특별시 광진구 광장동,부상신고사고,0,0,0,1,차대차 - 추돌,안전운전불이행,포장 - 건조,맑음,단일로 - 기타,자전거,남,14세,부상신고,승용,남,29세,상해없음
2019063000100315,2019년 6월 30일 17시,일요일,서울특별시 성북구 돈암동,경상사고,0,0,1,0,차대차 - 측면충돌,신호위반,포장 - 건조,맑음,단일로 - 기타,자전거,남,14세,경상,승용,남,42세,상해없음
2019063000100317,2019년 6월 30일 17시,일요일,서울특별시 도봉구 도봉동,중상사고,0,1,0,0,차대차 - 측면충돌,직진우회전진행방해,포장 - 건조,흐림,교차로 - 교차로안,자전거,여,24세,중상,승용,여,34세,상해없음
2019063000100408,2019년 6월 30일 21시,일요일,서울특별시 도봉구 창동,부상신고사고,0,0,0,1,차대사람 - 기타,안전운전불이행,포장 - 건조,맑음,단일로 - 기타,자전거,남,14세,상해없음,보행자,남,48세,부상신고
2019070100100071,2019년 7월 1일 06시,월요일,서울특별시 서대문구 남가좌동,경상사고,0,0,1,0,차대차 - 기타,안전운전불이행,포장 - 건조,맑음,단일로 - 기타,자전거,여,64세,경상,승용,남,54세,상해없음
2019070100100338,2019년 7월 1일 14시,월요일,서울특별시 강동구 천호동,경상사고,0,0,1,0,차대차 - 기타,안전거리미확보,포장 - 건조,맑음,단일로 - 기타,자전거,남,22세,상해없음,이륜,남,63세,경상
2019070100100427,2019년 7월 1일 16시,월요일,서울특별시 광진구 자양동,경상사고,0,0,1,0,차대차 - 기타,기타,포장 - 건조,맑음,교차로 - 교차로안,자전거,남,15세,경상,승합,남,41세,상해없음
2019070100100506,2019년 7월 1일 18시,월요일,서울특별시 은평구 응암동,부상신고사고,0,0,0,1,차대차 - 측면충돌,안전운전불이행,포장 - 건조,맑음,교차로 - 교차로안,자전거,남,8세,부상신고,승용,여,30세,상해없음
2019070200100037,2019년 7월 2일 00시,화요일,서울특별시 강남구 삼성동,경상사고,0,0,1,0,차대차 - 측면충돌,안전운전불이행,포장 - 건조,맑음,단일로 - 기타,자전거,여,19세,경상,승용,남,39세,상해없음
2019070200100122,2019년 7월 2일 08시,화요일,서울특별시 송파구 오금동,부상신고사고,0,0,0,1,차대차 - 측면충돌,중앙선침범,포장 - 건조,맑음,단일로 - 기타,자전거,남,66세,부상신고,승용,남,62세,상해없음
2019070200100169,2019년 7월 2일 09시,화요일,서울특별시 송파구 거여동,경상사고,0,0,1,0,차대차 - 정면충돌,안전운전불이행,포장 - 건조,기타,교차로 - 교차로부근,자전거,여,69세,경상,승용,남,39세,상해없음
2019070200100321,2019년 7월 2일 14시,화요일,서울특별시 중랑구 면목동,경상사고,0,0,1,0,차대차 - 기타,안전운전불이행,포장 - 건조,맑음,단일로 - 기타,자전거,남,71세,경상,승용,남,68세,상해없음
2019070300100059,2019년 7월 3일 06시,수요일,서울특별시 관악구 봉천동,경상사고,0,0,1,0,차대차 - 측면충돌,차로위반,포장 - 건조,맑음,교차로 - 교차로부근,자전거,남,72세,경상,승용,여,27세,상해없음
2019070300100103,2019년 7월 3일 08시,수요일,서울특별시 송파구 삼전동,경상사고,0,0,1,0,차대차 - 측면충돌,안전운전불이행,포장 - 건조,맑음,교차로 - 교차로횡단보도내,자전거,여,69세,경상,승용,남,40세,상해없음
2019070300100105,2019년 7월 3일 08시,수요일,서울특별시 도봉구 도봉동,부상신고사고,0,0,0,3,차대차 - 추돌,안전운전불이행,포장 - 건조,맑음,교차로 - 교차로안,자전거,여,48세,부상신고,자전거,남,43세,부상신고
2019070300100149,2019년 7월 3일 09시,수요일,서울특별시 송파구 삼전동,부상신고사고,0,0,0,1,차대차 - 측면충돌,안전운전불이행,포장 - 건조,맑음,단일로 - 기타,자전거,여,48세,부상신고,승용,여,38세,기타불명
2019070300100300,2019년 7월 3일 14시,수요일,서울특별시 마포구 상암동,부상신고사고,0,0,0,1,차대차 - 기타,안전운전불이행,포장 - 건조,맑음,기타 - 기타,자전거,남,77세,부상신고,승용,남,34세,상해없음