사고번호,사고일시,요일,시군구,사고내용,사망자수,중상자수,경상자수,부상신고자수,사고유형,법규위반,노면상태,기상상태,도로형태,가해운전자 차종,가해운전자 성별,가해운전자 연령,가해운전자 상해정도,피해운전자 차종,피해운전자 성별,피해운전자 연령,피해운전자 상해정도
2019070300100305,2019년 7월 3일 14시,수요일,서울특별시 노원구 공릉동,중상사고,0,1,0,0,차대차 - 측면충돌,신호위반,포장 - 건조,맑음,교차로 - 교차로안,자전거,남,59세,중상,승용,남,75세,상해없음
2019070300100469,2019년 7월 3일 18시,수요일,서울특별시 영등포구 문래동6가,경상사고,0,0,3,0,차대차 - 기타,안전운전불이행,포장 - 건조,맑음,단일로 - 기타,자전거,남,53세,경상,자전거,남,50세,경상
2019070300100474,2019년 7월 3일 18시,수요일,서울특별시 송파구 잠실동,중상사고,0,1,1,0,차대차 - 추돌,안전운전불이행,포장 - 건조,맑음,단일로 - 기타,자전거,남,18세,경상,자전거,여,42세,중상
2019070400100060,2019년 7월 4일 05시,목요일,서울특별시 광진구 구의동,경상사고,0,0,1,0,차대차 - 측면충돌,직진우회전진행방해,포장 - 건조,맑음,교차로 - 교차로안,자전거,남,24세,경상,승용,남,29세,상해없음
2019070400100069,2019년 7월 4일 06시,목요일,서울특별시 송파구 잠실동,경상사고,0,0,1,0,차대차 - 측면충돌,안전거리미확보,포장 - 건조,맑음,교차로 - 교차로부근,자전거,남,62세,경상,승합,남,49세,상해없음
2019070400100177,2019년 7월 4일 09시,목요일,서울특별시 성북구 하월곡동,중상사고,0,1,0,0,차량단독 - 전도전복 - 전도,안전운전불이행,포장 - 건조,맑음,교차로 - 교차로안,자전거,남,46세,중상,,,,
2019070400100216,2019년 7월 4일 10시,목요일,서울특별시 광진구 화양동,부상신고사고,0,0,0,1,차대차 - 기타,불법유턴,포장 - 건조,맑음,교차로 - 교차로안,자전거,여,28세,부상신고,승용,여,42세,상해없음
2019070400100347,2019년 7월 4일 14시,목요일,서울특별시 동대문구 장안동,경상사고,0,0,1,0,차대차 - 추돌,안전운전불이행,포장 - 건조,맑음,기타 - 기타,자전거,여,59세,상해없음,자전거,여,45세,경상
2019070400100416,2019년 7월 4일 16시,목요일,서울특별시 서초구 잠원동,부상신고사고,0,0,0,1,차대차 - 측면충돌,신호위반,포장 - 건조,맑음,교차로 - 교차로부근,자전거,남,16세,부상신고,승용,여,38세,상해없음
2019070400100501,2019년 7월 4일 18시,목요일,서울특별시 마포구 마포동,경상사고,0,0,1,0,차대차 - 기타,안전운전불이행,포장 - 건조,맑음,기타 - 기타,자전거,남,52세,상해없음,자전거,남,43세,경상
2019070400100505,2019년 7월 4일 18시,목요일,서울특별시 강동구 성내동,경상사고,0,0,1,0,차대사람 - 기타,기타,포장 - 건조,맑음,기타 - 기타,자전거,남,71세,상해없음,보행자,여,86세,경상
2019070400100575,2019년 7월 4일 20시,목요일,서울특별시 강북구 번동,중상사고,0,1,1,0,차대사람 - 횡단중,기타,포장 - 건조,맑음,교차로 - 교차로안,자전거,남,66세,경상,보행자,여,13세,중상
2019070400100578,2019년 7월 4일 20시,목요일,서울특별시 노원구 상계동,부상신고사고,0,0,0,2,차대차 - 측면충돌,안전운전불이행,포장 - 건조,맑음,기타 - 기타,자전거,여,8세,부상신고,자전거,여,44세,부상신고
2019070400100599,2019년 7월 4일 21시,목요일,서울특별시 송파구 신천동,경상사고,0,0,1,0,차대차 - 측면충돌,안전운전불이행,포장 - 건조,맑음,기타 - 기타,자전거,남,62세,경상,자전거,남,48세,상해없음
2019070400100621,2019년 7월 4일 22시,목요일,서울특별시 동대문구 제기동,경상사고,0,0,1,0,차대차 - 측면충돌,안전운전불이행,포장 - 건조,맑음,교차로 - 교차로부근,자전거,여,25세,경상,화물,남,58세,상해없음
2019070500100090,2019년 7월 5일 07시,금요일,서울특별시 금천구 가산동,경상사고,0,0,1,0,차대차 - 측면충돌,안전운전불이행,포장 - 건조,맑음,단일로 - 기타,자전거,남,63세,경상,자전거,남,68세,상해없음
2019070500100091,2019년 7월 5일 07시,금요일,서울특별시 동작구 사당동,중상사고,0,1,0,0,차대사람 - 차도통행중,안전운전불이행,포장 - 건조,맑음,단일로 - 기타,자전거,남,33세,상해없음,보행자,여,27세,중상
2019070500100180,2019년 7월 5일 09시,금요일,서울특별시 광진구 중곡동,부상신고사고,0,0,0,1,차대차 - 측면충돌,안전운전불이행,포장 - 건조,맑음,단일로 - 기타,자전거,여,28세,부상신고,승용,남,56세,상해없음
2019070500100263,2019년 7월 5일 12시,금요일,서울특별시 강북구 수유동,중상사고,0,1,0,0,차대차 - 측면충돌,직진우회전진행방해,포장 - 건조,맑음,교차로 - 교차로안,자전거,남,62세,중상,이륜,남,34세,상해없음
2019070500100265,2019년 7월 5일 12시,금요일,서울특별시 영등포구 문래동6가,경상사고,0,0,1,0,차량단독 - 공작물충돌,중앙선침범,포장 - 건조,맑음,교차로 - 교차로부근,자전거,남,14세,경상,,,,
2019070500100300,2019년 7월 5일 13시,금요일,서울특별시 노원구 상계동,부상신고사고,0,0,0,1,차대차 - 기타,안전운전불이행,포장 - 건조,맑음,기타 - 기타,자전거,기타불명,미분류,기타불명,자전거,여,44세,부상신고
2019070500100415,2019년 7월 5일 16시,금요일,서울특별시 강동구 천호동,경상사고,0,0,1,0,차대사람 - 기타,안전운전불이행,포장 - 건조,맑음,단일로 - 기타,자전거,남,7세,상해없음,보행자,여,67세,경상
2019070500100461,2019년 7월 5일 17시,금요일,서울특별시 서대문구 창천동,부상신고사고,0,0,0,1,차대차 - 측면충돌,안전운전불이행,포장 - 건조,맑음,교차로 - 교차로안,자전거,남,41세,부상신고,원동기,남,25세,상해없음
2019070500100573,2019년 7월 5일 19시,금요일,서울특별시 마포구 망원동,경상사고,0,0,1,0,차대사람 - 횡단중,안전운전불이행,포장 - 건조,맑음,기타 - 기타,자전거,남,42세,상해없음,보행자,남,67세,경상
2019070500100630,2019년 7월 5일 21시,금요일,서울특별시 서초구 반포동,경상사고,0,0,1,0,차대차 - 측면충돌,불법유턴,포장 - 건조,맑음,교차로 - 교차로부근,자전거,남,14세,경상,승용,여,41세,상해없음
2019070500100631,2019년 7월 5일 21시,금요일,서울특별시 양천구 신월동,부상신고사고,0,0,0,1,차대차 - 측면충돌,교차로운행방법위반,포장 - 건조,맑음,교차로 - 교차로안,자전거,여,7세,부상신고,이륜,남,37세,상해없음
2019070500100664,2019년 7월 5일 22시,금요일,서울특별시 동작구 노량진동,중상사고,0,1,0,0,차대사람 - 기타,안전운전불이행,포장 - 건조,맑음,단일로 - 기타,자전거,남,18세,상해없음,보행자,남,18세,중상
2019070600100343,2019년 7월 6일 13시,토요일,서울특별시 동대문구 장안동,경상사고,0,0,1,0,차대사람 - 횡단중,안전운전불이행,포장 - 건조,맑음,단일로 - 기타,자전거,남,59세,경상,보행자,남,15세,상해없음
2019070600100385,2019년 7월 6일 14시,토요일,서울특별시 서대문구 홍제동,부상신고사고,0,0,0,1,차대차 - 측면충돌,안전운전불이행,포장 - 건조,맑음,교차로 - 교차로횡단보도내,자전거,남,8세,부상신고,이륜,남,19세,상해없음
2019070700100284,2019년 7월 7일 15시,일요일,서울특별시 송파구 잠실동,부상신고사고,0,0,0,1,차대사람 - 길가장자리구역통행중,안전운전불이행,포장 - 건조,맑음,단일로 - 기타,자전거,남,13세,상해없음,보행자,남,4세,부상신고
2019070700100359,2019년 7월 7일 17시,일요일,서울특별시 동작구 신대방동,부상신고사고,0,0,0,1,차대사람 - 기타,안전운전불이행,포장 - 건조,맑음,단일로 - 기타,자전거,남,9세,상해없음,보행자,남,84세,부상신고
2019070700100361,2019년 7월 7일 17시,일요일,서울특별시 강남구 대치동,중상사고,0,1,1,0,차대사람 - 기타,안전운전불이행,포장 - 건조,맑음,단일로 - 기타,자전거,남,51세,중상,보행자,여,26세,경상
2019070700100415,2019년 7월 7일 19시,일요일,서울특별시 노원구 중계동,중상사고,0,1,0,0,차대사람 - 기타,안전운전불이행,포장 - 건조,맑음,기타 - 기타,자전거,여,10세,상해없음,보행자,여,45세,중상
2019070700100435,2019년 7월 7일 20시,일요일,서울특별시 영등포구 여의도동,경상사고,0,0,2,0,차대사람 - 기타,안전운전불이행,포장 - 건조,맑음,단일로 - 기타,자전거,남,6세,경상,보행자,남,5세,경상
2019070700100495,2019년 7월 7일 23시,일요일,서울특별시 중구 남대문로4가,부상신고사고,0,0,0,1,차대차 - 측면충돌,안전운전불이행,포장 - 건조,맑음,교차로 - 교차로안,자전거,남,42세,부상신고,승용,남,61세,상해없음
2019070700100498,2019년 7월 7일 23시,일요일,서울특별시 중랑구 묵동,중상사고,0,2,0,0,차대차 - 기타,안전운전불이행,포장 - 건조,맑음,교차로 - 교차로안,자전거,남,45세,중상,자전거,남,31세,중상
2019070800100049,2019년 7월 8일 04시,월요일,서울특별시 은평구 갈현동,경상사고,0,0,1,0,차량단독 - 기타,안전운전불이행,포장 - 건조,맑음,기타 - 기타,자전거,여,40세,상해없음,,,,
2019070800100082,2019년 7월 8일 07시,월요일,서울특별시 강남구 도곡동,부상신고사고,0,0,0,1,차대사람 - 보도통행중,안전운전불이행,포장 - 건조,맑음,기타 - 기타,자전거,남,86세,부상신고,보행자,여,61세,상해없음
2019070800100106,2019년 7월 8일 08시,월요일,서울특별시 강남구 삼성동,경상사고,0,0,1,0,차대차 - 측면충돌,안전운전불이행,포장 - 건조,맑음,단일로 - 기타,자전거,남,27세,경상,승용,남,39세,상해없음
2019070800100166,2019년 7월 8일 09시,월요일,서울특별시 송파구 신천동,부상신고사고,0,0,0,1,차대차 - 측면충돌,안전운전불이행,포장 - 건조,맑음,단일로 - 기타,자전거,남,13세,부상신고,승용,남,63세,상해없음
2019070800100231,2019년 7월 8일 11시,월요일,서울특별시 구로구 구로동,경상사고,0,0,1,0,차대차 - 기타,안전운전불이행,포장 - 건조,맑음,기타 - 기타,자전거,여,55세,경상,승용,남,71세,상해없음
2019070800100233,2019년 7월 8일 11시,월요일,서울특별시 강남구 대치동,경상사고,0,0,2,0,차대차 - 기타,중앙선침범,포장 - 건조,맑음,단일로 - 기타,자전거,남,27세,경상,이륜,남,52세,경상
2019070800100273,2019년 7월 8일 12시,월요일,서울특별시 양천구 목동,부상신고사고,0,0,0,1,차대차 - 기타,안전운전불이행,포장 - 건조,맑음,단일로 - 기타,자전거,여,16세,부상신고,승용,남,49세,상해없음
2019070800100306,2019년 7월 8일 13시,월요일,서울특별시 송파구 가락동,부상신고사고,0,0,0,1,차대사람 - 보도통행중,안전운전불이행,포장 - 건조,맑음,단일로 - 기타,자전거,기타불명,미분류,기타불명,보행자,남,9세,부상신고
2019070800100434,2019년 7월 8일 17시,월요일,서울특별시 동대문구 장안동,경상사고,0,0,1,0,차대사람 - 횡단중,보행자보호의무위반,포장 - 건조,맑음,교차로 - 교차로횡단보도내,자전거,기타불명,미분류,기타불명,보행자,남,6세,경상
2019070800100543,2019년 7월 8일 20시,월요일,서울특별시 강북구 미아동,중상사고,0,1,0,0,차대차 - 측면충돌,안전운전불이행,포장 - 건조,맑음,단일로 - 기타,자전거,남,56세,중상,승합,남,54세,상해없음
2019070900100066,2019년 7월 9일 06시,화요일,서울특별시 성동구 사근동,경상사고,0,0,1,0,차대사람 - 기타,안전운전불이행,포장 - 건조,맑음,기타 - 기타,자전거,여,20세,상해없음,보행자,여,79세,경상
2019070900100123,2019년 7월 9일 08시,화요일,서울특별시 중랑구 면목동,부상신고사고,0,0,0,1,차대차 - 기타,불법유턴,포장 - 건조,맑음,교차로 - 교차로부근,자전거,여,30세,부상신고,승용,남,61세,상해없음
2019070900100174,2019년 7월 9일 09시,화요일,서울특별시 동대문구 신설동,경상사고,0,0,1,1,차대사람 - 기타,기타,포장 - 건조,맑음,기타 - 기타,자전거,남,70세,부상신고,보행자,여,58세,경상
2019070900100310,2019년 7월 9일 13시,화요일,서울특별시 노원구 상계동,경상사고,0,0,1,0,차대사람 - 횡단중,보행자보호의무위반,포장 - 건조,맑음,교차로 - 교차로횡단보도내,자전거,여,21세,경상,보행자,여,45세,상해없음
2019070900100403,2019년 7월 9일 16시,화요일,서울특별시 송파구 오금동,경상사고,0,0,1,0,차대차 - 기타,신호위반,포장 - 건조,맑음,단일로 - 기타,자전거,여,39세,경상,승용,여,51세,상해없음
2019070900100528,2019년 7월 9일 19시,화요일,서울특별시 마포구 성산동,경상사고,0,0,2,0,차대사람 - 기타,안전운전불이행,포장 - 건조,맑음,단일로 - 기타,자전거,여,31세,경상,보행자,여,57세,경상
2019070900100531,2019년 7월 9일 19시,화요일,서울특별시 송파구 잠실동,중상사고,0,1,0,1,차대차 - 추돌,안전운전불이행,포장 - 건조,맑음,단일로 - 기타,자전거,남,45세,부상신고,자전거,남,44세,상해없음
2019070900100558,2019년 7월 9일 20시,화요일,서울특별시 영등포구 신길동,경상사고,0,0,1,0,차대차 - 측면충돌,안전운전불이행,포장 - 건조,맑음,단일로 - 기타,자전거,남,76세,경상,승용,남,37세,상해없음
2019070900100561,2019년 7월 9일 20시,화요일,서울특별시 송파구 송파동,경상사고,0,0,1,0,차대차 - 측면충돌,직진우회전진행방해,포장 - 건조,맑음,교차로 - 교차로안,자전거,남,13세,경상,승용,남,64세,상해없음
2019071000100033,2019년 7월 10일 01시,수요일,서울특별시 양천구 신정동,중상사고,0,1,0,0,차대차 - 기타,안전운전불이행,포장 - 건조,맑음,교차로 - 교차로안,자전거,남,34세,상해없음,이륜,여,68세,중상
2019071000100098,2019년 7월 10일 08시,수요일,서울특별시 영등포구 문래동3가,부상신고사고,0,0,0,1,차대차 - 측면충돌,안전운전불이행,포장 - 건조,맑음,단일로 - 기타,자전거,여,28세,부상신고,화물,남,56세,상해없음
2019071000100135,2019년 7월 10일 09시,수요일,서울특별시 중랑구 묵동,경상사고,0,0,1,0,차대차 - 기타,안전운전불이행,포장 - 건조,맑음,단일로 - 기타,자전거,남,58세,경상,화물,남,65세,기타불명
2019071000100395,2019년 7월 10일 17시,수요일,서울특별시 중랑구 중화동,부상신고사고,0,0,0,1,차대차 - 기타,불법유턴,포장 - 젖음/습기,비,단일로 - 기타,자전거,여,60세,부상신고,승용,남,65세,상해없음
2019071000100499,2019년 7월 10일 19시,수요일,서울특별시 송파구 잠실동,경상사고,0,0,1,0,차대차 - 측면충돌,안전운전불이행,비포장 - 기타,비,단일로 - 기타,자전거,남,61세,경상,승용,남,26세,상해없음
2019071100100086,2019년 7월 11일 06시,목요일,서울특별시 서대문구 남가좌동,중상사고,0,1,0,0,차량단독 - 전도전복 - 전도,안전운전불이행,포장 - 젖음/습기,비,교차로 - 교차로안,자전거,남,77세,중상,,,,
2019071100100290,2019년 7월 11일 13시,목요일,서울특별시 중구 신당동,경상사고,0,0,1,0,차대차 - 측면충돌,신호위반,포장 - 건조,맑음,교차로 - 교차로부근,자전거,남,59세,경상,승용,여,42세,상해없음
2019071100100295,2019년 7월 11일 13시,목요일,서울특별시 양천구 신정동,경상사고,0,0,1,0,차대차 - 측면충돌,안전운전불이행,포장 - 건조,맑음,교차로 - 교차로안,자전거,남,42세,경상,화물,남,60세,상해없음
2019071100100351,2019년 7월 11일 15시,목요일,서울특별시 송파구 송파동,중상사고,0,1,0,0,차대차 - 기타,안전운전불이행,포장 - 건조,맑음,기타 - 기타,자전거,여,69세,중상,승용,여,36세,상해없음
2019071100100469,2019년 7월 11일 18시,목요일,서울특별시 영등포구 대림동,경상사고,0,0,1,0,차대차 - 측면충돌,안전운전불이행,포장 - 건조,흐림,교차로 - 교차로안,자전거,남,59세,경상,승용,남,39세,상해없음
2019071100100511,2019년 7월 11일 19시,목요일,서울특별시 성동구 옥수동,경상사고,0,0,1,0,차대사람 - 횡단중,안전운전불이행,포장 - 건조,맑음,단일로 - 기타,자전거,남,26세,상해없음,보행자,여,78세,경상
2019071100100575,2019년 7월 11일 21시,목요일,서울특별시 영등포구 여의도동,경상사고,0,0,1,0,차대차 - 기타,안전운전불이행,포장 - 건조,맑음,단일로 - 기타,자전거,남,29세,경상,승용,남,72세,상해없음
2019071100100604,2019년 7월 11일 22시,목요일,서울특별시 강남구 도곡동,경상사고,0,0,1,0,차대차 - 기타,안전운전불이행,포장 - 젖음/습기,흐림,단일로 - 기타,자전거,남,19세,경상,승용,여,62세,상해없음
2019071200100243,2019년 7월 12일 11시,금요일,서울특별시 영등포구 양평동,경상사고,0,0,2,0,차대차 - 추돌,안전운전불이행,포장 - 건조,맑음,기타 - 기타,자전거,남,21세,경상,자전거,여,57세,경상
2019071200100363,2019년 7월 12일 14시,금요일,서울특별시 송파구 거여동,경상사고,0,0,1,0,차대차 - 측면충돌,안전거리미확보,포장 - 건조,맑음,단일로 - 교량,자전거,남,81세,경상,승용,여,65세,상해없음
2019071200100535,2019년 7월 12일 18시,금요일,서울특별시 송파구 신천동,중상사고,0,1,1,0,차대차 - 측면충돌,안전운전불이행,포장 - 건조,맑음,단일로 - 기타,자전거,남,13세,중상,자전거,여,59세,경상
2019071200100542,2019년 7월 12일 18시,금요일,서울특별시 강남구 자곡동,경상사고,0,0,1,1,차대사람 - 기타,안전운전불이행,포장 - 건조,맑음,단일로 - 기타,자전거,남,12세,부상신고,보행자,남,5세,경상
2019071200100589,2019년 7월 12일 19시,금요일,서울특별시 영등포구 당산동6가,경상사고,0,0,1,0,차대차 - 기타,안전운전불이행,포장 - 건조,맑음,단일로 - 기타,자전거,남,61세,상해없음,자전거,남,49세,경상
2019071200100593,2019년 7월 12일 19시,금요일,서울특별시 강남구 대치동,부상신고사고,0,0,0,1,차대차 - 기타,기타,포장 - 건조,맑음,단일로 - 기타,자전거,여,47세,부상신고,승용,여,42세,상해없음
2019071300100099,2019년 7월 13일 07시,토요일,서울특별시 종로구 숭인동,경상사고,0,0,1,0,차대차 - 기타,안전운전불이행,포장 - 건조,맑음,교차로 - 교차로부근,자전거,남,30세,경상,기타불명,기타불명,미분류,기타불명
2019071300100102,2019년 7월 13일 07시,토요일,서울특별시 송파구 신천동,중상사고,0,1,1,0,차대차 - 측면충돌,안전운전불이행,포장 - 건조,맑음,교차로 - 교차로안,자전거,남,86세,중상,자전거,남,40세,경상
2019071300100138,2019년 7월 13일 09시,토요일,서울특별시 강동구 암사동,경상사고,0,0,1,0,차대차 - 측면충돌,안전운전불이행,포장 - 건조,맑음,단일로 - 기타,자전거,여,49세,상해없음,자전거,남,73세,경상
2019071300100139,2019년 7월 13일 09시,토요일,서울특별시 구로구 구로동,경상사고,0,0,1,1,차대차 - 측면충돌,신호위반,포장 - 건조,맑음,교차로 - 교차로안,자전거,남,57세,경상,승용,남,74세,부상신고
2019071300100154,2019년 7월 13일 10시,토요일,서울특별시 동대문구 답십리동,경상사고,0,0,1,0,차대차 - 추돌,안전운전불이행,포장 - 건조,맑음,단일로 - 기타,자전거,남,37세,경상,승용,남,56세,상해없음
2019071300100227,2019년 7월 13일 12시,토요일,서울특별시 서초구 내곡동,부상신고사고,0,0,0,1,차대차 - 기타,안전운전불이행,포장 - 건조,맑음,단일로 - 기타,자전거,남,9세,부상신고,승용,남,30세,상해없음
2019071300100518,2019년 7월 13일 20시,토요일,서울특별시 은평구 구산동,경상사고,0,0,1,0,차대차 - 측면충돌,중앙선침범,포장 - 건조,맑음,단일로 - 기타,자전거,남,55세,경상,승용,여,55세,상해없음
2019071300100539,2019년 7월 13일 21시,토요일,서울특별시 노원구 월계동,경상사고,0,0,1,0,차대차 - 측면충돌,차로위반,포장 - 건조,맑음,교차로 - 교차로안,자전거,남,12세,경상,이륜,남,31세,상해없음
2019071300100564,2019년 7월 13일 22시,토요일,서울특별시 강동구 천호동,경상사고,0,0,1,0,차량단독 - 기타,안전운전불이행,포장 - 건조,맑음,단일로 - 기타,자전거,여,32세,경상,,,,
2019071400100120,2019년 7월 14일 09시,일요일,서울특별시 양천구 신정동,중상사고,0,1,0,0,차대사람 - 보도통행중,기타,포장 - 건조,맑음,교차로 - 교차로부근,자전거,남,19세,기타불명,보행자,여,79세,중상
2019071400100190,2019년 7월 14일 12시,일요일,서울특별시 관악구 신림동,경상사고,0,0,2,0,차대차 - 기타,안전운전불이행,포장 - 건조,맑음,단일로 - 기타,자전거,남,83세,경상,자전거,남,29세,경상
2019071400100242,2019년 7월 14일 14시,일요일,서울특별시 금천구 독산동,경상사고,0,0,1,0,차대차 - 측면충돌,직진우회전진행방해,포장 - 건조,맑음,교차로 - 교차로안,자전거,남,50세,경상,승용,남,53세,상해없음
2019071400100376,2019년 7월 14일 18시,일요일,서울특별시 성동구 성수동1가,경상사고,0,0,1,0,차대차 - 기타,안전거리미확보,포장 - 건조,맑음,단일로 - 기타,자전거,남,57세,경상,자전거,여,38세,상해없음
2019071400100379,2019년 7월 14일 18시,일요일,서울특별시 송파구 잠실동,경상사고,0,0,1,1,차대차 - 추돌,안전운전불이행,포장 - 건조,맑음,단일로 - 기타,자전거,남,45세,부상신고,자전거,남,8세,경상
2019071400100427,2019년 7월 14일 20시,일요일,서울특별시 중랑구 면목동,부상신고사고,0,0,0,1,차대차 - 기타,불법유턴,포장 - 건조,맑음,교차로 - 교차로안,자전거,남,14세,부상신고,승용,남,72세,상해없음
2019071400100457,2019년 7월 14일 21시,일요일,서울특별시 서대문구 북가좌동,부상신고사고,0,0,0,1,차대차 - 추돌,안전운전불이행,포장 - 건조,맑음,단일로 - 기타,자전거,여,29세,부상신고,자전거,남,68세,상해없음
2019071500100050,2019년 7월 15일 06시,월요일,서울특별시 송파구 문정동,중상사고,0,1,0,0,차량단독 - 기타,안전운전불이행,포장 - 건조,맑음,기타 - 기타,자전거,남,50세,중상,,,,
2019071500100064,2019년 7월 15일 07시,월요일,서울특별시 영등포구 영등포동4가,경상사고,0,0,1,0,차대차 - 측면충돌,안전운전불이행,포장 - 건조,흐림,교차로 - 교차로부근,자전거,남,58세,경상,승용,여,53세,상해없음
2019071500100146,2019년 7월 15일 09시,월요일,서울특별시 노원구 월계동,경상사고,0,0,1,0,차대차 - 측면충돌,안전운전불이행,포장 - 건조,맑음,교차로 - 교차로안,자전거,여,59세,경상,승용,남,65세,상해없음
2019071500100274,2019년 7월 15일 14시,월요일,서울특별시 중구 명동1가,경상사고,0,0,1,0,차대차 - 기타,안전운전불이행,포장 - 젖음/습기,비,단일로 - 기타,자전거,여,50세,경상,특수,남,41세,상해없음
2019071500100374,2019년 7월 15일 16시,월요일,서울특별시 동대문구 장안동,경상사고,0,0,1,0,차대차 - 측면충돌,신호위반,포장 - 젖음/습기,비,교차로 - 교차로안,자전거,남,77세,경상,화물,남,60세,상해없음
2019071500100375,2019년 7월 15일 16시,월요일,서울특별시 마포구 성산동,부상신고사고,0,0,0,1,차대차 - 측면충돌,신호위반,포장 - 젖음/습기,비,교차로 - 교차로안,자전거,남,64세,부상신고,승용,남,44세,상해없음
2019071500100587,2019년 7월 15일 21시,월요일,서울특별시 성동구 옥수동,중상사고,0,1,0,0,차대차 - 기타,안전운전불이행,포장 - 건조,맑음,단일로 - 기타,자전거,여,42세,상해없음,자전거,여,29세,중상
2019071600100040,2019년 7월 16일 04시,화요일,서울특별시 강북구 수유동,경상사고,0,0,1,0,차대차 - 측면충돌,안전운전불이행,포장 - 젖음/습기,흐림,단일로 - 기타,자전거,여,22세,경상,승용,남,43세,상해없음
2019071600100069,2019년 7월 16일 07시,화요일,서울특별시 강동구 천호동,부상신고사고,0,0,0,2,차대차 - 기타,안전운전불이행,포장 - 건조,맑음,단일로 - 기타,자전거,여,65세,부상신고,자전거,남,77세,부상신고
2019071600100217,2019년 7월 16일 12시,화요일,서울특별시 양천구 신월동,부상신고사고,0,0,0,1,차대차 - 기타,안전운전불이행,포장 - 건조,맑음,교차로 - 교차로부근,자전거,남,67세,부상신고,화물,남,60세,상해없음
2019071600100320,2019년 7월 16일 15시,화요일,서울특별시 성동구 성수동1가,경상사고,0,0,1,0,차대차 - 측면충돌,안전운전불이행,포장 - 건조,맑음,단일로 - 기타,자전거,남,13세,경상,승용,남,35세,상해없음
2019071600100360,2019년 7월 16일 16시,화요일,서울특별시 성동구 성수동2가,경상사고,0,0,2,0,차대차 - 측면충돌,안전운전불이행,포장 - 건조,맑음,단일로 - 기타,자전거,남,16세,상해없음,자전거,남,64세,경상
2019071600100409,2019년 7월 16일 17시,화요일,서울특별시 도봉구 방학동,중상사고,0,1,0,0,차대사람 - 횡단중,안전운전불이행,포장 - 기타,맑음,기타 - 기타,자전거,남,54세,상해없음,보행자,여,52세,중상
2019071600100550,2019년 7월 16일 20시,화요일,서울특별시 강동구 천호동,경상사고,0,0,1,0,차대사람 - 기타,안전운전불이행,포장 - 건조,맑음,단일로 - 기타,자전거,남,14세,상해없음,보행자,여,72세,경상
2019071600100552,2019년 7월 16일 20시,화요일,서울특별시 노원구 상계동,부상신고사고,0,0,0,1,차대차 - 측면충돌,안전운전불이행,포장 - 건조,맑음,기타 - 기타,자전거,남,17세,부상신고,승용,여,64세,상해없음
2019071700100271,2019년 7월 17일 13시,수요일,서울특별시 양천구 신정동,경상사고,0,0,1,0,차대차 - 측면충돌,안전운전불이행,포장 - 건조,맑음,교차로 - 교차로횡단보도내,자전거,여,42세,상해없음,이륜,남,49세,경상
2019071700100309,2019년 7월 17일 14시,수요일,서울특별시 구로구 개봉동,경상사고,0,0,1,0,차대차 - 측면충돌,직진우회전진행방해,포장 - 건조,맑음,교차로 - 교차로안,자전거,남,7세,경상,승합,남,67세,상해없음
2019071700100352,2019년 7월 17일 15시,수요일,서울특별시 광진구 구의동,경상사고,0,0,1,0,차대차 - 기타,안전운전불이행,포장 - 건조,맑음,기타 - 기타,자전거,남,9세,경상,화물,남,42세,상해없음
2019071800100044,2019년 7월 18일 04시,목요일,서울특별시 서대문구 북가좌동,경상사고,0,0,1,0,차대사람 - 기타,안전운전불이행,포장 - 건조,흐림,단일로 - 기타,자전거,남,78세,상해없음,보행자,남,86세,경상
2019071800100097,2019년 7월 18일 08시,목요일,서울특별시 강동구 성내동,부상신고사고,0,0,0,2,차대사람 - 기타,안전운전불이행,포장 - 건조,맑음,단일로 - 기타,자전거,남,73세,부상신고,보행자,남,34세,부상신고
2019071800100367,2019년 7월 18일 16시,목요일,서울특별시 강동구 암사동,부상신고사고,0,0,0,1,차대차 - 추돌,안전운전불이행,포장 - 건조,맑음,단일로 - 기타,자전거,남,68세,부상신고,농기계,남,58세,상해없음
2019071800100483,2019년 7월 18일 19시,목요일,서울특별시 양천구 목동,경상사고,0,0,1,0,차대사람 - 기타,안전운전불이행,포장 - 건조,맑음,단일로 - 기타,자전거,남,23세,상해없음,보행자,남,82세,경상
2019071800100513,2019년 7월 18일 20시,목요일,서울특별시 종로구 권농동,경상사고,0,0,1,0,차대사람 - 보도통행중,안전운전불이행,포장 - 건조,맑음,기타 - 기타,자전거,남,27세,상해없음,보행자,남,52세,경상
2019071900100105,2019년 7월 19일 07시,금요일,서울특별시 강북구 수유동,경상사고,0,0,1,0,차대차 - 측면충돌,중앙선침범,포장 - 건조,맑음,교차로 - 교차로안,자전거,남,25세,경상,승용,남,35세,상해없음
2019071900100106,2019년 7월 19일 07시,금요일,서울특별시 동대문구 전농동,중상사고,0,1,0,0,차대차 - 기타,안전운전불이행,포장 - 건조,맑음,교차로 - 교차로안,자전거,남,74세,중상,승용,남,64세,상해없음
2019071900100131,2019년 7월 19일 08시,금요일,서울특별시 송파구 거여동,경상사고,0,0,1,0,차대차 - 측면충돌,중앙선침범,포장 - 건조,맑음,교차로 - 교차로안,자전거,여,32세,경상,승용,여,61세,상해없음
2019071900100260,2019년 7월 19일 11시,금요일,서울특별시 도봉구 도봉동,부상신고사고,0,0,0,1,차대차 - 측면충돌,신호위반,포장 - 건조,맑음,단일로 - 기타,자전거,남,59세,부상신고,화물,남,61세,상해없음
2019071900100341,2019년 7월 19일 13시,금요일,서울특별시 동작구 대방동,중상사고,0,1,0,0,차대차 - 기타,안전운전불이행,포장 - 건조,맑음,단일로 - 기타,자전거,남,47세,중상,승용,남,51세,상해없음