사고번호,사고일시,요일,시군구,사고내용,사망자수,중상자수,경상자수,부상신고자수,사고유형,법규위반,노면상태,기상상태,도로형태,가해운전자 차종,가해운전자 성별,가해운전자 연령,가해운전자 상해정도,피해운전자 차종,피해운전자 성별,피해운전자 연령,피해운전자 상해정도
2019071900100439,2019년 7월 19일 16시,금요일,서울특별시 서대문구 홍제동,중상사고,0,1,1,0,차대차 - 기타,안전운전불이행,포장 - 건조,맑음,기타 - 기타,자전거,남,13세,중상,자전거,남,35세,경상
2019071900100480,2019년 7월 19일 17시,금요일,서울특별시 은평구 녹번동,경상사고,0,0,1,0,차대차 - 측면충돌,안전운전불이행,포장 - 건조,맑음,단일로 - 기타,자전거,남,22세,경상,승용,남,50세,상해없음
2019071900100532,2019년 7월 19일 18시,금요일,서울특별시 동대문구 장안동,경상사고,0,0,2,0,차대차 - 기타,안전운전불이행,포장 - 젖음/습기,흐림,단일로 - 기타,자전거,남,59세,경상,자전거,남,30세,경상
2019071900100579,2019년 7월 19일 19시,금요일,서울특별시 강동구 성내동,경상사고,0,0,1,0,차대차 - 기타,중앙선침범,포장 - 건조,맑음,단일로 - 기타,자전거,남,53세,상해없음,이륜,남,36세,경상
2019072000100120,2019년 7월 20일 07시,토요일,서울특별시 노원구 중계동,중상사고,0,1,1,0,차대사람 - 횡단중,안전운전불이행,포장 - 건조,맑음,단일로 - 기타,자전거,남,46세,상해없음,보행자,여,73세,중상
2019072000100201,2019년 7월 20일 11시,토요일,서울특별시 도봉구 방학동,경상사고,0,0,1,0,차대사람 - 길가장자리구역통행중,안전운전불이행,포장 - 기타,맑음,단일로 - 기타,자전거,남,77세,상해없음,보행자,여,54세,경상
2019072100100136,2019년 7월 21일 08시,일요일,서울특별시 송파구 풍납동,경상사고,0,0,1,0,차량단독 - 전도전복 - 전도,안전운전불이행,포장 - 건조,맑음,단일로 - 기타,자전거,여,41세,경상,,,,
2019072100100223,2019년 7월 21일 13시,일요일,서울특별시 강북구 미아동,경상사고,0,0,1,0,차대사람 - 보도통행중,안전운전불이행,포장 - 젖음/습기,비,기타 - 기타,자전거,남,81세,상해없음,보행자,여,42세,경상
2019072100100279,2019년 7월 21일 15시,일요일,서울특별시 서대문구 홍은동,부상신고사고,0,0,0,1,차대차 - 측면충돌,안전운전불이행,포장 - 건조,맑음,교차로 - 교차로안,자전거,남,77세,부상신고,승합,남,59세,상해없음
2019072100100443,2019년 7월 21일 21시,일요일,서울특별시 용산구 이촌동,경상사고,0,0,1,0,차대차 - 측면충돌,안전운전불이행,포장 - 건조,맑음,단일로 - 기타,자전거,여,51세,기타불명,자전거,남,43세,경상
2019072200100302,2019년 7월 22일 13시,월요일,서울특별시 중구 입정동,부상신고사고,0,0,0,1,차대차 - 측면충돌,안전거리미확보,포장 - 건조,맑음,단일로 - 기타,자전거,남,83세,부상신고,승용,여,35세,상해없음
2019072200100354,2019년 7월 22일 14시,월요일,서울특별시 영등포구 대림동,경상사고,0,0,1,0,차대차 - 기타,불법유턴,포장 - 건조,맑음,교차로 - 교차로부근,자전거,여,46세,경상,승용,남,30세,상해없음
2019072200100355,2019년 7월 22일 14시,월요일,서울특별시 송파구 거여동,중상사고,0,1,0,0,차대차 - 측면충돌,중앙선침범,포장 - 건조,맑음,단일로 - 기타,자전거,남,14세,중상,화물,남,40세,상해없음
2019072200100435,2019년 7월 22일 16시,월요일,서울특별시 양천구 목동,중상사고,0,1,0,0,차대사람 - 기타,안전운전불이행,포장 - 건조,맑음,단일로 - 기타,자전거,남,79세,상해없음,보행자,여,90세 이상,중상
2019072200100481,2019년 7월 22일 17시,월요일,서울특별시 노원구 상계동,경상사고,0,0,1,0,차대사람 - 보도통행중,안전운전불이행,포장 - 건조,맑음,기타 - 기타,자전거,남,14세,상해없음,보행자,남,58세,경상
2019072200100529,2019년 7월 22일 18시,월요일,서울특별시 강동구 암사동,경상사고,0,0,2,0,차대차 - 측면충돌,안전운전불이행,포장 - 건조,맑음,단일로 - 기타,자전거,여,60세,경상,자전거,남,37세,경상
2019072300100283,2019년 7월 23일 13시,화요일,서울특별시 광진구 구의동,경상사고,0,0,1,0,차대차 - 측면충돌,안전운전불이행,포장 - 건조,맑음,교차로 - 교차로부근,자전거,여,68세,경상,승용,남,74세,상해없음
2019072300100450,2019년 7월 23일 17시,화요일,서울특별시 서대문구 홍은동,부상신고사고,0,0,0,1,차대차 - 기타,기타,포장 - 건조,맑음,기타 - 기타,자전거,남,79세,부상신고,기타불명,기타불명,미분류,기타불명
2019072300100508,2019년 7월 23일 18시,화요일,서울특별시 은평구 녹번동,부상신고사고,0,0,0,1,차대차 - 측면충돌,안전운전불이행,포장 - 건조,맑음,단일로 - 기타,자전거,남,89세,부상신고,승용,남,65세,상해없음
2019072300100510,2019년 7월 23일 18시,화요일,서울특별시 금천구 독산동,경상사고,0,0,2,0,차대사람 - 길가장자리구역통행중,안전운전불이행,포장 - 건조,맑음,단일로 - 기타,자전거,남,36세,경상,보행자,여,37세,경상
2019072300100547,2019년 7월 23일 19시,화요일,서울특별시 노원구 중계동,경상사고,0,0,1,0,차대차 - 측면충돌,안전운전불이행,포장 - 건조,맑음,교차로 - 교차로안,자전거,남,14세,경상,승용,여,42세,상해없음
2019072300100619,2019년 7월 23일 21시,화요일,서울특별시 광진구 구의동,경상사고,0,0,1,0,차대차 - 측면충돌,안전운전불이행,포장 - 건조,맑음,단일로 - 기타,자전거,여,22세,경상,승용,여,37세,상해없음
2019072400100103,2019년 7월 24일 08시,수요일,서울특별시 영등포구 대림동,경상사고,0,0,1,0,차대차 - 측면충돌,안전운전불이행,포장 - 젖음/습기,흐림,교차로 - 교차로안,자전거,남,79세,경상,승용,남,31세,상해없음
2019072400100561,2019년 7월 24일 19시,수요일,서울특별시 성북구 동소문동3가,중상사고,0,1,0,0,차대사람 - 차도통행중,신호위반,포장 - 건조,맑음,단일로 - 기타,자전거,남,26세,상해없음,보행자,여,67세,중상
2019072500100080,2019년 7월 25일 06시,목요일,서울특별시 성동구 성수동2가,경상사고,0,0,1,0,차대차 - 기타,교차로운행방법위반,포장 - 건조,맑음,교차로 - 교차로안,자전거,여,69세,경상,화물,남,62세,상해없음
2019072500100095,2019년 7월 25일 07시,목요일,서울특별시 관악구 신림동,경상사고,0,0,1,0,차대차 - 측면충돌,안전운전불이행,포장 - 젖음/습기,흐림,교차로 - 교차로안,자전거,남,73세,경상,승용,남,74세,상해없음
2019072500100357,2019년 7월 25일 15시,목요일,서울특별시 양천구 신정동,부상신고사고,0,0,0,1,차대차 - 측면충돌,안전운전불이행,포장 - 건조,맑음,교차로 - 교차로부근,자전거,남,76세,부상신고,승용,여,65세,상해없음
2019072600100043,2019년 7월 26일 01시,금요일,서울특별시 강북구 번동,경상사고,0,0,1,0,차대사람 - 보도통행중,기타,포장 - 건조,맑음,기타 - 기타,자전거,여,27세,상해없음,보행자,여,41세,경상
2019072600100195,2019년 7월 26일 11시,금요일,서울특별시 동대문구 답십리동,중상사고,0,1,0,0,차량단독 - 기타,안전운전불이행,포장 - 젖음/습기,비,교차로 - 교차로부근,자전거,남,67세,중상,,,,
2019072700100379,2019년 7월 27일 15시,토요일,서울특별시 용산구 청암동,경상사고,0,0,1,0,차대차 - 기타,안전운전불이행,포장 - 건조,맑음,기타 - 기타,자전거,남,41세,경상,자전거,여,45세,상해없음
2019072700100413,2019년 7월 27일 16시,토요일,서울특별시 서대문구 연희동,부상신고사고,0,0,0,1,차대차 - 측면충돌,신호위반,포장 - 건조,맑음,교차로 - 교차로안,자전거,남,17세,부상신고,승용,남,47세,상해없음
2019072700100415,2019년 7월 27일 16시,토요일,서울특별시 중랑구 신내동,경상사고,0,0,1,0,차대차 - 측면충돌,안전운전불이행,포장 - 건조,맑음,교차로 - 교차로부근,자전거,여,17세,경상,승합,남,53세,상해없음
2019072800100226,2019년 7월 28일 15시,일요일,서울특별시 양천구 목동,중상사고,0,1,0,0,차대사람 - 기타,보행자보호의무위반,포장 - 젖음/습기,흐림,교차로 - 교차로횡단보도내,자전거,여,19세,상해없음,보행자,여,44세,중상
2019072800100278,2019년 7월 28일 17시,일요일,서울특별시 영등포구 양평동4가,중상사고,0,1,0,0,차대차 - 측면충돌,안전운전불이행,포장 - 젖음/습기,흐림,교차로 - 교차로안,자전거,남,85세,중상,승용,남,61세,상해없음
2019072900100241,2019년 7월 29일 12시,월요일,서울특별시 송파구 신천동,경상사고,0,0,1,0,차대사람 - 횡단중,보행자보호의무위반,포장 - 건조,맑음,교차로 - 교차로안,자전거,여,22세,상해없음,보행자,여,38세,경상
2019072900100242,2019년 7월 29일 12시,월요일,서울특별시 구로구 개봉동,경상사고,0,0,1,0,차대차 - 측면충돌,중앙선침범,포장 - 건조,맑음,교차로 - 교차로안,자전거,남,16세,경상,승용,남,66세,상해없음
2019072900100454,2019년 7월 29일 17시,월요일,서울특별시 금천구 시흥동,경상사고,0,0,1,0,차대사람 - 횡단중,안전운전불이행,포장 - 건조,맑음,단일로 - 기타,자전거,남,62세,상해없음,보행자,여,61세,경상
2019072900100551,2019년 7월 29일 19시,월요일,서울특별시 성동구 성수동1가,경상사고,0,0,1,0,차대차 - 기타,안전거리미확보,포장 - 건조,맑음,단일로 - 기타,자전거,남,60세,경상,자전거,남,21세,상해없음
2019072900100612,2019년 7월 29일 21시,월요일,서울특별시 마포구 서교동,경상사고,0,0,1,0,차대사람 - 길가장자리구역통행중,안전운전불이행,포장 - 건조,맑음,단일로 - 기타,자전거,남,43세,상해없음,보행자,여,21세,경상
2019073000100179,2019년 7월 30일 10시,화요일,서울특별시 동대문구 답십리동,경상사고,0,0,1,0,차대차 - 측면충돌,기타,포장 - 건조,맑음,교차로 - 교차로횡단보도내,자전거,남,68세,경상,승용,여,38세,상해없음
2019073000100181,2019년 7월 30일 10시,화요일,서울특별시 중랑구 묵동,경상사고,0,0,1,0,차대차 - 측면충돌,중앙선침범,포장 - 건조,맑음,단일로 - 기타,자전거,여,73세,경상,승용,남,62세,상해없음
2019073000100410,2019년 7월 30일 16시,화요일,서울특별시 은평구 응암동,부상신고사고,0,0,0,1,차대차 - 측면충돌,중앙선침범,포장 - 건조,맑음,단일로 - 기타,자전거,남,17세,부상신고,승합,남,50세,상해없음
2019073000100507,2019년 7월 30일 18시,화요일,서울특별시 강서구 가양동,경상사고,0,0,1,0,차대차 - 기타,안전운전불이행,포장 - 건조,맑음,교차로 - 교차로안,자전거,남,14세,경상,승용,남,37세,상해없음
2019073000100549,2019년 7월 30일 19시,화요일,서울특별시 서대문구 홍제동,사망사고,1,0,0,0,차대차 - 측면충돌,안전운전불이행,포장 - 건조,흐림,교차로 - 교차로안,자전거,남,69세,사망,화물,남,49세,상해없음
2019073000100612,2019년 7월 30일 21시,화요일,서울특별시 광진구 자양동,경상사고,0,0,1,0,차대차 - 기타,안전운전불이행,포장 - 젖음/습기,흐림,단일로 - 기타,자전거,남,12세,상해없음,자전거,여,38세,경상
2019073000100615,2019년 7월 30일 21시,화요일,서울특별시 영등포구 여의도동,부상신고사고,0,0,0,2,차대차 - 측면충돌,안전운전불이행,포장 - 건조,맑음,단일로 - 기타,자전거,남,20세,부상신고,자전거,여,55세,부상신고
2019073000100640,2019년 7월 30일 22시,화요일,서울특별시 영등포구 양평동2가,경상사고,0,0,1,0,차대차 - 측면충돌,기타,포장 - 건조,맑음,단일로 - 기타,자전거,남,27세,경상,승용,남,63세,상해없음
2019073100100088,2019년 7월 31일 07시,수요일,서울특별시 강서구 염창동,경상사고,0,0,1,0,차대차 - 측면충돌,안전운전불이행,포장 - 건조,맑음,교차로 - 교차로안,자전거,남,77세,경상,승용,남,67세,상해없음
2019073100100172,2019년 7월 31일 10시,수요일,서울특별시 동대문구 제기동,부상신고사고,0,0,0,1,차대차 - 추돌,안전운전불이행,포장 - 젖음/습기,흐림,교차로 - 교차로안,자전거,여,65세,부상신고,화물,남,58세,상해없음
2019073100100174,2019년 7월 31일 10시,수요일,서울특별시 강서구 화곡동,경상사고,0,0,1,0,차대사람 - 기타,안전운전불이행,포장 - 젖음/습기,비,기타 - 기타,자전거,남,58세,경상,보행자,여,59세,상해없음
2019073100100628,2019년 7월 31일 22시,수요일,서울특별시 강북구 미아동,경상사고,0,0,1,0,차대차 - 측면충돌,안전운전불이행,포장 - 젖음/습기,흐림,교차로 - 교차로부근,자전거,남,53세,경상,승용,남,28세,상해없음
2019080100100100,2019년 8월 1일 07시,목요일,서울특별시 용산구 원효로4가,중상사고,0,1,1,0,차대차 - 기타,안전운전불이행,포장 - 건조,맑음,단일로 - 기타,자전거,여,57세,경상,자전거,여,52세,중상
2019080100100125,2019년 8월 1일 08시,목요일,서울특별시 강북구 미아동,중상사고,0,1,1,0,차대사람 - 횡단중,신호위반,포장 - 건조,맑음,단일로 - 기타,자전거,남,57세,경상,보행자,여,79세,중상
2019080100100380,2019년 8월 1일 15시,목요일,서울특별시 금천구 독산동,사망사고,1,0,0,0,차대차 - 기타,안전운전불이행,포장 - 건조,흐림,교차로 - 교차로안,자전거,여,47세,사망,승용,남,19세,상해없음
2019080100100460,2019년 8월 1일 17시,목요일,서울특별시 마포구 창전동,부상신고사고,0,0,0,1,차대차 - 기타,안전운전불이행,포장 - 기타,맑음,단일로 - 기타,자전거,남,41세,부상신고,승용,여,54세,상해없음
2019080100100669,2019년 8월 1일 23시,목요일,서울특별시 중랑구 면목동,경상사고,0,0,1,0,차대차 - 정면충돌,안전운전불이행,포장 - 건조,맑음,단일로 - 기타,자전거,남,34세,경상,승용,남,36세,상해없음
2019080200100028,2019년 8월 2일 00시,금요일,서울특별시 마포구 서교동,부상신고사고,0,0,0,1,차량단독 - 기타,안전운전불이행,포장 - 건조,맑음,단일로 - 기타,자전거,남,32세,부상신고,,,,
2019080200100084,2019년 8월 2일 06시,금요일,서울특별시 중랑구 면목동,중상사고,0,1,0,0,차대차 - 측면충돌,신호위반,포장 - 건조,맑음,교차로 - 교차로안,자전거,남,76세,중상,승용,남,63세,상해없음
2019080200100106,2019년 8월 2일 08시,금요일,서울특별시 영등포구 신길동,경상사고,0,0,1,0,차대차 - 측면충돌,안전운전불이행,포장 - 건조,맑음,기타 - 기타,자전거,여,46세,경상,승용,여,35세,상해없음
2019080200100192,2019년 8월 2일 11시,금요일,서울특별시 서대문구 창천동,경상사고,0,0,1,0,차대차 - 측면충돌,중앙선침범,포장 - 건조,맑음,교차로 - 교차로부근,자전거,여,21세,경상,승용,남,72세,상해없음
2019080200100366,2019년 8월 2일 15시,금요일,서울특별시 동대문구 전농동,경상사고,0,0,1,0,차대차 - 측면충돌,안전운전불이행,포장 - 건조,맑음,교차로 - 교차로부근,자전거,여,52세,경상,이륜,여,47세,상해없음
2019080200100444,2019년 8월 2일 17시,금요일,서울특별시 구로구 구로동,경상사고,0,0,1,0,차대차 - 측면충돌,신호위반,포장 - 건조,맑음,교차로 - 교차로안,자전거,여,49세,경상,승용,남,41세,상해없음
2019080200100594,2019년 8월 2일 20시,금요일,서울특별시 강서구 가양동,경상사고,0,0,1,0,차대사람 - 기타,안전운전불이행,포장 - 건조,맑음,기타 - 기타,자전거,남,72세,상해없음,보행자,여,31세,경상
2019080300100252,2019년 8월 3일 13시,토요일,서울특별시 중랑구 면목동,경상사고,0,0,1,0,차대차 - 측면충돌,신호위반,포장 - 건조,맑음,교차로 - 교차로횡단보도내,자전거,여,61세,경상,승용,남,32세,상해없음
2019080300100471,2019년 8월 3일 20시,토요일,서울특별시 양천구 목동,경상사고,0,0,1,0,차대차 - 기타,안전운전불이행,포장 - 젖음/습기,흐림,단일로 - 교량,자전거,남,76세,상해없음,자전거,남,41세,경상
2019080300100499,2019년 8월 3일 21시,토요일,서울특별시 강서구 가양동,부상신고사고,0,0,0,1,차대차 - 기타,신호위반,포장 - 건조,맑음,교차로 - 교차로안,자전거,남,42세,부상신고,승합,여,50세,상해없음
2019080400100040,2019년 8월 4일 01시,일요일,서울특별시 영등포구 여의도동,중상사고,0,1,0,0,차대차 - 추돌,안전운전불이행,포장 - 건조,맑음,단일로 - 기타,자전거,남,35세,중상,승용,남,32세,상해없음
2019080500100104,2019년 8월 5일 08시,월요일,서울특별시 강남구 대치동,부상신고사고,0,0,0,1,차대차 - 기타,교차로운행방법위반,포장 - 건조,맑음,교차로 - 교차로안,자전거,여,39세,부상신고,자전거,남,51세,상해없음
2019080500100136,2019년 8월 5일 09시,월요일,서울특별시 송파구 오금동,경상사고,0,0,1,0,차대차 - 측면충돌,중앙선침범,포장 - 건조,맑음,단일로 - 기타,자전거,남,16세,경상,승용,남,47세,상해없음
2019080500100179,2019년 8월 5일 10시,월요일,서울특별시 도봉구 창동,부상신고사고,0,0,0,1,차대차 - 측면충돌,안전운전불이행,포장 - 건조,맑음,단일로 - 기타,자전거,남,38세,부상신고,승합,남,52세,상해없음
2019080500100310,2019년 8월 5일 13시,월요일,서울특별시 중랑구 면목동,부상신고사고,0,0,0,1,차대차 - 측면충돌,교차로운행방법위반,포장 - 건조,맑음,교차로 - 교차로안,자전거,남,45세,부상신고,승용,남,65세,기타불명
2019080500100422,2019년 8월 5일 16시,월요일,서울특별시 성동구 성수동1가,경상사고,0,0,1,0,차대차 - 측면충돌,안전거리미확보,포장 - 건조,맑음,단일로 - 기타,자전거,여,17세,경상,승용,여,63세,상해없음
2019080500100509,2019년 8월 5일 18시,월요일,서울특별시 송파구 삼전동,부상신고사고,0,0,0,1,차대차 - 측면충돌,안전운전불이행,포장 - 건조,맑음,교차로 - 교차로안,자전거,남,73세,부상신고,자전거,남,33세,상해없음
2019080600100030,2019년 8월 6일 00시,화요일,서울특별시 구로구 오류동,경상사고,0,0,1,0,차대차 - 측면충돌,안전운전불이행,포장 - 건조,맑음,단일로 - 기타,자전거,남,50세,경상,승용,남,67세,상해없음
2019080600100074,2019년 8월 6일 05시,화요일,서울특별시 구로구 구로동,경상사고,0,0,1,0,차대차 - 측면충돌,안전운전불이행,포장 - 건조,맑음,단일로 - 기타,자전거,여,54세,경상,승용,남,42세,상해없음
2019080600100285,2019년 8월 6일 13시,화요일,서울특별시 금천구 가산동,경상사고,0,0,1,0,차대사람 - 보도통행중,기타,포장 - 건조,맑음,기타 - 기타,자전거,남,66세,상해없음,보행자,남,48세,경상
2019080600100440,2019년 8월 6일 17시,화요일,서울특별시 금천구 시흥동,경상사고,0,0,1,0,차대차 - 측면충돌,안전운전불이행,포장 - 건조,맑음,단일로 - 기타,자전거,남,16세,경상,화물,남,59세,상해없음
2019080600100441,2019년 8월 6일 17시,화요일,서울특별시 중랑구 중화동,중상사고,0,1,0,0,차대차 - 측면충돌,안전운전불이행,포장 - 건조,맑음,단일로 - 기타,자전거,여,72세,중상,승합,남,53세,상해없음
2019080600100534,2019년 8월 6일 19시,화요일,서울특별시 금천구 독산동,중상사고,0,1,0,0,차대사람 - 기타,안전운전불이행,포장 - 건조,맑음,단일로 - 기타,자전거,여,41세,상해없음,보행자,여,86세,중상
2019080600100535,2019년 8월 6일 19시,화요일,서울특별시 중랑구 면목동,경상사고,0,0,1,0,차대차 - 측면충돌,교차로운행방법위반,포장 - 건조,맑음,교차로 - 교차로안,자전거,남,8세,경상,승용,남,62세,상해없음
2019080600100571,2019년 8월 6일 20시,화요일,서울특별시 마포구 망원동,경상사고,0,0,2,0,차대차 - 추돌,안전거리미확보,포장 - 건조,맑음,단일로 - 기타,자전거,남,33세,경상,자전거,여,54세,경상
2019080700100075,2019년 8월 7일 05시,수요일,서울특별시 영등포구 양평동4가,중상사고,0,1,0,0,차대차 - 측면충돌,안전운전불이행,포장 - 건조,맑음,교차로 - 교차로안,자전거,남,70세,중상,승용,남,57세,상해없음
2019080700100152,2019년 8월 7일 09시,수요일,서울특별시 송파구 거여동,부상신고사고,0,0,0,1,차대차 - 측면충돌,안전운전불이행,포장 - 젖음/습기,비,단일로 - 기타,자전거,여,76세,부상신고,승용,남,28세,상해없음
2019080700100487,2019년 8월 7일 18시,수요일,서울특별시 강북구 번동,사망사고,1,0,0,0,차대차 - 정면충돌,불법유턴,포장 - 건조,맑음,단일로 - 기타,자전거,남,80세,사망,화물,남,58세,상해없음
2019080800100106,2019년 8월 8일 08시,목요일,서울특별시 노원구 월계동,부상신고사고,0,0,0,1,차대차 - 측면충돌,안전운전불이행,포장 - 건조,맑음,단일로 - 기타,자전거,남,53세,부상신고,승용,여,41세,상해없음
2019080800100225,2019년 8월 8일 11시,목요일,서울특별시 강동구 암사동,경상사고,0,0,2,0,차대차 - 측면충돌,중앙선침범,포장 - 건조,맑음,교차로 - 교차로부근,자전거,남,54세,경상,이륜,남,52세,경상
2019080800100227,2019년 8월 8일 11시,목요일,서울특별시 송파구 석촌동,경상사고,0,0,2,0,차대사람 - 차도통행중,신호위반,포장 - 건조,맑음,단일로 - 기타,자전거,여,55세,경상,보행자,남,37세,경상
2019080800100228,2019년 8월 8일 11시,목요일,서울특별시 송파구 잠실동,경상사고,0,0,1,0,차대사람 - 보도통행중,기타,포장 - 건조,맑음,단일로 - 기타,자전거,남,18세,상해없음,보행자,여,49세,경상
2019080800100586,2019년 8월 8일 21시,목요일,서울특별시 강서구 화곡동,경상사고,0,0,1,0,차대사람 - 횡단중,보행자보호의무위반,포장 - 건조,맑음,교차로 - 교차로안,자전거,남,73세,상해없음,보행자,남,27세,경상
2019080900100027,2019년 8월 9일 00시,금요일,서울특별시 중랑구 상봉동,부상신고사고,0,0,0,1,차대사람 - 횡단중,신호위반,포장 - 건조,맑음,교차로 - 교차로횡단보도내,자전거,남,38세,상해없음,보행자,여,55세,부상신고
2019080900100029,2019년 8월 9일 00시,금요일,서울특별시 양천구 신정동,부상신고사고,0,0,0,1,차대차 - 기타,중앙선침범,포장 - 건조,맑음,교차로 - 교차로안,자전거,남,30세,부상신고,승용,남,68세,상해없음
2019080900100075,2019년 8월 9일 04시,금요일,서울특별시 동대문구 장안동,중상사고,0,1,0,0,차대차 - 정면충돌,안전운전불이행,포장 - 건조,기타,기타 - 기타,자전거,남,66세,상해없음,자전거,남,53세,중상
2019080900100087,2019년 8월 9일 05시,금요일,서울특별시 노원구 상계동,부상신고사고,0,0,0,1,차대차 - 기타,안전운전불이행,포장 - 건조,맑음,단일로 - 기타,자전거,남,17세,상해없음,자전거,남,43세,부상신고
2019080900100105,2019년 8월 9일 07시,금요일,서울특별시 송파구 송파동,중상사고,0,1,0,0,차대차 - 측면충돌,중앙선침범,포장 - 건조,맑음,교차로 - 교차로안,자전거,여,61세,중상,승용,남,50세,상해없음
2019080900100433,2019년 8월 9일 16시,금요일,서울특별시 서초구 방배동,중상사고,0,1,0,0,차대차 - 측면충돌,안전운전불이행,포장 - 건조,맑음,단일로 - 지하차도(도로)내,자전거,남,30세,중상,승용,여,34세,상해없음
2019081000100148,2019년 8월 10일 08시,토요일,서울특별시 강서구 화곡동,경상사고,0,0,1,0,차대차 - 측면충돌,신호위반,포장 - 건조,맑음,교차로 - 교차로안,자전거,남,84세,경상,승용,여,42세,상해없음
2019081000100176,2019년 8월 10일 09시,토요일,서울특별시 송파구 잠실동,경상사고,0,0,1,0,차대차 - 기타,안전운전불이행,포장 - 건조,맑음,주차장 - 주차장,자전거,여,66세,경상,승용,여,64세,상해없음
2019081000100177,2019년 8월 10일 09시,토요일,서울특별시 양천구 신정동,경상사고,0,0,1,0,차대차 - 측면충돌,안전운전불이행,포장 - 건조,맑음,교차로 - 교차로횡단보도내,자전거,여,26세,경상,화물,남,67세,상해없음
2019081000100396,2019년 8월 10일 14시,토요일,서울특별시 은평구 불광동,중상사고,0,1,0,0,차대사람 - 기타,보행자보호의무위반,포장 - 건조,맑음,교차로 - 교차로횡단보도내,자전거,남,74세,상해없음,보행자,여,59세,중상
2019081000100558,2019년 8월 10일 19시,토요일,서울특별시 노원구 상계동,부상신고사고,0,0,0,1,차대차 - 측면충돌,중앙선침범,포장 - 건조,맑음,교차로 - 교차로안,자전거,남,46세,부상신고,승용,남,71세,상해없음
2019081000100616,2019년 8월 10일 21시,토요일,서울특별시 강동구 암사동,경상사고,0,0,2,0,차대차 - 기타,안전운전불이행,포장 - 건조,맑음,단일로 - 기타,자전거,남,46세,경상,자전거,남,47세,경상
2019081100100129,2019년 8월 11일 10시,일요일,서울특별시 강서구 마곡동,중상사고,0,1,0,0,차대차 - 측면충돌,안전운전불이행,포장 - 건조,맑음,교차로 - 교차로안,자전거,여,74세,중상,승용,남,57세,상해없음
2019081200100032,2019년 8월 12일 00시,월요일,서울특별시 영등포구 대림동,부상신고사고,0,0,0,1,차대차 - 측면충돌,안전운전불이행,포장 - 젖음/습기,비,단일로 - 기타,자전거,남,56세,부상신고,승용,남,52세,상해없음
2019081200100334,2019년 8월 12일 13시,월요일,서울특별시 종로구 가회동,중상사고,0,1,0,0,차대사람 - 차도통행중,안전운전불이행,포장 - 건조,맑음,단일로 - 기타,자전거,남,51세,상해없음,보행자,여,50세,중상
2019081200100634,2019년 8월 12일 20시,월요일,서울특별시 은평구 불광동,경상사고,0,0,1,0,차대사람 - 보도통행중,중앙선침범,포장 - 젖음/습기,비,단일로 - 기타,자전거,남,50세,상해없음,보행자,남,46세,경상
2019081200100692,2019년 8월 12일 22시,월요일,서울특별시 송파구 잠실동,부상신고사고,0,0,0,1,차대차 - 기타,안전운전불이행,포장 - 건조,맑음,기타 - 기타,자전거,남,24세,부상신고,승합,남,40세,상해없음
2019081300100108,2019년 8월 13일 08시,화요일,서울특별시 광진구 군자동,경상사고,0,0,1,0,차대차 - 측면충돌,교차로운행방법위반,포장 - 건조,맑음,교차로 - 교차로안,자전거,여,55세,경상,승용,남,42세,상해없음
2019081300100112,2019년 8월 13일 08시,화요일,서울특별시 양천구 신정동,경상사고,0,0,1,0,차대사람 - 기타,안전운전불이행,포장 - 건조,맑음,단일로 - 기타,자전거,남,76세,상해없음,보행자,여,39세,경상
2019081300100220,2019년 8월 13일 11시,화요일,서울특별시 광진구 자양동,중상사고,0,1,0,0,차대차 - 측면충돌,안전운전불이행,포장 - 건조,맑음,단일로 - 기타,자전거,남,83세,중상,승용,남,44세,상해없음
2019081300100371,2019년 8월 13일 15시,화요일,서울특별시 서대문구 남가좌동,부상신고사고,0,0,0,1,차대차 - 기타,안전운전불이행,포장 - 건조,맑음,단일로 - 기타,자전거,남,82세,부상신고,승용,남,54세,상해없음
2019081300100561,2019년 8월 13일 19시,화요일,서울특별시 송파구 석촌동,경상사고,0,0,1,0,차대차 - 정면충돌,안전운전불이행,포장 - 건조,맑음,교차로 - 교차로횡단보도내,자전거,여,33세,경상,승용,남,76세,상해없음
2019081300100677,2019년 8월 13일 22시,화요일,서울특별시 송파구 오금동,부상신고사고,0,0,0,1,차대사람 - 횡단중,안전운전불이행,포장 - 건조,맑음,단일로 - 기타,자전거,남,28세,상해없음,보행자,남,70세,부상신고
2019081400100078,2019년 8월 14일 05시,수요일,서울특별시 중구 남대문로5가,부상신고사고,0,0,0,1,차대차 - 측면충돌,안전운전불이행,포장 - 건조,맑음,단일로 - 기타,자전거,여,64세,부상신고,화물,남,56세,상해없음
2019081400100133,2019년 8월 14일 08시,수요일,서울특별시 동대문구 이문동,중상사고,0,1,1,0,차대차 - 정면충돌,안전운전불이행,포장 - 건조,맑음,단일로 - 기타,자전거,남,56세,경상,자전거,여,33세,중상
2019081400100235,2019년 8월 14일 10시,수요일,서울특별시 은평구 대조동,중상사고,0,1,0,0,차대차 - 기타,중앙선침범,포장 - 건조,맑음,교차로 - 교차로횡단보도내,자전거,여,53세,중상,승용,남,71세,상해없음
2019081400100561,2019년 8월 14일 18시,수요일,서울특별시 관악구 신림동,경상사고,0,0,2,0,차대차 - 기타,안전운전불이행,포장 - 건조,맑음,단일로 - 기타,자전거,남,38세,경상,자전거,남,72세,경상