사고번호,사고일시,요일,시군구,사고내용,사망자수,중상자수,경상자수,부상신고자수,사고유형,법규위반,노면상태,기상상태,도로형태,가해운전자 차종,가해운전자 성별,가해운전자 연령,가해운전자 상해정도,피해운전자 차종,피해운전자 성별,피해운전자 연령,피해운전자 상해정도
2019102800100471,2019년 10월 28일 17시,월요일,서울특별시 중랑구 묵동,경상사고,0,0,1,0,차대차 - 기타,중앙선침범,포장 - 건조,맑음,교차로 - 교차로부근,자전거,남,51세,경상,승용,여,48세,상해없음
2019102800100472,2019년 10월 28일 17시,월요일,서울특별시 관악구 봉천동,경상사고,0,0,1,0,차대차 - 기타,신호위반,포장 - 건조,기타,교차로 - 교차로안,자전거,여,60세,경상,승용,남,63세,상해없음
2019102800100629,2019년 10월 28일 20시,월요일,서울특별시 은평구 불광동,경상사고,0,0,1,0,차대차 - 기타,기타,포장 - 건조,맑음,단일로 - 기타,자전거,남,63세,경상,승용,남,59세,상해없음
2019102900100102,2019년 10월 29일 07시,화요일,서울특별시 중구 태평로1가,중상사고,0,1,1,0,차대사람 - 횡단중,보행자보호의무위반,포장 - 건조,맑음,단일로 - 기타,자전거,남,58세,중상,보행자,여,34세,경상
2019102900100131,2019년 10월 29일 08시,화요일,서울특별시 마포구 성산동,중상사고,0,1,0,0,차대차 - 기타,안전운전불이행,포장 - 기타,맑음,교차로 - 교차로부근,자전거,남,58세,중상,화물,남,70세,상해없음
2019102900100253,2019년 10월 29일 11시,화요일,서울특별시 성북구 삼선동1가,중상사고,0,1,0,0,차대사람 - 횡단중,안전운전불이행,포장 - 건조,맑음,단일로 - 기타,자전거,남,24세,상해없음,보행자,여,81세,중상
2019102900100256,2019년 10월 29일 11시,화요일,서울특별시 성동구 마장동,경상사고,0,0,1,0,차대차 - 기타,안전운전불이행,포장 - 건조,맑음,단일로 - 기타,자전거,남,76세,경상,승용,남,40세,상해없음
2019102900100390,2019년 10월 29일 15시,화요일,서울특별시 금천구 독산동,경상사고,0,0,1,0,차대차 - 측면충돌,중앙선침범,포장 - 건조,맑음,교차로 - 교차로횡단보도내,자전거,남,73세,경상,화물,남,52세,상해없음
2019102900100397,2019년 10월 29일 15시,화요일,서울특별시 서초구 잠원동,경상사고,0,0,1,0,차대차 - 측면충돌,안전거리미확보,포장 - 건조,맑음,단일로 - 기타,자전거,여,27세,경상,승용,남,44세,상해없음
2019102900100591,2019년 10월 29일 19시,화요일,서울특별시 마포구 성산동,경상사고,0,0,1,0,차대차 - 측면충돌,안전운전불이행,포장 - 기타,맑음,단일로 - 기타,자전거,여,18세,경상,승합,남,48세,상해없음
2019103000100034,2019년 10월 30일 00시,수요일,서울특별시 강남구 논현동,중상사고,0,1,0,0,차량단독 - 기타,안전운전불이행,포장 - 건조,맑음,단일로 - 기타,자전거,남,61세,중상,,,,
2019103000100241,2019년 10월 30일 10시,수요일,서울특별시 광진구 군자동,중상사고,0,1,0,0,차대차 - 측면충돌,안전운전불이행,포장 - 건조,맑음,교차로 - 교차로안,자전거,남,75세,중상,승용,남,61세,상해없음
2019103000100276,2019년 10월 30일 11시,수요일,서울특별시 금천구 독산동,경상사고,0,0,2,1,차대차 - 측면충돌,신호위반,포장 - 건조,맑음,교차로 - 교차로안,자전거,남,27세,부상신고,승합,남,58세,상해없음
2019103000100340,2019년 10월 30일 13시,수요일,서울특별시 송파구 오금동,부상신고사고,0,0,0,1,차대차 - 측면충돌,안전운전불이행,포장 - 건조,맑음,교차로 - 교차로안,자전거,여,51세,부상신고,승용,남,77세,상해없음
2019103000100428,2019년 10월 30일 15시,수요일,서울특별시 은평구 응암동,부상신고사고,0,0,0,1,차대차 - 기타,신호위반,포장 - 건조,맑음,단일로 - 기타,자전거,남,81세,부상신고,화물,남,48세,상해없음
2019103000100481,2019년 10월 30일 16시,수요일,서울특별시 강남구 수서동,중상사고,0,1,0,0,차대사람 - 보도통행중,기타,포장 - 건조,맑음,단일로 - 기타,자전거,남,19세,상해없음,보행자,여,81세,중상
2019103000100590,2019년 10월 30일 18시,수요일,서울특별시 서초구 잠원동,부상신고사고,0,0,0,1,차대차 - 기타,안전운전불이행,포장 - 건조,맑음,교차로 - 교차로부근,자전거,남,62세,부상신고,승용,남,35세,상해없음
2019103000100660,2019년 10월 30일 19시,수요일,서울특별시 중랑구 면목동,경상사고,0,0,1,0,차대사람 - 보도통행중,안전운전불이행,포장 - 건조,맑음,단일로 - 기타,자전거,기타불명,미분류,기타불명,보행자,여,49세,경상
2019103000100708,2019년 10월 30일 20시,수요일,서울특별시 중랑구 상봉동,중상사고,0,1,0,0,차대차 - 측면충돌,안전운전불이행,포장 - 건조,맑음,교차로 - 교차로횡단보도내,자전거,남,57세,중상,승용,남,60세,상해없음
2019103000100772,2019년 10월 30일 22시,수요일,서울특별시 도봉구 창동,경상사고,0,0,1,0,차대차 - 측면충돌,중앙선침범,포장 - 건조,맑음,교차로 - 교차로부근,자전거,남,44세,경상,승용,남,27세,상해없음
2019103100100103,2019년 10월 31일 08시,목요일,서울특별시 성동구 송정동,중상사고,0,1,0,0,차대사람 - 기타,안전운전불이행,포장 - 건조,맑음,기타 - 기타,자전거,남,29세,상해없음,보행자,여,27세,중상
2019103100100238,2019년 10월 31일 11시,목요일,서울특별시 영등포구 대림동,경상사고,0,0,1,0,차대차 - 기타,안전운전불이행,포장 - 건조,맑음,기타 - 기타,자전거,남,82세,경상,승용,남,48세,상해없음
2019103100100477,2019년 10월 31일 17시,목요일,서울특별시 송파구 잠실동,경상사고,0,0,1,0,차대차 - 측면충돌,안전운전불이행,포장 - 건조,맑음,교차로 - 교차로부근,자전거,남,14세,경상,승용,남,57세,상해없음
2019103100100538,2019년 10월 31일 18시,목요일,서울특별시 양천구 목동,경상사고,0,0,1,0,차대차 - 측면충돌,안전운전불이행,포장 - 건조,맑음,단일로 - 기타,자전거,남,73세,경상,승용,여,48세,상해없음
2019103100100539,2019년 10월 31일 18시,목요일,서울특별시 노원구 중계동,부상신고사고,0,0,0,1,차대차 - 측면충돌,안전운전불이행,포장 - 건조,맑음,단일로 - 기타,자전거,남,80세,부상신고,화물,남,59세,상해없음
2019110100100206,2019년 11월 1일 09시,금요일,서울특별시 강북구 수유동,경상사고,0,0,1,0,차대사람 - 횡단중,안전운전불이행,포장 - 건조,맑음,교차로 - 교차로안,자전거,남,32세,기타불명,보행자,여,56세,경상
2019110100100276,2019년 11월 1일 11시,금요일,서울특별시 구로구 구로동,경상사고,0,0,1,0,차대사람 - 기타,안전운전불이행,포장 - 건조,맑음,단일로 - 기타,자전거,여,35세,상해없음,보행자,여,82세,경상
2019110100100705,2019년 11월 1일 20시,금요일,서울특별시 중랑구 상봉동,부상신고사고,0,0,0,1,차량단독 - 기타,기타,포장 - 건조,맑음,교차로 - 교차로부근,자전거,여,55세,부상신고,,,,
2019110100100764,2019년 11월 1일 22시,금요일,서울특별시 구로구 오류동,경상사고,0,0,1,0,차대차 - 기타,신호위반,포장 - 건조,맑음,단일로 - 기타,자전거,남,22세,경상,승용,남,34세,상해없음
2019110200100173,2019년 11월 2일 09시,토요일,서울특별시 중랑구 면목동,경상사고,0,0,1,0,차대차 - 측면충돌,신호위반,포장 - 건조,맑음,교차로 - 교차로안,자전거,여,48세,경상,승용,남,71세,상해없음
2019110200100208,2019년 11월 2일 10시,토요일,서울특별시 구로구 구로동,중상사고,0,1,0,0,차대사람 - 차도통행중,안전운전불이행,포장 - 건조,맑음,교차로 - 교차로부근,자전거,남,54세,상해없음,보행자,여,73세,중상
2019110200100210,2019년 11월 2일 10시,토요일,서울특별시 은평구 역촌동,경상사고,0,0,1,0,차대차 - 측면충돌,안전운전불이행,포장 - 건조,흐림,교차로 - 교차로안,자전거,남,13세,경상,승용,남,70세,상해없음
2019110200100301,2019년 11월 2일 12시,토요일,서울특별시 관악구 신림동,부상신고사고,0,0,0,1,차대차 - 측면충돌,신호위반,포장 - 건조,맑음,교차로 - 교차로안,자전거,남,77세,부상신고,화물,남,55세,상해없음
2019110200100379,2019년 11월 2일 14시,토요일,서울특별시 영등포구 문래동5가,중상사고,0,1,0,0,차대차 - 기타,안전운전불이행,포장 - 건조,맑음,단일로 - 기타,자전거,남,50세,상해없음,자전거,남,56세,중상
2019110200100461,2019년 11월 2일 16시,토요일,서울특별시 마포구 성산동,경상사고,0,0,1,0,차대차 - 측면충돌,안전운전불이행,포장 - 건조,맑음,교차로 - 교차로안,자전거,남,81세,경상,승용,여,40세,상해없음
2019110200100545,2019년 11월 2일 18시,토요일,서울특별시 은평구 응암동,경상사고,0,0,1,0,차대차 - 측면충돌,안전운전불이행,포장 - 건조,맑음,교차로 - 교차로부근,자전거,남,46세,경상,원동기,남,56세,상해없음
2019110200100725,2019년 11월 2일 22시,토요일,서울특별시 영등포구 당산동,경상사고,0,0,2,0,차대사람 - 횡단중,안전운전불이행,포장 - 건조,맑음,단일로 - 기타,자전거,남,16세,경상,보행자,남,51세,경상
2019110300100260,2019년 11월 3일 14시,일요일,서울특별시 송파구 잠실동,중상사고,0,1,0,0,차대차 - 측면충돌,안전운전불이행,포장 - 건조,맑음,교차로 - 교차로횡단보도내,자전거,여,18세,중상,승용,남,31세,상해없음
2019110300100287,2019년 11월 3일 15시,일요일,서울특별시 서대문구 홍은동,부상신고사고,0,0,0,1,차대차 - 정면충돌,안전운전불이행,포장 - 건조,맑음,교차로 - 교차로안,자전거,남,12세,부상신고,승용,남,52세,상해없음
2019110300100363,2019년 11월 3일 17시,일요일,서울특별시 노원구 상계동,경상사고,0,0,1,0,차대사람 - 기타,안전운전불이행,포장 - 건조,맑음,단일로 - 기타,자전거,남,53세,상해없음,보행자,여,57세,경상
2019110300100514,2019년 11월 3일 22시,일요일,서울특별시 강서구 화곡동,부상신고사고,0,0,0,1,차대차 - 기타,안전운전불이행,포장 - 건조,맑음,교차로 - 교차로부근,자전거,남,62세,부상신고,승용,남,61세,상해없음
2019110400100056,2019년 11월 4일 04시,월요일,서울특별시 마포구 연남동,중상사고,0,1,0,0,차대사람 - 횡단중,신호위반,포장 - 건조,맑음,교차로 - 교차로안,자전거,남,58세,상해없음,보행자,여,23세,중상
2019110400100195,2019년 11월 4일 09시,월요일,서울특별시 구로구 구로동,경상사고,0,0,1,0,차대차 - 기타,중앙선침범,포장 - 건조,맑음,단일로 - 기타,자전거,여,46세,경상,화물,남,56세,상해없음
2019110400100484,2019년 11월 4일 16시,월요일,서울특별시 영등포구 신길동,경상사고,0,0,1,0,차대사람 - 보도통행중,기타,포장 - 건조,맑음,단일로 - 터널,자전거,남,66세,상해없음,보행자,여,28세,경상
2019110400100651,2019년 11월 4일 19시,월요일,서울특별시 송파구 석촌동,부상신고사고,0,0,0,1,차대차 - 측면충돌,안전운전불이행,포장 - 건조,맑음,교차로 - 교차로부근,자전거,남,22세,부상신고,승용,여,32세,상해없음
2019110400100697,2019년 11월 4일 20시,월요일,서울특별시 노원구 상계동,중상사고,0,1,0,0,차대사람 - 보도통행중,기타,포장 - 건조,맑음,단일로 - 기타,자전거,여,26세,상해없음,보행자,남,20세,중상
2019110400100776,2019년 11월 4일 23시,월요일,서울특별시 송파구 삼전동,중상사고,0,1,0,0,차대사람 - 차도통행중,안전운전불이행,포장 - 건조,기타,교차로 - 교차로안,자전거,여,40세,상해없음,보행자,남,83세,중상
2019110500100105,2019년 11월 5일 07시,화요일,서울특별시 노원구 상계동,중상사고,0,1,0,0,차대사람 - 기타,보행자보호의무위반,포장 - 건조,맑음,교차로 - 교차로횡단보도내,자전거,남,73세,상해없음,보행자,남,35세,중상
2019110500100308,2019년 11월 5일 12시,화요일,서울특별시 강서구 화곡동,경상사고,0,0,1,0,차대차 - 측면충돌,신호위반,포장 - 건조,맑음,교차로 - 교차로안,자전거,남,49세,경상,승용,남,63세,상해없음
2019110500100344,2019년 11월 5일 13시,화요일,서울특별시 양천구 신월동,부상신고사고,0,0,0,1,차대사람 - 기타,안전운전불이행,포장 - 건조,맑음,교차로 - 교차로안,자전거,남,66세,상해없음,보행자,여,63세,부상신고
2019110500100433,2019년 11월 5일 15시,화요일,서울특별시 마포구 망원동,경상사고,0,0,2,0,차대차 - 측면충돌,안전운전불이행,포장 - 기타,맑음,단일로 - 기타,자전거,남,63세,경상,자전거,남,21세,경상
2019110500100562,2019년 11월 5일 18시,화요일,서울특별시 강북구 수유동,경상사고,0,0,1,0,차대사람 - 보도통행중,기타,포장 - 건조,맑음,단일로 - 기타,자전거,남,59세,상해없음,보행자,남,45세,경상
2019110600100126,2019년 11월 6일 08시,수요일,서울특별시 은평구 구산동,경상사고,0,0,1,0,차대차 - 기타,안전운전불이행,포장 - 건조,맑음,교차로 - 교차로부근,자전거,남,15세,경상,승용,여,47세,상해없음
2019110600100436,2019년 11월 6일 16시,수요일,서울특별시 노원구 중계동,부상신고사고,0,0,0,1,차대차 - 측면충돌,신호위반,포장 - 건조,맑음,교차로 - 교차로안,자전거,남,14세,부상신고,승용,남,63세,상해없음
2019110700100097,2019년 11월 7일 07시,목요일,서울특별시 송파구 신천동,경상사고,0,0,1,0,차대차 - 정면충돌,신호위반,포장 - 건조,맑음,단일로 - 기타,자전거,여,52세,경상,승용,남,45세,상해없음
2019110700100118,2019년 11월 7일 08시,목요일,서울특별시 동대문구 용두동,부상신고사고,0,0,0,1,차대차 - 기타,안전운전불이행,포장 - 건조,맑음,교차로 - 교차로부근,자전거,남,73세,부상신고,승용,남,74세,상해없음
2019110700100122,2019년 11월 7일 08시,목요일,서울특별시 구로구 구로동,경상사고,0,0,1,0,차대차 - 측면충돌,신호위반,포장 - 건조,맑음,교차로 - 교차로안,자전거,여,65세,경상,승용,남,48세,상해없음
2019110700100176,2019년 11월 7일 09시,목요일,서울특별시 동대문구 제기동,경상사고,0,0,1,0,차대차 - 기타,불법유턴,포장 - 건조,맑음,교차로 - 교차로횡단보도내,자전거,남,59세,경상,승용,남,65세,상해없음
2019110700100179,2019년 11월 7일 09시,목요일,서울특별시 강동구 길동,경상사고,0,0,1,0,차대사람 - 보도통행중,기타,포장 - 건조,맑음,단일로 - 기타,자전거,여,59세,상해없음,보행자,남,45세,경상
2019110700100215,2019년 11월 7일 10시,목요일,서울특별시 강남구 도곡동,중상사고,0,1,0,0,차대사람 - 기타,안전운전불이행,포장 - 건조,맑음,기타 - 기타,자전거,남,69세,상해없음,보행자,여,64세,중상
2019110700100612,2019년 11월 7일 19시,목요일,서울특별시 중랑구 면목동,경상사고,0,0,1,0,차대차 - 기타,중앙선침범,포장 - 건조,맑음,교차로 - 교차로안,자전거,여,52세,경상,화물,남,59세,상해없음
2019110700100737,2019년 11월 7일 22시,목요일,서울특별시 노원구 중계동,중상사고,0,1,0,0,차대사람 - 기타,안전운전불이행,포장 - 건조,맑음,교차로 - 교차로안,자전거,남,17세,상해없음,보행자,여,66세,중상
2019110800100037,2019년 11월 8일 01시,금요일,서울특별시 동작구 신대방동,경상사고,0,0,1,0,차대차 - 기타,중앙선침범,포장 - 건조,맑음,단일로 - 기타,자전거,남,49세,경상,승용,남,28세,상해없음
2019110800100101,2019년 11월 8일 07시,금요일,서울특별시 마포구 신수동,부상신고사고,0,0,0,1,차대차 - 측면충돌,중앙선침범,포장 - 건조,맑음,교차로 - 교차로횡단보도내,자전거,남,15세,부상신고,승용,남,52세,상해없음
2019110800100143,2019년 11월 8일 08시,금요일,서울특별시 강동구 상일동,경상사고,0,0,1,0,차대사람 - 보도통행중,기타,포장 - 건조,맑음,교차로 - 교차로부근,자전거,남,62세,상해없음,보행자,여,68세,경상
2019110800100145,2019년 11월 8일 08시,금요일,서울특별시 구로구 고척동,경상사고,0,0,1,0,차대차 - 추돌,안전거리미확보,포장 - 건조,맑음,단일로 - 기타,자전거,남,29세,경상,승용,남,28세,상해없음
2019110800100206,2019년 11월 8일 09시,금요일,서울특별시 마포구 서교동,경상사고,0,0,1,0,차대차 - 측면충돌,안전운전불이행,포장 - 건조,맑음,교차로 - 교차로안,자전거,여,56세,경상,승용,남,61세,기타불명
2019110800100209,2019년 11월 8일 09시,금요일,서울특별시 관악구 신림동,경상사고,0,0,1,0,차대사람 - 보도통행중,기타,포장 - 건조,맑음,기타 - 기타,자전거,남,54세,상해없음,보행자,여,70세,경상
2019110800100322,2019년 11월 8일 12시,금요일,서울특별시 송파구 잠실동,부상신고사고,0,0,0,1,차대차 - 측면충돌,안전운전불이행,포장 - 건조,맑음,단일로 - 기타,자전거,남,64세,부상신고,자전거,여,24세,상해없음
2019110800100401,2019년 11월 8일 14시,금요일,서울특별시 도봉구 도봉동,경상사고,0,0,1,0,차대차 - 정면충돌,중앙선침범,포장 - 건조,맑음,단일로 - 기타,자전거,남,19세,경상,승용,여,40세,상해없음
2019110800100669,2019년 11월 8일 19시,금요일,서울특별시 동대문구 장안동,경상사고,0,0,1,0,차대차 - 기타,안전운전불이행,포장 - 건조,맑음,단일로 - 기타,자전거,남,13세,경상,화물,남,58세,상해없음
2019110800100672,2019년 11월 8일 19시,금요일,서울특별시 동작구 신대방동,중상사고,0,1,0,0,차대사람 - 횡단중,보행자보호의무위반,포장 - 건조,맑음,기타 - 기타,자전거,여,49세,상해없음,보행자,여,58세,중상
2019110900100086,2019년 11월 9일 04시,토요일,서울특별시 관악구 신림동,경상사고,0,0,1,0,차대차 - 기타,안전운전불이행,포장 - 건조,맑음,교차로 - 교차로부근,자전거,여,51세,경상,승용,남,39세,상해없음
2019110900100126,2019년 11월 9일 07시,토요일,서울특별시 서초구 방배동,경상사고,0,0,1,0,차대차 - 측면충돌,안전운전불이행,포장 - 건조,맑음,교차로 - 교차로안,자전거,남,75세,경상,승용,남,49세,상해없음
2019110900100211,2019년 11월 9일 10시,토요일,서울특별시 관악구 남현동,부상신고사고,0,0,0,1,차대차 - 기타,안전거리미확보,포장 - 건조,맑음,단일로 - 기타,자전거,남,18세,부상신고,승용,남,59세,상해없음
2019110900100300,2019년 11월 9일 12시,토요일,서울특별시 동작구 본동,경상사고,0,0,2,0,차대차 - 기타,안전운전불이행,포장 - 건조,맑음,교차로 - 교차로안,자전거,남,67세,경상,자전거,남,48세,경상
2019110900100342,2019년 11월 9일 13시,토요일,서울특별시 동대문구 용두동,부상신고사고,0,0,0,1,차대차 - 측면충돌,안전운전불이행,포장 - 건조,맑음,교차로 - 교차로안,자전거,남,25세,부상신고,승용,남,52세,상해없음
2019110900100347,2019년 11월 9일 13시,토요일,서울특별시 강남구 자곡동,부상신고사고,0,0,0,1,차대사람 - 기타,안전운전불이행,포장 - 건조,맑음,단일로 - 기타,자전거,남,42세,상해없음,보행자,남,12세,부상신고
2019110900100389,2019년 11월 9일 14시,토요일,서울특별시 노원구 상계동,부상신고사고,0,0,0,1,차대차 - 측면충돌,안전거리미확보,포장 - 건조,맑음,기타 - 기타,자전거,남,56세,상해없음,자전거,남,10세,부상신고
2019110900100560,2019년 11월 9일 18시,토요일,서울특별시 동대문구 용두동,부상신고사고,0,0,0,1,차대차 - 측면충돌,기타,포장 - 건조,맑음,교차로 - 교차로부근,자전거,남,57세,부상신고,승용,남,45세,상해없음
2019111000100102,2019년 11월 10일 06시,일요일,서울특별시 동대문구 휘경동,경상사고,0,0,1,0,차대차 - 기타,안전운전불이행,포장 - 건조,맑음,단일로 - 기타,자전거,남,64세,경상,승용,남,67세,상해없음
2019111000100293,2019년 11월 10일 15시,일요일,서울특별시 송파구 잠실동,중상사고,0,1,0,1,차대차 - 측면충돌,안전운전불이행,포장 - 건조,맑음,단일로 - 기타,자전거,남,11세,부상신고,자전거,남,44세,중상
2019111100100104,2019년 11월 11일 07시,월요일,서울특별시 마포구 동교동,경상사고,0,0,1,0,차대사람 - 기타,안전운전불이행,포장 - 건조,맑음,기타 - 기타,자전거,기타불명,미분류,기타불명,보행자,여,27세,경상
2019111100100470,2019년 11월 11일 16시,월요일,서울특별시 동대문구 이문동,경상사고,0,0,1,0,차대사람 - 기타,안전운전불이행,포장 - 건조,맑음,기타 - 기타,자전거,남,9세,상해없음,보행자,남,78세,경상
2019111100100473,2019년 11월 11일 16시,월요일,서울특별시 송파구 오금동,경상사고,0,0,1,0,차대차 - 기타,안전운전불이행,포장 - 건조,맑음,교차로 - 교차로횡단보도내,자전거,남,74세,경상,승용,남,61세,상해없음
2019111100100516,2019년 11월 11일 17시,월요일,서울특별시 송파구 송파동,중상사고,0,1,0,0,차대차 - 기타,안전운전불이행,포장 - 건조,맑음,단일로 - 기타,자전거,남,60세,상해없음,자전거,여,66세,중상
2019111100100671,2019년 11월 11일 20시,월요일,서울특별시 양천구 목동,부상신고사고,0,0,0,1,차대차 - 기타,안전운전불이행,포장 - 건조,맑음,교차로 - 교차로횡단보도내,자전거,남,10세,부상신고,승용,남,66세,상해없음
2019111200100064,2019년 11월 12일 05시,화요일,서울특별시 영등포구 양평동4가,경상사고,0,0,1,0,차대차 - 측면충돌,기타,포장 - 건조,맑음,교차로 - 교차로안,자전거,남,52세,경상,승용,남,65세,상해없음
2019111200100478,2019년 11월 12일 18시,화요일,서울특별시 영등포구 신길동,경상사고,0,0,1,0,차대차 - 측면충돌,중앙선침범,포장 - 건조,맑음,교차로 - 교차로부근,자전거,여,54세,경상,승용,남,69세,상해없음
2019111200100542,2019년 11월 12일 19시,화요일,서울특별시 양천구 신월동,경상사고,0,0,1,0,차대차 - 측면충돌,직진우회전진행방해,포장 - 건조,맑음,교차로 - 교차로안,자전거,여,66세,경상,승용,남,63세,상해없음
2019111300100064,2019년 11월 13일 05시,수요일,서울특별시 구로구 구로동,중상사고,0,1,0,0,차대차 - 측면충돌,신호위반,포장 - 건조,맑음,교차로 - 교차로안,자전거,남,51세,중상,화물,남,63세,상해없음
2019111300100094,2019년 11월 13일 07시,수요일,서울특별시 동작구 상도1동,경상사고,0,0,1,0,차대차 - 기타,안전운전불이행,포장 - 건조,맑음,단일로 - 기타,자전거,남,69세,경상,승합,남,54세,상해없음
2019111300100185,2019년 11월 13일 10시,수요일,서울특별시 중랑구 면목동,부상신고사고,0,0,0,1,차대차 - 측면충돌,안전운전불이행,포장 - 건조,맑음,교차로 - 교차로부근,자전거,여,64세,부상신고,승용,여,42세,상해없음
2019111300100247,2019년 11월 13일 12시,수요일,서울특별시 관악구 신림동,부상신고사고,0,0,0,1,차대차 - 기타,안전운전불이행,포장 - 건조,맑음,교차로 - 교차로안,자전거,남,24세,부상신고,이륜,남,25세,상해없음
2019111300100337,2019년 11월 13일 15시,수요일,서울특별시 강서구 방화동,중상사고,0,1,0,0,차대차 - 측면충돌,신호위반,포장 - 젖음/습기,비,교차로 - 교차로안,자전거,남,83세,중상,승용,여,42세,상해없음
2019111300100383,2019년 11월 13일 16시,수요일,서울특별시 영등포구 대림동,경상사고,0,0,1,0,차대차 - 측면충돌,안전운전불이행,포장 - 젖음/습기,비,단일로 - 기타,자전거,남,40세,경상,승용,남,41세,상해없음
2019111300100419,2019년 11월 13일 17시,수요일,서울특별시 강서구 공항동,경상사고,0,0,1,0,차대차 - 측면충돌,안전운전불이행,포장 - 젖음/습기,비,교차로 - 교차로안,자전거,남,75세,경상,화물,남,43세,상해없음
2019111300100478,2019년 11월 13일 18시,수요일,서울특별시 강서구 화곡동,경상사고,0,0,1,0,차대차 - 측면충돌,안전운전불이행,포장 - 기타,맑음,교차로 - 교차로부근,자전거,남,57세,경상,승용,여,35세,상해없음
2019111300100669,2019년 11월 13일 21시,수요일,서울특별시 서초구 잠원동,경상사고,0,0,2,0,차대사람 - 기타,안전운전불이행,포장 - 젖음/습기,맑음,기타 - 기타,자전거,남,53세,상해없음,보행자,남,50세,경상
2019111400100027,2019년 11월 14일 00시,목요일,서울특별시 은평구 불광동,경상사고,0,0,1,0,차대사람 - 횡단중,안전운전불이행,포장 - 건조,맑음,교차로 - 교차로횡단보도내,자전거,남,59세,상해없음,보행자,남,31세,경상
2019111400100378,2019년 11월 14일 14시,목요일,서울특별시 송파구 석촌동,중상사고,0,1,0,0,차대차 - 기타,안전운전불이행,포장 - 건조,맑음,교차로 - 교차로안,자전거,남,14세,중상,이륜,남,60세,상해없음
2019111400100459,2019년 11월 14일 16시,목요일,서울특별시 금천구 독산동,경상사고,0,0,3,0,차대차 - 기타,안전거리미확보,포장 - 건조,맑음,단일로 - 기타,자전거,기타불명,미분류,기타불명,승합,남,47세,상해없음
2019111400100580,2019년 11월 14일 18시,목요일,서울특별시 동대문구 장안동,경상사고,0,0,1,0,차대사람 - 기타,안전운전불이행,포장 - 건조,맑음,단일로 - 기타,자전거,남,14세,상해없음,보행자,여,60세,경상
2019111400100585,2019년 11월 14일 18시,목요일,서울특별시 강동구 천호동,중상사고,0,1,0,0,차대사람 - 횡단중,신호위반,포장 - 건조,맑음,교차로 - 교차로횡단보도내,자전거,남,41세,상해없음,보행자,여,81세,중상
2019111500100144,2019년 11월 15일 08시,금요일,서울특별시 노원구 월계동,중상사고,0,1,0,0,차대차 - 기타,안전운전불이행,포장 - 젖음/습기,비,교차로 - 교차로부근,자전거,여,70세,중상,승합,남,35세,상해없음
2019111500100625,2019년 11월 15일 18시,금요일,서울특별시 송파구 잠실동,부상신고사고,0,0,0,1,차대차 - 측면충돌,안전운전불이행,포장 - 건조,맑음,교차로 - 교차로안,자전거,남,72세,부상신고,승용,여,40세,상해없음
2019111600100276,2019년 11월 16일 12시,토요일,서울특별시 노원구 하계동,경상사고,0,0,1,0,차대차 - 측면충돌,안전운전불이행,포장 - 젖음/습기,흐림,교차로 - 교차로횡단보도내,자전거,남,69세,경상,승용,남,38세,상해없음
2019111600100366,2019년 11월 16일 14시,토요일,서울특별시 서초구 염곡동,중상사고,0,1,0,0,차대차 - 측면충돌,불법유턴,포장 - 건조,맑음,단일로 - 기타,자전거,남,80세,중상,승용,여,60세,상해없음
2019111600100367,2019년 11월 16일 14시,토요일,서울특별시 노원구 월계동,부상신고사고,0,0,0,1,차대사람 - 기타,안전운전불이행,포장 - 건조,맑음,단일로 - 교량,자전거,남,64세,상해없음,보행자,남,57세,부상신고
2019111600100487,2019년 11월 16일 17시,토요일,서울특별시 노원구 월계동,경상사고,0,0,1,0,차대사람 - 기타,보행자보호의무위반,포장 - 건조,맑음,단일로 - 기타,자전거,남,38세,상해없음,보행자,여,45세,경상
2019111600100685,2019년 11월 16일 22시,토요일,서울특별시 동대문구 용두동,중상사고,0,1,0,0,차대차 - 측면충돌,안전운전불이행,포장 - 젖음/습기,흐림,단일로 - 기타,자전거,남,45세,중상,이륜,남,68세,기타불명
2019111700100150,2019년 11월 17일 10시,일요일,서울특별시 송파구 삼전동,경상사고,0,0,1,0,차대차 - 측면충돌,안전운전불이행,포장 - 건조,맑음,교차로 - 교차로횡단보도내,자전거,남,57세,경상,승용,남,34세,상해없음
2019111800100132,2019년 11월 18일 08시,월요일,서울특별시 성북구 장위동,중상사고,0,1,0,0,차대사람 - 횡단중,신호위반,포장 - 젖음/습기,흐림,단일로 - 기타,자전거,남,18세,상해없음,보행자,여,67세,중상
2019111800100138,2019년 11월 18일 08시,월요일,서울특별시 은평구 불광동,경상사고,0,0,1,0,차대차 - 정면충돌,안전운전불이행,포장 - 젖음/습기,맑음,단일로 - 기타,자전거,남,46세,경상,승용,남,39세,상해없음
2019111800100226,2019년 11월 18일 10시,월요일,서울특별시 영등포구 신길동,중상사고,0,1,0,0,차대차 - 측면충돌,신호위반,포장 - 건조,맑음,교차로 - 교차로안,자전거,남,82세,중상,화물,남,57세,상해없음
2019111800100257,2019년 11월 18일 11시,월요일,서울특별시 중랑구 면목동,부상신고사고,0,0,0,1,차대차 - 기타,교차로운행방법위반,포장 - 건조,맑음,교차로 - 교차로부근,자전거,여,77세,부상신고,승용,남,72세,상해없음