사고번호,사고일시,요일,시군구,사고내용,사망자수,중상자수,경상자수,부상신고자수,사고유형,법규위반,노면상태,기상상태,도로형태,가해운전자 차종,가해운전자 성별,가해운전자 연령,가해운전자 상해정도,피해운전자 차종,피해운전자 성별,피해운전자 연령,피해운전자 상해정도
2019111800100313,2019년 11월 18일 13시,월요일,서울특별시 동작구 대방동,경상사고,0,0,1,0,차대차 - 기타,불법유턴,포장 - 건조,맑음,교차로 - 교차로횡단보도내,자전거,남,33세,경상,승용,남,52세,상해없음
2019111800100395,2019년 11월 18일 15시,월요일,서울특별시 도봉구 창동,중상사고,0,1,0,0,차대사람 - 기타,안전운전불이행,포장 - 건조,맑음,단일로 - 기타,자전거,남,18세,상해없음,보행자,여,78세,중상
2019111900100190,2019년 11월 19일 09시,화요일,서울특별시 강북구 미아동,중상사고,0,1,0,0,차대사람 - 기타,기타,포장 - 건조,맑음,단일로 - 기타,자전거,여,52세,상해없음,보행자,여,73세,중상
2019111900100321,2019년 11월 19일 12시,화요일,서울특별시 광진구 자양동,중상사고,0,1,0,0,차대차 - 측면충돌,안전운전불이행,포장 - 건조,맑음,단일로 - 기타,자전거,남,54세,중상,승용,남,63세,상해없음
2019111900100511,2019년 11월 19일 17시,화요일,서울특별시 용산구 갈월동,중상사고,0,1,0,0,차대사람 - 횡단중,안전운전불이행,포장 - 건조,맑음,단일로 - 기타,자전거,남,15세,상해없음,보행자,여,35세,중상
2019112000100044,2019년 11월 20일 01시,수요일,서울특별시 성북구 종암동,중상사고,0,1,0,0,차대차 - 측면충돌,기타,포장 - 건조,맑음,교차로 - 교차로안,자전거,남,23세,중상,승용,남,26세,상해없음
2019112000100236,2019년 11월 20일 10시,수요일,서울특별시 서대문구 홍제동,경상사고,0,0,1,0,차대차 - 기타,안전운전불이행,포장 - 건조,맑음,단일로 - 기타,자전거,남,42세,경상,화물,남,64세,상해없음
2019112000100278,2019년 11월 20일 11시,수요일,서울특별시 송파구 석촌동,부상신고사고,0,0,0,1,차대차 - 측면충돌,불법유턴,포장 - 건조,맑음,기타 - 기타,자전거,여,61세,부상신고,승용,남,51세,상해없음
2019112000100312,2019년 11월 20일 12시,수요일,서울특별시 마포구 하중동,부상신고사고,0,0,0,1,차대차 - 측면충돌,안전운전불이행,포장 - 건조,맑음,교차로 - 교차로부근,자전거,남,59세,부상신고,화물,남,28세,상해없음
2019112000100569,2019년 11월 20일 18시,수요일,서울특별시 서대문구 북가좌동,경상사고,0,0,1,0,차대차 - 기타,안전운전불이행,포장 - 건조,맑음,교차로 - 교차로부근,자전거,남,89세,경상,승합,남,67세,상해없음
2019112000100577,2019년 11월 20일 18시,수요일,서울특별시 강서구 내발산동,경상사고,0,0,1,0,차대차 - 측면충돌,안전운전불이행,포장 - 건조,맑음,교차로 - 교차로부근,자전거,남,29세,경상,승용,남,61세,상해없음
2019112100100673,2019년 11월 21일 20시,목요일,서울특별시 강북구 번동,중상사고,0,1,0,0,차대차 - 정면충돌,중앙선침범,포장 - 건조,맑음,단일로 - 기타,자전거,남,48세,중상,화물,남,64세,상해없음
2019112100100730,2019년 11월 21일 22시,목요일,서울특별시 노원구 상계동,경상사고,0,0,1,0,차대사람 - 보도통행중,안전운전불이행,포장 - 건조,맑음,단일로 - 기타,자전거,남,28세,상해없음,보행자,남,39세,경상
2019112200100202,2019년 11월 22일 09시,금요일,서울특별시 강서구 화곡동,부상신고사고,0,0,0,1,차대차 - 측면충돌,안전운전불이행,포장 - 건조,맑음,단일로 - 기타,자전거,남,56세,부상신고,승용,남,46세,상해없음
2019112200100236,2019년 11월 22일 10시,금요일,서울특별시 영등포구 양평동4가,부상신고사고,0,0,0,1,차대사람 - 차도통행중,안전운전불이행,포장 - 건조,맑음,교차로 - 교차로안,자전거,남,64세,상해없음,보행자,여,81세,부상신고
2019112300100363,2019년 11월 23일 14시,토요일,서울특별시 종로구 세종로,중상사고,0,1,0,0,차대사람 - 횡단중,신호위반,포장 - 건조,맑음,교차로 - 교차로횡단보도내,자전거,남,65세,상해없음,보행자,여,63세,중상
2019112300100406,2019년 11월 23일 15시,토요일,서울특별시 금천구 독산동,중상사고,0,1,1,0,차대차 - 기타,안전운전불이행,포장 - 건조,맑음,단일로 - 기타,자전거,남,49세,상해없음,자전거,여,60세,중상
2019112300100440,2019년 11월 23일 16시,토요일,서울특별시 성동구 금호동4가,경상사고,0,0,1,0,차대차 - 기타,안전운전불이행,포장 - 건조,맑음,단일로 - 기타,자전거,남,68세,경상,자전거,남,73세,상해없음
2019112300100443,2019년 11월 23일 16시,토요일,서울특별시 노원구 월계동,경상사고,0,0,1,0,차대사람 - 횡단중,보행자보호의무위반,포장 - 건조,맑음,교차로 - 교차로횡단보도내,자전거,여,55세,상해없음,보행자,여,47세,경상
2019112300100634,2019년 11월 23일 20시,토요일,서울특별시 마포구 망원동,부상신고사고,0,0,0,1,차대사람 - 기타,안전운전불이행,포장 - 건조,맑음,단일로 - 기타,자전거,남,7세,기타불명,보행자,여,23세,부상신고
2019112400100213,2019년 11월 24일 13시,일요일,서울특별시 송파구 장지동,경상사고,0,0,1,0,차대차 - 기타,안전운전불이행,포장 - 건조,맑음,단일로 - 기타,자전거,여,47세,기타불명,자전거,남,15세,경상
2019112500100092,2019년 11월 25일 07시,월요일,서울특별시 동대문구 장안동,경상사고,0,0,1,0,차대차 - 기타,교차로운행방법위반,포장 - 건조,맑음,교차로 - 교차로부근,자전거,남,16세,경상,화물,남,48세,상해없음
2019112500100121,2019년 11월 25일 08시,월요일,서울특별시 영등포구 신길동,경상사고,0,0,1,0,차대사람 - 보도통행중,기타,포장 - 건조,맑음,교차로 - 교차로부근,자전거,남,43세,상해없음,보행자,여,59세,경상
2019112500100245,2019년 11월 25일 11시,월요일,서울특별시 강서구 가양동,중상사고,0,1,0,0,차대차 - 추돌,기타,포장 - 건조,맑음,단일로 - 기타,자전거,남,60세,상해없음,자전거,여,53세,중상
2019112500100433,2019년 11월 25일 17시,월요일,서울특별시 동대문구 용두동,경상사고,0,0,1,0,차대차 - 측면충돌,안전운전불이행,포장 - 건조,맑음,기타 - 기타,자전거,남,74세,경상,승용,남,25세,상해없음
2019112500100693,2019년 11월 25일 23시,월요일,서울특별시 중랑구 상봉동,경상사고,0,0,1,0,차대차 - 측면충돌,중앙선침범,포장 - 건조,맑음,교차로 - 교차로부근,자전거,남,64세,경상,승용,남,68세,상해없음
2019112600100107,2019년 11월 26일 07시,화요일,서울특별시 서대문구 홍제동,부상신고사고,0,0,0,1,차대차 - 측면충돌,안전운전불이행,포장 - 건조,맑음,교차로 - 교차로안,자전거,남,54세,부상신고,승용,남,76세,상해없음
2019112600100241,2019년 11월 26일 11시,화요일,서울특별시 성북구 안암동5가,중상사고,0,1,0,0,차대사람 - 기타,기타,포장 - 건조,맑음,단일로 - 기타,자전거,여,22세,상해없음,보행자,여,85세,중상
2019112600100245,2019년 11월 26일 11시,화요일,서울특별시 관악구 신림동,중상사고,0,1,0,0,차대차 - 측면충돌,안전운전불이행,포장 - 기타,맑음,교차로 - 교차로안,자전거,여,50세,중상,이륜,남,35세,상해없음
2019112600100277,2019년 11월 26일 12시,화요일,서울특별시 구로구 고척동,경상사고,0,0,1,0,차대차 - 측면충돌,안전운전불이행,포장 - 건조,맑음,단일로 - 기타,자전거,남,77세,경상,승용,남,42세,상해없음
2019112700100191,2019년 11월 27일 10시,수요일,서울특별시 은평구 역촌동,경상사고,0,0,1,0,차대차 - 측면충돌,교차로운행방법위반,포장 - 건조,맑음,교차로 - 교차로횡단보도내,자전거,남,68세,경상,승용,여,63세,상해없음
2019112700100220,2019년 11월 27일 11시,수요일,서울특별시 영등포구 문래동2가,경상사고,0,0,1,0,차대차 - 기타,안전운전불이행,포장 - 건조,맑음,교차로 - 교차로안,자전거,남,74세,경상,화물,남,61세,상해없음
2019112700100363,2019년 11월 27일 15시,수요일,서울특별시 중구 봉래동2가,경상사고,0,0,1,0,차대사람 - 기타,신호위반,포장 - 건조,맑음,단일로 - 기타,자전거,남,61세,상해없음,보행자,여,73세,경상
2019112700100556,2019년 11월 27일 19시,수요일,서울특별시 양천구 신정동,경상사고,0,0,1,0,차대차 - 기타,안전운전불이행,포장 - 건조,맑음,기타 - 기타,자전거,남,7세,상해없음,승용,여,36세,경상
2019112700100604,2019년 11월 27일 20시,수요일,서울특별시 은평구 갈현동,부상신고사고,0,0,0,1,차대차 - 추돌,안전운전불이행,포장 - 건조,맑음,단일로 - 기타,자전거,남,23세,부상신고,승합,남,48세,상해없음
2019112800100401,2019년 11월 28일 16시,목요일,서울특별시 서초구 반포동,중상사고,0,1,0,0,차대사람 - 차도통행중,안전운전불이행,포장 - 건조,맑음,단일로 - 지하차도(도로)내,자전거,남,14세,상해없음,보행자,여,70세,중상
2019112800100666,2019년 11월 28일 22시,목요일,서울특별시 광진구 자양동,경상사고,0,0,1,0,차대차 - 기타,안전운전불이행,포장 - 기타,맑음,기타 - 기타,자전거,남,28세,상해없음,이륜,남,21세,경상
2019112900100222,2019년 11월 29일 10시,금요일,서울특별시 관악구 신림동,경상사고,0,0,1,0,차대차 - 기타,안전운전불이행,포장 - 건조,맑음,교차로 - 교차로부근,자전거,남,77세,경상,화물,남,33세,상해없음
2019112900100418,2019년 11월 29일 15시,금요일,서울특별시 강동구 둔촌동,중상사고,0,1,0,0,차대사람 - 보도통행중,기타,포장 - 건조,맑음,기타 - 기타,자전거,남,14세,상해없음,보행자,여,68세,중상
2019112900100713,2019년 11월 29일 20시,금요일,서울특별시 성북구 동선동1가,경상사고,0,0,1,0,차대사람 - 횡단중,신호위반,포장 - 건조,맑음,단일로 - 기타,자전거,남,45세,상해없음,보행자,여,63세,경상
2019112900100716,2019년 11월 29일 20시,금요일,서울특별시 구로구 천왕동,중상사고,0,1,0,0,차대차 - 기타,안전운전불이행,포장 - 건조,맑음,단일로 - 기타,자전거,여,62세,중상,승용,남,55세,상해없음
2019113000100181,2019년 11월 30일 09시,토요일,서울특별시 강동구 성내동,중상사고,0,1,0,0,차대사람 - 기타,안전운전불이행,포장 - 건조,흐림,단일로 - 기타,자전거,여,36세,상해없음,보행자,여,55세,중상
2019113000100250,2019년 11월 30일 11시,토요일,서울특별시 도봉구 창동,경상사고,0,0,1,0,차대차 - 기타,기타,포장 - 건조,맑음,단일로 - 기타,자전거,남,54세,경상,승용,남,46세,기타불명
2019113000100401,2019년 11월 30일 15시,토요일,서울특별시 은평구 불광동,경상사고,0,0,1,0,차대차 - 기타,안전운전불이행,포장 - 건조,맑음,단일로 - 기타,자전거,남,84세,경상,승합,남,46세,상해없음
2019120200100409,2019년 12월 2일 17시,월요일,서울특별시 서대문구 신촌동,경상사고,0,0,1,0,차대차 - 측면충돌,안전운전불이행,포장 - 건조,흐림,기타 - 기타,자전거,남,24세,경상,승용,남,40세,상해없음
2019120300100204,2019년 12월 3일 10시,화요일,서울특별시 동대문구 휘경동,부상신고사고,0,0,0,1,차대차 - 측면충돌,안전운전불이행,포장 - 건조,맑음,단일로 - 기타,자전거,남,57세,부상신고,승용,남,76세,상해없음
2019120300100205,2019년 12월 3일 10시,화요일,서울특별시 강동구 천호동,경상사고,0,0,1,0,차대차 - 기타,안전운전불이행,포장 - 건조,맑음,단일로 - 기타,자전거,남,72세,경상,승용,남,43세,상해없음
2019120300100372,2019년 12월 3일 15시,화요일,서울특별시 광진구 자양동,경상사고,0,0,1,0,차대사람 - 기타,안전운전불이행,포장 - 건조,맑음,단일로 - 기타,자전거,남,9세,기타불명,보행자,남,57세,경상
2019120400100234,2019년 12월 4일 09시,수요일,서울특별시 마포구 노고산동,경상사고,0,0,1,0,차대차 - 측면충돌,안전거리미확보,포장 - 건조,맑음,단일로 - 기타,자전거,여,25세,경상,승용,남,66세,상해없음
2019120400100315,2019년 12월 4일 11시,수요일,서울특별시 마포구 상암동,중상사고,0,1,0,0,차량단독 - 기타,안전운전불이행,포장 - 건조,맑음,단일로 - 기타,자전거,남,76세,중상,,,,
2019120400100619,2019년 12월 4일 19시,수요일,서울특별시 동대문구 청량리동,중상사고,0,1,0,0,차대사람 - 횡단중,안전운전불이행,포장 - 건조,맑음,교차로 - 교차로부근,자전거,남,22세,상해없음,보행자,여,51세,중상
2019120500100238,2019년 12월 5일 11시,목요일,서울특별시 구로구 구로동,중상사고,0,1,0,0,차대차 - 측면충돌,불법유턴,포장 - 건조,맑음,교차로 - 교차로부근,자전거,여,60세,중상,승용,남,66세,상해없음
2019120500100328,2019년 12월 5일 14시,목요일,서울특별시 영등포구 대림동,부상신고사고,0,0,0,1,차대차 - 기타,안전운전불이행,포장 - 건조,맑음,교차로 - 교차로부근,자전거,남,62세,부상신고,승용,남,41세,상해없음
2019120500100370,2019년 12월 5일 15시,목요일,서울특별시 송파구 잠실동,부상신고사고,0,0,0,1,차대차 - 기타,중앙선침범,포장 - 건조,맑음,단일로 - 기타,자전거,남,78세,부상신고,승용,남,23세,상해없음
2019120600100058,2019년 12월 6일 04시,금요일,서울특별시 영등포구 영등포동4가,경상사고,0,0,1,0,차대차 - 측면충돌,기타,포장 - 건조,맑음,단일로 - 기타,자전거,남,64세,경상,승용,남,60세,상해없음
2019120600100636,2019년 12월 6일 20시,금요일,서울특별시 노원구 중계동,경상사고,0,0,1,0,차대차 - 측면충돌,안전운전불이행,포장 - 건조,맑음,교차로 - 교차로안,자전거,남,11세,경상,승용,남,53세,상해없음
2019120700100024,2019년 12월 7일 00시,토요일,서울특별시 동작구 신대방동,부상신고사고,0,0,0,1,차대차 - 측면충돌,안전운전불이행,포장 - 건조,맑음,단일로 - 기타,자전거,남,30세,부상신고,승용,남,65세,상해없음
2019120700100062,2019년 12월 7일 02시,토요일,서울특별시 영등포구 대림동,경상사고,0,0,1,0,차대차 - 기타,신호위반,포장 - 건조,맑음,교차로 - 교차로안,자전거,남,62세,경상,승용,남,70세,상해없음
2019120900100031,2019년 12월 9일 00시,월요일,서울특별시 동대문구 제기동,경상사고,0,0,1,0,차대차 - 측면충돌,안전운전불이행,포장 - 건조,맑음,교차로 - 교차로횡단보도내,자전거,여,63세,경상,승용,남,30세,상해없음
2019120900100230,2019년 12월 9일 11시,월요일,서울특별시 성동구 용답동,경상사고,0,0,1,0,차대사람 - 보도통행중,신호위반,포장 - 건조,맑음,단일로 - 기타,자전거,남,54세,상해없음,보행자,여,44세,경상
2019120900100329,2019년 12월 9일 14시,월요일,서울특별시 강북구 미아동,경상사고,0,0,1,0,차대차 - 측면충돌,안전운전불이행,포장 - 건조,흐림,단일로 - 기타,자전거,남,12세,경상,화물,남,31세,상해없음
2019121000100148,2019년 12월 10일 08시,화요일,서울특별시 동대문구 장안동,부상신고사고,0,0,0,1,차대차 - 기타,안전운전불이행,포장 - 건조,맑음,단일로 - 기타,자전거,여,54세,부상신고,승용,남,50세,상해없음
2019121000100151,2019년 12월 10일 08시,화요일,서울특별시 성동구 송정동,경상사고,0,0,1,0,차대차 - 기타,안전운전불이행,포장 - 건조,맑음,단일로 - 기타,자전거,여,32세,경상,승용,여,36세,상해없음
2019121000100250,2019년 12월 10일 11시,화요일,서울특별시 송파구 가락동,경상사고,0,0,1,0,차대차 - 측면충돌,안전운전불이행,포장 - 젖음/습기,흐림,단일로 - 기타,자전거,남,65세,경상,화물,남,51세,상해없음
2019121200100057,2019년 12월 12일 02시,목요일,서울특별시 성북구 종암동,부상신고사고,0,0,0,1,차대차 - 기타,안전운전불이행,포장 - 건조,맑음,교차로 - 교차로부근,자전거,남,53세,부상신고,승합,여,52세,상해없음
2019121300100082,2019년 12월 13일 05시,금요일,서울특별시 강북구 번동,경상사고,0,0,1,0,차대차 - 측면충돌,신호위반,포장 - 건조,맑음,교차로 - 교차로부근,자전거,남,73세,상해없음,이륜,남,17세,경상
2019121300100134,2019년 12월 13일 08시,금요일,서울특별시 강서구 등촌동,경상사고,0,0,1,0,차대차 - 기타,안전거리미확보,포장 - 건조,맑음,단일로 - 기타,자전거,남,42세,경상,승용,여,22세,상해없음
2019121300100410,2019년 12월 13일 16시,금요일,서울특별시 서초구 방배동,중상사고,0,1,0,0,차대차 - 측면충돌,교차로운행방법위반,포장 - 건조,맑음,교차로 - 교차로안,자전거,여,71세,중상,원동기,남,63세,상해없음
2019121300100531,2019년 12월 13일 18시,금요일,서울특별시 노원구 상계동,경상사고,0,0,1,0,차대차 - 기타,안전운전불이행,포장 - 건조,맑음,교차로 - 교차로안,자전거,남,58세,경상,이륜,남,25세,상해없음
2019121400100459,2019년 12월 14일 15시,토요일,서울특별시 성동구 행당동,중상사고,0,1,0,0,차대사람 - 기타,안전운전불이행,포장 - 건조,맑음,교차로 - 교차로안,자전거,남,12세,상해없음,보행자,여,69세,중상
2019121400100463,2019년 12월 14일 15시,토요일,서울특별시 강남구 대치동,부상신고사고,0,0,0,1,차대차 - 정면충돌,중앙선침범,포장 - 건조,맑음,기타 - 기타,자전거,남,11세,상해없음,자전거,여,66세,부상신고
2019121400100537,2019년 12월 14일 17시,토요일,서울특별시 강서구 방화동,중상사고,0,1,0,0,차대차 - 기타,안전운전불이행,포장 - 건조,맑음,교차로 - 교차로부근,자전거,남,50세,중상,화물,남,55세,상해없음
2019121500100172,2019년 12월 15일 10시,일요일,서울특별시 송파구 잠실동,부상신고사고,0,0,0,1,차대차 - 추돌,안전운전불이행,포장 - 건조,맑음,단일로 - 기타,자전거,남,41세,부상신고,승용,남,38세,상해없음
2019121600100572,2019년 12월 16일 19시,월요일,서울특별시 영등포구 영등포동2가,중상사고,0,1,0,0,차대차 - 측면충돌,안전운전불이행,포장 - 건조,맑음,교차로 - 교차로안,자전거,남,61세,중상,승용,남,60세,상해없음
2019121700100031,2019년 12월 17일 02시,화요일,서울특별시 중구 흥인동,경상사고,0,0,1,0,차대차 - 측면충돌,안전운전불이행,포장 - 건조,맑음,단일로 - 기타,자전거,여,24세,상해없음,이륜,남,43세,경상
2019121700100035,2019년 12월 17일 02시,화요일,서울특별시 관악구 봉천동,사망사고,1,0,0,0,차대차 - 측면충돌,중앙선침범,포장 - 젖음/습기,흐림,단일로 - 기타,자전거,남,50세,사망,승용,남,67세,상해없음
2019121700100227,2019년 12월 17일 11시,화요일,서울특별시 구로구 구로동,경상사고,0,0,1,0,차대사람 - 보도통행중,기타,포장 - 젖음/습기,비,기타 - 기타,자전거,남,68세,기타불명,보행자,남,59세,경상
2019121700100283,2019년 12월 17일 13시,화요일,서울특별시 양천구 신정동,경상사고,0,0,1,0,차대사람 - 보도통행중,기타,포장 - 건조,맑음,단일로 - 기타,자전거,남,69세,상해없음,보행자,여,60세,경상
2019121900100128,2019년 12월 19일 08시,목요일,서울특별시 금천구 시흥동,경상사고,0,0,1,0,차대차 - 기타,기타,포장 - 건조,맑음,단일로 - 기타,자전거,남,21세,경상,승용,남,54세,상해없음
2019121900100337,2019년 12월 19일 14시,목요일,서울특별시 강서구 방화동,중상사고,0,1,0,0,차대차 - 기타,안전운전불이행,포장 - 건조,맑음,단일로 - 기타,자전거,남,12세,중상,승용,여,32세,상해없음
2019122000100267,2019년 12월 20일 13시,금요일,서울특별시 성동구 사근동,경상사고,0,0,1,0,차대사람 - 횡단중,안전운전불이행,포장 - 건조,맑음,단일로 - 기타,자전거,남,78세,경상,보행자,남,21세,상해없음
2019122000100308,2019년 12월 20일 14시,금요일,서울특별시 서대문구 북가좌동,부상신고사고,0,0,0,1,차대차 - 측면충돌,안전운전불이행,포장 - 건조,맑음,단일로 - 기타,자전거,남,76세,부상신고,승용,여,71세,상해없음
2019122000100500,2019년 12월 20일 18시,금요일,서울특별시 금천구 가산동,경상사고,0,0,3,0,차대차 - 기타,불법유턴,포장 - 건조,맑음,교차로 - 교차로부근,자전거,남,59세,경상,승용,남,67세,상해없음
2019122100100215,2019년 12월 21일 11시,토요일,서울특별시 광진구 구의동,경상사고,0,0,1,0,차대차 - 기타,안전운전불이행,포장 - 건조,맑음,단일로 - 기타,자전거,남,61세,경상,승합,남,59세,상해없음
2019122100100544,2019년 12월 21일 20시,토요일,서울특별시 송파구 삼전동,부상신고사고,0,0,0,2,차대사람 - 기타,안전운전불이행,포장 - 건조,맑음,교차로 - 교차로안,자전거,남,58세,부상신고,보행자,남,27세,부상신고
2019122200100032,2019년 12월 22일 00시,일요일,서울특별시 서대문구 영천동,부상신고사고,0,0,0,1,차대차 - 측면충돌,기타,포장 - 건조,맑음,교차로 - 교차로안,자전거,남,24세,부상신고,승용,남,54세,상해없음
2019122200100157,2019년 12월 22일 09시,일요일,서울특별시 송파구 잠실동,중상사고,0,1,3,0,차대차 - 기타,안전운전불이행,포장 - 건조,맑음,단일로 - 기타,자전거,남,68세,중상,자전거,남,16세,경상
2019122200100251,2019년 12월 22일 14시,일요일,서울특별시 용산구 후암동,중상사고,0,1,0,0,차대사람 - 횡단중,안전운전불이행,포장 - 건조,맑음,기타 - 기타,자전거,남,15세,상해없음,보행자,여,63세,중상
2019122200100253,2019년 12월 22일 14시,일요일,서울특별시 마포구 성산동,경상사고,0,0,1,0,차대차 - 측면충돌,기타,포장 - 건조,맑음,단일로 - 기타,자전거,여,54세,상해없음,자전거,남,48세,경상
2019122300100078,2019년 12월 23일 06시,월요일,서울특별시 중랑구 면목동,경상사고,0,0,1,0,차대차 - 정면충돌,안전운전불이행,포장 - 건조,맑음,교차로 - 교차로안,자전거,남,56세,경상,화물,남,61세,기타불명
2019122300100117,2019년 12월 23일 08시,월요일,서울특별시 중구 쌍림동,부상신고사고,0,0,0,1,차대차 - 기타,안전운전불이행,포장 - 건조,맑음,단일로 - 기타,자전거,여,10세,부상신고,화물,남,64세,상해없음
2019122300100121,2019년 12월 23일 08시,월요일,서울특별시 구로구 구로동,경상사고,0,0,1,0,차대사람 - 보도통행중,기타,포장 - 젖음/습기,흐림,기타 - 기타,자전거,남,40세,상해없음,보행자,남,36세,경상
2019122300100164,2019년 12월 23일 09시,월요일,서울특별시 영등포구 대림동,중상사고,0,1,0,0,차대차 - 측면충돌,안전운전불이행,포장 - 건조,맑음,교차로 - 교차로횡단보도내,자전거,여,75세,중상,승용,여,39세,상해없음
2019122300100287,2019년 12월 23일 13시,월요일,서울특별시 서대문구 홍제동,부상신고사고,0,0,0,1,차대차 - 기타,불법유턴,포장 - 건조,맑음,단일로 - 기타,자전거,남,74세,부상신고,승용,여,54세,상해없음
2019122300100357,2019년 12월 23일 15시,월요일,서울특별시 영등포구 영등포동3가,부상신고사고,0,0,0,1,차대차 - 측면충돌,안전운전불이행,포장 - 건조,맑음,단일로 - 기타,자전거,남,64세,부상신고,승용,남,56세,상해없음
2019122400100182,2019년 12월 24일 09시,화요일,서울특별시 강북구 수유동,경상사고,0,0,1,0,차대차 - 측면충돌,신호위반,포장 - 건조,맑음,교차로 - 교차로안,자전거,남,65세,경상,승합,남,67세,상해없음
2019122500100112,2019년 12월 25일 09시,수요일,서울특별시 강서구 개화동,경상사고,0,0,1,0,차대차 - 기타,안전운전불이행,포장 - 건조,맑음,교차로 - 교차로안,자전거,남,23세,경상,승용,남,33세,상해없음
2019122500100157,2019년 12월 25일 12시,수요일,서울특별시 영등포구 영등포동4가,경상사고,0,0,1,0,차대차 - 측면충돌,안전운전불이행,포장 - 건조,맑음,단일로 - 기타,자전거,남,21세,경상,승용,남,46세,상해없음
2019122500100391,2019년 12월 25일 20시,수요일,서울특별시 송파구 석촌동,부상신고사고,0,0,0,1,차대차 - 기타,안전운전불이행,포장 - 건조,흐림,교차로 - 교차로부근,자전거,남,40세,부상신고,기타불명,기타불명,미분류,기타불명
2019122500100421,2019년 12월 25일 21시,수요일,서울특별시 영등포구 신길동,경상사고,0,0,1,0,차대차 - 측면충돌,안전운전불이행,포장 - 건조,맑음,단일로 - 기타,자전거,남,43세,경상,승용,남,55세,상해없음
2019122600100136,2019년 12월 26일 09시,목요일,서울특별시 마포구 성산동,부상신고사고,0,0,0,1,차대차 - 측면충돌,중앙선침범,포장 - 젖음/습기,비,단일로 - 기타,자전거,여,62세,부상신고,승용,남,75세,상해없음
2019122600100167,2019년 12월 26일 10시,목요일,서울특별시 송파구 오금동,경상사고,0,0,1,0,차대차 - 측면충돌,안전운전불이행,포장 - 건조,맑음,교차로 - 교차로안,자전거,남,32세,경상,화물,남,59세,상해없음
2019122600100195,2019년 12월 26일 11시,목요일,서울특별시 서대문구 창천동,부상신고사고,0,0,0,1,차량단독 - 기타,안전운전불이행,포장 - 건조,맑음,교차로 - 교차로부근,자전거,남,23세,부상신고,,,,
2019122600100436,2019년 12월 26일 18시,목요일,서울특별시 강북구 수유동,경상사고,0,0,1,0,차대차 - 측면충돌,기타,포장 - 건조,맑음,단일로 - 기타,자전거,남,48세,경상,승용,남,72세,상해없음
2019122600100437,2019년 12월 26일 18시,목요일,서울특별시 동대문구 전농동,경상사고,0,0,1,0,차대차 - 기타,직진우회전진행방해,포장 - 건조,흐림,교차로 - 교차로안,자전거,남,14세,경상,승용,남,59세,상해없음
2019122600100535,2019년 12월 26일 20시,목요일,서울특별시 송파구 잠실동,경상사고,0,0,1,0,차대사람 - 기타,안전운전불이행,포장 - 건조,맑음,단일로 - 기타,자전거,남,33세,상해없음,보행자,여,54세,경상
2019122700100188,2019년 12월 27일 10시,금요일,서울특별시 송파구 석촌동,중상사고,0,1,0,0,차대사람 - 보도통행중,안전운전불이행,포장 - 건조,맑음,기타 - 기타,자전거,기타불명,미분류,기타불명,보행자,여,77세,중상
2019122700100244,2019년 12월 27일 12시,금요일,서울특별시 노원구 중계동,부상신고사고,0,0,0,1,차대차 - 측면충돌,불법유턴,포장 - 건조,맑음,교차로 - 교차로안,자전거,여,60세,부상신고,승용,남,61세,상해없음
2019122700100385,2019년 12월 27일 16시,금요일,서울특별시 광진구 광장동,경상사고,0,0,1,0,차대사람 - 보도통행중,안전운전불이행,포장 - 건조,맑음,단일로 - 기타,자전거,남,82세,상해없음,보행자,남,8세,경상
2019122700100601,2019년 12월 27일 21시,금요일,서울특별시 송파구 삼전동,경상사고,0,0,1,0,차대사람 - 기타,안전운전불이행,포장 - 건조,맑음,교차로 - 교차로안,자전거,남,76세,상해없음,보행자,남,68세,경상
2019123000100127,2019년 12월 30일 09시,월요일,서울특별시 동대문구 전농동,중상사고,0,1,0,0,차대차 - 측면충돌,안전운전불이행,포장 - 건조,맑음,단일로 - 기타,자전거,남,77세,중상,화물,남,54세,상해없음
2019123000100128,2019년 12월 30일 09시,월요일,서울특별시 송파구 마천동,경상사고,0,0,1,0,차대차 - 측면충돌,중앙선침범,포장 - 건조,맑음,교차로 - 교차로안,자전거,남,64세,경상,승용,남,50세,상해없음
2019123000100376,2019년 12월 30일 17시,월요일,서울특별시 도봉구 창동,경상사고,0,0,1,0,차대사람 - 횡단중,신호위반,포장 - 건조,맑음,교차로 - 교차로횡단보도내,자전거,남,29세,상해없음,보행자,여,71세,경상
2019123000100558,2019년 12월 30일 21시,월요일,서울특별시 강북구 수유동,경상사고,0,0,1,0,차대사람 - 보도통행중,기타,포장 - 건조,흐림,단일로 - 기타,자전거,남,38세,상해없음,보행자,남,44세,경상
2019123100100085,2019년 12월 31일 06시,화요일,서울특별시 영등포구 신길동,중상사고,0,1,0,1,차대차 - 측면충돌,안전거리미확보,포장 - 건조,맑음,단일로 - 기타,자전거,남,70세,중상,승용,남,61세,부상신고
2019123100100355,2019년 12월 31일 16시,화요일,서울특별시 광진구 구의동,경상사고,0,0,1,0,차대차 - 측면충돌,신호위반,포장 - 건조,맑음,교차로 - 교차로안,자전거,여,70세,경상,승용,남,73세,상해없음